"id","doi","year","type","title","source","source_type","first_author","n_authors","countries","cited_by","primary_topic","field","domain","has_abstract","decision_terms"
"W2885770726","10.3390/s18082674","2018","article","Machine Learning in Agriculture: A Review","Sensors","journal","Konstantinos G. Liakos","5","GR;IT;GB","3358","Smart Agriculture and AI","Agricultural and Biological Sciences","Life Sciences","1","1"
"W3093525173","10.1016/j.jclepro.2020.124731","2020","article","Blockchain technology adoption, architecture, and sustainable agri-food supply chains","Journal of Cleaner Production","journal","Samant Saurabh","2","IN","487","Blockchain Technology Applications and Security","Computer Science","Physical Sciences","0","0"
"W3007397514","10.1016/j.cor.2020.104926","2020","review","A systematic literature review on machine learning applications for sustainable agriculture supply chain performance","Computers & Operations Research","journal","Rohit Sharma","5","IN;US;GB","773","Smart Agriculture and AI","Agricultural and Biological Sciences","Life Sciences","0","0"
"W3184144688","10.1080/00207543.2021.1959665","2021","article","Critical success factors influencing artificial intelligence adoption in food supply chains","International Journal of Production Research","journal","Manoj Kumar Dora","5","GB;IN","292","Food Supply Chain Traceability","Agricultural and Biological Sciences","Life Sciences","1","0"
"W4377020544","10.3390/agronomy13051397","2023","article","Artificial Intelligence: Implications for the Agri-Food Sector","Agronomy","journal","Akriti Taneja","13","IN;HR;ES;TH","215","Smart Agriculture and AI","Agricultural and Biological Sciences","Life Sciences","1","1"
"W4307486628","10.1016/j.aac.2022.10.001","2022","article","Understanding the potential applications of Artificial Intelligence in Agriculture Sector","Advanced Agrochem","journal","Mohd Javaid","4","IN;US","864","Smart Agriculture and AI","Agricultural and Biological Sciences","Life Sciences","1","1"
"W3034465384","10.3390/su12124851","2020","article","Artificial Intelligence in the Agri-Food System: Rethinking Sustainable Business Models in the COVID-19 Scenario","Sustainability","journal","Assunta Di Vaio","4","IT","295","AI in Service Interactions","Computer Science","Physical Sciences","1","1"
"W3032628389","10.1109/jiot.2020.2998584","2020","article","IoT, Big Data, and Artificial Intelligence in Agriculture and Food Industry","IEEE Internet of Things Journal","journal","N.N. Misra","6","NZ;CA;US;IN","893","Smart Agriculture and AI","Agricultural and Biological Sciences","Life Sciences","1","0"
"W2901327963","10.1016/j.spc.2018.11.007","2018","article","A hybrid decision support system for analyzing challenges of the agricultural supply chain","Sustainable Production and Consumption","journal","Bhaskar B. Gardas","4","IN;CH","129","Food Waste Reduction and Sustainability","Agricultural and Biological Sciences","Life Sciences","0","1"
"W4392454956","10.1016/j.foodchem.2024.138945","2024","article","Recent advances in artificial intelligence towards the sustainable future of agri-food industry","Food Chemistry","journal","Pinku Chandra Nath","12","IN;KR;TW","142","Smart Agriculture and AI","Agricultural and Biological Sciences","Life Sciences","0","0"
"W4390086847","10.1016/j.techfore.2023.123149","2023","article","Assessing the influence of artificial intelligence on agri-food supply chain performance: the mediating effect of distribution network efficiency","Technological Forecasting and Social Change","journal","El Mehdi El Bhilat","3","MA","81","Food Waste Reduction and Sustainability","Agricultural and Biological Sciences","Life Sciences","0","0"
"W2974140502","10.1111/1541-4337.12492","2019","article","Application of Deep Learning in Food: A Review","Comprehensive Reviews in Food Science and Food Safety","journal","Lei Zhou","5","CN","569","Advanced Chemical Sensor Technologies","Engineering","Physical Sciences","1","0"
"W4313597799","10.1016/j.jafr.2023.100502","2023","article","Artificial intelligence applications in the agrifood sectors","Journal of Agriculture and Food Research","journal","Innocent Kutyauripo","3","ZW","146","Food Waste Reduction and Sustainability","Agricultural and Biological Sciences","Life Sciences","1","1"
"W3172242543","10.1108/ijlm-01-2021-0002","2021","article","Are artificial intelligence and machine learning suitable to tackle the COVID-19 impacts? An agriculture supply chain perspective","The International Journal of Logistics Management","journal","Kirti Nayal","5","IN;BR","90","Supply Chain Resilience and Risk Management","Business, Management and Accounting","Social Sciences","1","1"
"W4200431721","10.1108/jadee-07-2020-0140","2021","article","Artificial intelligence in agricultural value chain: review and future directions","Journal of Agribusiness in Developing and Emerging Economies","journal","Chandirasekaran Ganeshkumar","4","IN","105","Smart Agriculture and AI","Agricultural and Biological Sciences","Life Sciences","1","1"
"W3178853696","10.1108/ijlm-12-2020-0493","2021","article","Exploring the role of artificial intelligence in managing agricultural supply chain risk to counter the impacts of the COVID-19 pandemic","The International Journal of Logistics Management","journal","Kirti Nayal","6","IN;TR","163","Supply Chain Resilience and Risk Management","Business, Management and Accounting","Social Sciences","1","1"
"W4292840765","10.1016/j.aiia.2022.08.002","2022","article","Examining the interplay between artificial intelligence and the agri-food industry","Artificial Intelligence in Agriculture","journal","Abderahman Rejeb","5","IT;TN;MY;GB","117","Smart Agriculture and AI","Agricultural and Biological Sciences","Life Sciences","1","0"
"W2753445311","10.1080/00207543.2017.1367106","2017","article","A reliable decision support system for fresh food supply chain management","International Journal of Production Research","journal","Gabriella Dellino","5","IT","82","Forecasting Techniques and Applications","Decision Sciences","Social Sciences","1","1"
"W4294794016","10.1007/s12393-022-09322-2","2022","article","Advances in Machine Learning and Hyperspectral Imaging in the Food Supply Chain","Food Engineering Reviews","journal","Zhilong Kang","6","CN","102","Spectroscopy and Chemometric Analyses","Chemistry","Physical Sciences","0","0"
"W2886169738","10.3390/ijerph15081627","2018","article","Credit Evaluation System Based on Blockchain for Multiple Stakeholders in the Food Supply Chain","International Journal of Environmental Research and Public Health","journal","Dianhui Mao","4","CN","260","Blockchain Technology Applications and Security","Computer Science","Physical Sciences","1","1"
"W4415678427","10.1016/j.foodpol.2025.102983","2025","review","A systematic review on the impact of Artificial Intelligence in the agri-food supply chain","Food Policy","journal","Matilde Reitano","3","IT;US;KR","34","Food Waste Reduction and Sustainability","Agricultural and Biological Sciences","Life Sciences","1","1"
"W2797368616","10.1016/j.compag.2018.04.001","2018","article","AgroDSS: A decision support system for agriculture and farming","Computers and Electronics in Agriculture","journal","Rok Rupnik","6","SI","255","Smart Agriculture and AI","Agricultural and Biological Sciences","Life Sciences","0","1"
"W3159526010","10.1155/2021/5584754","2021","article","Artificial Intelligence to Improve the Food and Agriculture Sector","Journal of Food Quality","journal","Rayda Ben Ayed","2","TN","311","Smart Agriculture and AI","Agricultural and Biological Sciences","Life Sciences","1","1"
"W4404141860","10.3390/electronics13224362","2024","article","Artificial Intelligence Tools for the Agriculture Value Chain: Status and Prospects","Electronics","journal","Fotis Assimakopoulos","5","GR","71","Smart Agriculture and AI","Agricultural and Biological Sciences","Life Sciences","1","1"
"W3024956434","10.3390/app10103443","2020","article","A Review of Convolutional Neural Network Applied to Fruit Image Processing","Applied Sciences","journal","José Naranjo-Torres","6","CL","407","Smart Agriculture and AI","Agricultural and Biological Sciences","Life Sciences","1","0"
"W3045506407","10.1080/09537287.2021.1882688","2021","article","Artificial intelligence and food security: swarm intelligence of AgriTech drones for smart AgriFood operations","Production Planning & Control","journal","Konstantina Spanaki","5","GB;GR","159","Blockchain Technology Applications and Security","Computer Science","Physical Sciences","1","0"
"W4313419185","10.1016/j.techfore.2022.122222","2022","article","The digital and sustainable transition of the agri-food sector","Technological Forecasting and Social Change","journal","Stefano Abbate","3","IT","201","Food Waste Reduction and Sustainability","Agricultural and Biological Sciences","Life Sciences","0","0"
"W4312708943","10.1109/access.2022.3232485","2022","review","Artificial Intelligence Technology in the Agricultural Sector: A Systematic Literature Review","IEEE Access","journal","Ersin Elbaşı","11","KW","283","Smart Agriculture and AI","Agricultural and Biological Sciences","Life Sciences","1","1"
"W4386458314","10.1007/s10479-023-05556-3","2023","article","Application of machine learning and artificial intelligence on agriculture supply chain: a comprehensive review and future research directions","Annals of Operations Research","journal","Sneha Kumari","6","IN;FR;AU;CN","36","Smart Agriculture and AI","Agricultural and Biological Sciences","Life Sciences","0","0"
"W4394931884","10.3390/app14083421","2024","article","Enhancing Food Integrity through Artificial Intelligence and Machine Learning: A Comprehensive Review","Applied Sciences","journal","Sefater Gbashi","2","ZA","103","Food Waste Reduction and Sustainability","Agricultural and Biological Sciences","Life Sciences","1","1"
"W3166456788","10.3390/su13126812","2021","article","Analyzing Barriers of Circular Food Supply Chains and Proposing Industry 4.0 Solutions","Sustainability","journal","Nesrin Ada","6","TR;IN;RU","154","Sustainable Supply Chain Management","Business, Management and Accounting","Social Sciences","1","1"
"W4408182242","10.1016/j.jafr.2025.101787","2025","article","The role of generative artificial intelligence in digital agri-food","Journal of Agriculture and Food Research","journal","Sakib Shahriar","5","CA","50","Smart Agriculture and AI","Agricultural and Biological Sciences","Life Sciences","1","1"
"W4283275376","10.1007/s10479-022-04785-2","2022","article","Artificial intelligence and blockchain implementation in supply chains: a pathway to sustainability and data monetisation?","Annals of Operations Research","journal","Naoum Tsolakis","4","GB;GR","327","Blockchain Technology Applications and Security","Computer Science","Physical Sciences","1","1"
"W4363650938","10.3390/su15086377","2023","article","Challenges Facing Artificial Intelligence Adoption during COVID-19 Pandemic: An Investigation into the Agriculture and Agri-Food Supply Chain in India","Sustainability","journal","Debesh Mishra","6","PG;IN;AU","33","Smart Agriculture and AI","Agricultural and Biological Sciences","Life Sciences","1","0"
"W4411545482","10.1016/j.sftr.2025.100917","2025","article","Transitioning towards zero waste in the agri-food supply chain: a review of sustainable circular agri-food supply chain","Sustainable Futures","journal","Alif Andika","4","ID;GB","23","Food Waste Reduction and Sustainability","Agricultural and Biological Sciences","Life Sciences","1","1"
"W3111948431","10.1080/10686967.2020.1838978","2020","article","The role of internet of things in food supply chain quality management: A review","Quality Management Journal","journal","Mohamed Ben‐Daya","4","AE;CA","120","Food Supply Chain Traceability","Agricultural and Biological Sciences","Life Sciences","1","1"
"W3165692101","10.3390/agriculture11060497","2021","article","Artificial Neural Networks in Agriculture","Agriculture","journal","Sebastian Kujawa","2","PL","166","Smart Agriculture and AI","Agricultural and Biological Sciences","Life Sciences","1","1"
"W4408940033","10.1016/j.atech.2025.100902","2025","article","A comprehensive survey on AI-enabled secure social industrial Internet of Things in the agri-food supply chain","Smart Agricultural Technology","journal","Sajal Halder","6","AU","48","Food Supply Chain Traceability","Agricultural and Biological Sciences","Life Sciences","1","1"
"W2979950223","10.1016/j.asoc.2019.105837","2019","article","Ensemble approach based on bagging, boosting and stacking for short-term prediction in agribusiness time series","Applied Soft Computing","journal","Matheus Henrique Dal Molin Ribeiro","2","BR","528","Spectroscopy and Chemometric Analyses","Chemistry","Physical Sciences","0","0"
"W2942160599","10.1016/j.ssci.2019.04.026","2019","article","Evaluating machine learning performance in predicting injury severity in agribusiness industries","Safety Science","journal","Fatemeh Davoudi Kakhki","3","US","102","Occupational Health and Safety Research","Health Professions","Health Sciences","1","1"
"W4406814337","10.1007/s10462-024-11090-w","2025","article","A comprehensive review of deep learning-based hyperspectral image reconstruction for agri-food quality appraisal","Artificial Intelligence Review","journal","Md. Toukir Ahmed","4","US","82","Spectroscopy and Chemometric Analyses","Chemistry","Physical Sciences","1","0"
"W4200504340","10.3390/su14010083","2021","article","Digitalization in Food Supply Chains: A Bibliometric Review and Key-Route Main Path Analysis","Sustainability","journal","Abderahman Rejeb","6","HU;TN;IR;MY;AU;LT","123","Food Waste Reduction and Sustainability","Agricultural and Biological Sciences","Life Sciences","1","0"
"W4385583392","10.1016/j.resenv.2023.100133","2023","article","Hybrid machine learning-metaheuristic model for sustainable agri-food production and supply chain planning under water scarcity","Resources Environment and Sustainability","journal","Mobina Mousapour Mamoudan","5","IR;GB;AU","70","Food Waste Reduction and Sustainability","Agricultural and Biological Sciences","Life Sciences","1","1"
"W3176623296","10.1007/s10614-021-10137-2","2021","article","The Analysis of Credit Risks in Agricultural Supply Chain Finance Assessment Model Based on Genetic Algorithm and Backpropagation Neural Network","Computational Economics","journal","Yingli Wu","4","CN","73","Wireless Sensor Networks and IoT","Engineering","Physical Sciences","0","0"
"W3117315715","10.1016/j.prevetmed.2020.105237","2020","review","Application of machine learning to improve dairy farm management: A systematic literature review","Preventive Veterinary Medicine","journal","Naftali Slob","3","NL;TR","84","Genetic and phenotypic traits in livestock","Biochemistry, Genetics and Molecular Biology","Life Sciences","1","1"
"W4408554114","10.1016/j.grets.2025.100199","2025","article","Applications of machine learning and deep learning in agriculture: A comprehensive review","Green Technologies and Sustainability","journal","Muhammad Tayyab Waqas","6","TH;PK","72","Smart Agriculture and AI","Agricultural and Biological Sciences","Life Sciences","1","1"
"W3197695812","10.1080/0951192x.2021.1946859","2021","article","A simulation-based decision support system to improve the resilience of the food supply chain","International Journal of Computer Integrated Manufacturing","journal","Konstantinos Tsiamas","2","GB","34","Supply Chain Resilience and Risk Management","Business, Management and Accounting","Social Sciences","1","1"
"W3130253709","10.1109/access.2021.3061722","2021","article","A Decision Support System for Urban Agriculture Using Digital Twin: A Case Study With Aquaponics","IEEE Access","journal","Adam Ghandar","6","CN;PK","181","Innovations in Aquaponics and Hydroponics Systems","Agricultural and Biological Sciences","Life Sciences","1","1"
"W4319828748","10.1080/27685241.2023.2168568","2023","article","An interdisciplinary approach to artificial intelligence in agriculture","NJAS Impact in Agricultural and Life Sciences","journal","Mark Ryan","3","NL","122","Smart Agriculture and AI","Agricultural and Biological Sciences","Life Sciences","1","0"
"W4386023039","10.1108/bfj-11-2022-1014","2023","article","Unleashing the value of artificial intelligence in the agri-food sector: where are we?","British Food Journal","journal","Meriam Trabelsi","4","IT","42","Food Supply Chain Traceability","Agricultural and Biological Sciences","Life Sciences","1","1"
"W3210089928","10.3390/su132112181","2021","article","Digitalization and Future Agro-Food Supply Chain Management: A Literature-Based Implications","Sustainability","journal","Tadesse Kenea Amentae","2","ET;SE","101","Food Waste Reduction and Sustainability","Agricultural and Biological Sciences","Life Sciences","1","1"
"W4393053243","10.1186/s13677-024-00626-8","2024","article","Edge computing-oriented smart agricultural supply chain mechanism with auction and fuzzy neural networks","Journal of Cloud Computing Advances Systems and Applications","journal","Qing He","6","CN","46","E-commerce and Technology Innovations","Business, Management and Accounting","Social Sciences","1","1"
"W3202393140","10.3390/logistics5040066","2021","article","Sustainable Innovations in the Food Industry through Artificial Intelligence and Big Data Analytics","Logistics","journal","Saurabh Sharma","5","IN","167","Smart Agriculture and AI","Agricultural and Biological Sciences","Life Sciences","1","1"
"W3027501833","10.3390/s20102990","2020","article","IoT-Blockchain Enabled Optimized Provenance System for Food Industry 4.0 Using Advanced Deep Learning","Sensors","journal","Prince Waqas Khan","3","KR","301","Blockchain Technology Applications and Security","Computer Science","Physical Sciences","1","1"
"W3170031069","10.30657/pea.2021.27.10","2021","article","Agri-Food 4.0 and Innovations: Revamping the Supply Chain Operations","Production Engineering Archives","journal","Vasavi Dadi","5","IN","88","Food Supply Chain Traceability","Agricultural and Biological Sciences","Life Sciences","1","0"
"W4309204513","10.1016/j.crfs.2022.11.010","2022","article","Emerging trends in the agri-food sector: Digitalisation and shift to plant-based diets","Current Research in Food Science","journal","Abdo Hassoun","10","BE;FR;IT;GB;ES;NO","108","Agriculture Sustainability and Environmental Impact","Environmental Science","Physical Sciences","1","0"
"W3035565396","10.1016/j.agwat.2020.106209","2020","article","Decision support systems and models for aiding irrigation and nutrient management of vegetable crops","Agricultural Water Management","journal","Marisa Gallardo","3","ES;IT","135","Greenhouse Technology and Climate Control","Agricultural and Biological Sciences","Life Sciences","0","1"
"W4366990766","10.3390/agriculture13050936","2023","article","Pre-Trained Deep Neural Network-Based Features Selection Supported Machine Learning for Rice Leaf Disease Classification","Agriculture","journal","Meenakshi Aggarwal","7","IN;ES;SA","88","Smart Agriculture and AI","Agricultural and Biological Sciences","Life Sciences","1","0"
"W4406279744","10.1007/s42452-025-06472-w","2025","article","Leveraging artificial intelligence and advanced food processing techniques for enhanced food safety, quality, and security: a comprehensive review","Discover Applied Sciences","journal","Sambandh Bhusan Dhal","2","US","201","Identification and Quantification in Food","Biochemistry, Genetics and Molecular Biology","Life Sciences","1","1"
"W4381989074","10.1111/exsy.13387","2023","article","Food fraud detection using explainable artificial intelligence","Expert Systems","journal","Okan Buyuktepe","6","TR;QA;NL","102","Identification and Quantification in Food","Biochemistry, Genetics and Molecular Biology","Life Sciences","1","1"
"W2952442090","10.1016/j.compind.2019.04.012","2019","article","A decision support system for evaluation of the knowledge sharing crossing boundaries in agri-food value chains","Computers in Industry","journal","Biljana Mileva Boshkoska","9","SI;GB;AR;FR;CL","33","Innovation and Knowledge Management","Business, Management and Accounting","Social Sciences","0","1"
"W3090417167","10.1002/adma.202004805","2020","article","Portable Food‐Freshness Prediction Platform Based on Colorimetric Barcode Combinatorics and Deep Convolutional Neural Networks","Advanced Materials","journal","Lingling Guo","10","CN;SG;AU","293","Advanced Chemical Sensor Technologies","Engineering","Physical Sciences","1","0"
"W4206349320","10.1007/s00146-021-01377-9","2022","article","The social and ethical impacts of artificial intelligence in agriculture: mapping the agricultural AI literature","AI & Society","journal","Mark Ryan","1","NL","173","Psychology of Moral and Emotional Judgment","Neuroscience","Life Sciences","1","0"
"W3178081505","10.18034/ajase.v7i1.44","2018","article","Agri-Food System and Artificial Intelligence: Reconsidering Imperishability","Asian Journal of Applied Science and Engineering","journal","Siddhartha Vadlamudi","1","","25","Knowledge Management and Technology","Decision Sciences","Social Sciences","1","1"
"W4402852439","10.3389/frfst.2024.1473357","2024","article","Generative artificial intelligence in the agri-food value chain - overview, potential, and research challenges","Frontiers in Food Science and Technology","journal","Christian Krupitzer","1","DE","33","Digital Transformation in Industry","Engineering","Physical Sciences","1","0"
"W4387743651","10.3390/s23208562","2023","article","Data Augmentation Techniques for Machine Learning Applied to Optical Spectroscopy Datasets in Agrifood Applications: A Comprehensive Review","Sensors","journal","Ander Gracia Moisés","4","ES","65","Spectroscopy and Chemometric Analyses","Chemistry","Physical Sciences","1","0"
"W3153564410","10.1016/j.compag.2021.106648","2021","article","The role of cross-silo federated learning in facilitating data sharing in the agri-food sector","Computers and Electronics in Agriculture","journal","Aiden Durrant","6","GB","117","Privacy-Preserving Technologies in Data","Computer Science","Physical Sciences","0","0"
"W4311685873","10.1038/s41598-022-26449-8","2022","article","A robust and resilience machine learning for forecasting agri-food production","Scientific Reports","journal","Reza Lotfi","6","IR;PL;SA;US","32","Efficiency Analysis Using DEA","Decision Sciences","Social Sciences","1","1"
"W4310349955","10.1108/bij-12-2021-0780","2022","article","A farmer-centric agricultural decision support system for market dynamics in a volatile agricultural supply chain","Benchmarking An International Journal","journal","Prateek Kumar Tripathi","4","IN","23","Supply Chain and Inventory Management","Business, Management and Accounting","Social Sciences","1","1"
"W4385498105","10.1016/j.afres.2023.100329","2023","article","Recent advances in the use of digital technologies in agri-food processing: A short review","Applied Food Research","journal","Tétédé Rodrigue Christian Konfo","6","BJ;CM","105","Smart Agriculture and AI","Agricultural and Biological Sciences","Life Sciences","1","0"
"W4401039131","10.1108/ijqrm-03-2023-0078","2024","article","Analysis of barriers for adopting blockchain in agri-food supply chain management: a decision support framework","International Journal of Quality & Reliability Management","journal","Naveen Virmani","2","IN","22","Blockchain Technology Applications and Security","Computer Science","Physical Sciences","1","1"
"W4210248601","10.1155/2022/9210947","2022","article","Recent Advancements in Fruit Detection and Classification Using Deep Learning Techniques","Mathematical Problems in Engineering","journal","Chiagoziem C. Ukwuoma","6","CN;PK;IR","181","Smart Agriculture and AI","Agricultural and Biological Sciences","Life Sciences","1","0"
"W2947475784","10.1108/jkm-09-2018-0572","2019","article","A novel view on knowledge sharing in the agri-food sector","Journal of Knowledge Management","journal","Monica Fait","5","IT","79","Knowledge Management and Sharing","Social Sciences","Social Sciences","1","0"
"W4415350851","10.3390/su17209276","2025","article","Digitalization and Blockchain Integration in Agri-Food Supply Chains: Towards a Resilient, Circular, and Sustainable Future","Sustainability","journal","Sorina Geanina Stănescu","6","RO","21","Blockchain Technology Applications and Security","Computer Science","Physical Sciences","1","1"
"W4384692440","10.3389/fsufs.2023.1217813","2023","article","Digital transformation in the agri-food industry: recent applications and the role of the COVID-19 pandemic","Frontiers in Sustainable Food Systems","journal","Abdo Hassoun","13","FR;NL;ES;PK;US;EE;NO;AE","94","Digital Transformation in Industry","Engineering","Physical Sciences","1","0"
"W2587466508","10.1016/j.agsy.2017.01.023","2017","article","Big Data in Smart Farming – A review","Agricultural Systems","journal","J. Wolfert","4","NL","3359","Food Supply Chain Traceability","Agricultural and Biological Sciences","Life Sciences","1","1"
"W4375946541","10.1016/j.matpr.2023.04.353","2023","article","Modified FMEA using machine learning for food supply chain","Materials Today Proceedings","journal","Shashank Peddi","3","IN","20","Food Waste Reduction and Sustainability","Agricultural and Biological Sciences","Life Sciences","0","0"
"W2989710488","10.1016/j.foodcont.2019.107016","2019","article","Improving efficiency of RFID-based traceability system for perishable food by utilizing IoT sensors and machine learning model","Food Control","journal","Ganjar Alfian","8","KR;PK;ID","253","Food Supply Chain Traceability","Agricultural and Biological Sciences","Life Sciences","0","0"
"W3197574279","10.1016/j.tifs.2021.08.032","2021","article","State of the art review of Big Data and web-based Decision Support Systems (DSS) for food safety risk assessment with respect to climate change","Trends in Food Science & Technology","journal","Gopaiah Talari","4","IE","132","Food Supply Chain Traceability","Agricultural and Biological Sciences","Life Sciences","1","1"
"W4246948871","10.32604/cmc.2021.018466","2021","article","Towards Machine Learning Based Intrusion Detection in IoT Networks","Computers, materials & continua/Computers, materials & continua (Print)","journal","Nahida Islam","8","BD;GB;KR","148","Network Security and Intrusion Detection","Computer Science","Physical Sciences","1","1"
"W4318777803","10.3390/su15032579","2023","article","A Blockchain-Driven Food Supply Chain Management Using QR Code and XAI-Faster RCNN Architecture","Sustainability","journal","Surbhi Bhatia","2","SA","71","Blockchain Technology Applications and Security","Computer Science","Physical Sciences","1","1"
"W4283465129","10.1155/2022/1757888","2022","article","Rice Disease Detection Using Artificial Intelligence and Machine Learning Techniques to Improvise Agro-Business","Scientific Programming","journal","Shruti Aggarwal","8","IN;ET","47","Smart Agriculture and AI","Agricultural and Biological Sciences","Life Sciences","1","0"
"W3080240779","10.1007/s12393-020-09243-y","2020","article","Food Supply Chains as Cyber-Physical Systems: a Path for More Sustainable Personalized Nutrition","Food Engineering Reviews","journal","Sergiy M. Smetana","3","DE","68","Bioeconomy and Sustainability Development","Agricultural and Biological Sciences","Life Sciences","1","0"
"W3192393044","10.1016/j.ecolind.2021.108081","2021","article","The use of machine learning methods to estimate aboveground biomass of grasslands: A review","Ecological Indicators","journal","Tiago G. Morais","4","PT","182","Remote Sensing in Agriculture","Environmental Science","Physical Sciences","1","1"
"W4206770491","10.3390/s22010274","2021","article","Digital Strategy Decision Support Systems: Agrifood Supply Chain Management in SMEs","Sensors","journal","Maria I. Kamariotou","5","GR;CY","26","Big Data and Business Intelligence","Business, Management and Accounting","Social Sciences","1","1"
"W3199709924","10.3920/wmj2020.2603","2021","article","Decision support system for integrated management of mycotoxins in feed and food supply chains","World Mycotoxin Journal","journal","H.J. van der Fels‐Klerx","8","NL;ES;IT;GB;AT","16","Mycotoxins in Agriculture and Food","Agricultural and Biological Sciences","Life Sciences","1","1"
"W4225129558","10.1016/j.tifs.2022.04.025","2022","article","Artificial intelligence and ethics within the food sector: Developing a common language for technology adoption across the supply chain","Trends in Food Science & Technology","journal","Louise Manning","10","GB","147","Food Supply Chain Traceability","Agricultural and Biological Sciences","Life Sciences","1","1"
"W4392161882","10.51594/csitrj.v5i2.817","2024","article","AI-DRIVEN PREDICTIVE ANALYTICS IN AGRICULTURAL SUPPLY CHAINS: A REVIEW: ASSESSING THE BENEFITS AND CHALLENGES OF AI IN FORECASTING DEMAND AND OPTIMIZING SUPPLY IN AGRICULTURE","Computer Science & IT Research Journal","journal","Oluwafunmi Adijat Elufioye","5","US","87","Big Data and Business Intelligence","Business, Management and Accounting","Social Sciences","1","0"
"W2284726324","10.1016/j.enconman.2016.02.013","2016","article","Wind speed forecasting based on wavelet packet decomposition and artificial neural networks trained by crisscross optimization algorithm","Energy Conversion and Management","journal","Anbo Meng","4","CN","259","Energy Load and Power Forecasting","Engineering","Physical Sciences","0","0"
"W4206158614","10.3390/su14020827","2022","article","Implementation of a LoRaWAN Based Smart Agriculture Decision Support System for Optimum Crop Yield","Sustainability","journal","Jehangir Arshad","7","PK;SA;KR","100","IoT Networks and Protocols","Engineering","Physical Sciences","1","1"
"W4394011443","10.1007/s44187-024-00090-y","2024","article","Feature extraction for artificial intelligence enabled food supply chain failure mode prediction","Discover Food","journal","Hana Trollman","1","GB","20","Supply Chain Resilience and Risk Management","Business, Management and Accounting","Social Sciences","1","1"
"W3198929032","10.1016/j.livsci.2021.104700","2021","article","A review of deep learning algorithms for computer vision systems in livestock","Livestock Science","journal","Dário Augusto Borges Oliveira","5","US;BR","164","Smart Agriculture and AI","Agricultural and Biological Sciences","Life Sciences","0","0"
"W2901867974","10.3390/drones2040039","2018","article","Identification of Citrus Trees from Unmanned Aerial Vehicle Imagery Using Convolutional Neural Networks","Drones","journal","Ovidiu Csillik","5","AT;US","214","Remote Sensing in Agriculture","Environmental Science","Physical Sciences","1","1"
"W4285077250","10.1021/acs.est.2c02117","2022","article","Application of the IoT in the Food Supply Chain─From the Perspective of Carbon Mitigation","Environmental Science & Technology","journal","Zhenyi Luo","9","CN;JP;SG","51","Food Waste Reduction and Sustainability","Agricultural and Biological Sciences","Life Sciences","1","0"
"W2901078150","10.1016/j.renene.2018.11.061","2018","article","Research and application based on the swarm intelligence algorithm and artificial intelligence for wind farm decision system","Renewable Energy","journal","Xuejing Zhao","4","CN","156","Energy Load and Power Forecasting","Engineering","Physical Sciences","0","1"
"W4292324117","10.1016/j.jafr.2022.100357","2022","article","Development of smart aquaculture farm management system using IoT and AI-based surrogate models","Journal of Agriculture and Food Research","journal","Min‐Chie Chiu","4","TW","148","Water Quality Monitoring Technologies","Environmental Science","Physical Sciences","1","1"
"W4393868155","10.55173/agriscience.v7i2.128","2024","article","Sustainable Agriculture Leveraging Artificial Intelligence Systems in Kenya's Agri-food Supply Chain","Agricultural Science","journal","Enock Gideon Musau","1","ZA","7","Smart Agriculture and AI","Agricultural and Biological Sciences","Life Sciences","1","0"
"W4404187341","10.1038/s41598-024-70638-6","2024","article","Machine learning-based optimal temperature management model for safety and quality control of perishable food supply chain","Scientific Reports","journal","Joy Eze","5","GB;AE","31","Food Supply Chain Traceability","Agricultural and Biological Sciences","Life Sciences","1","1"
"W3121990610","10.1016/j.gfs.2021.100493","2021","article","How might technology rise to the challenge of data sharing in agri-food?","Global Food Security","journal","Aiden Durrant","6","GB","73","Smart Agriculture and AI","Agricultural and Biological Sciences","Life Sciences","0","0"
"W3036484052","10.1007/s12530-020-09347-0","2020","article","A graph neural network method for distributed anomaly detection in IoT","Evolving Systems","journal","Aikaterini Protogerou","5","GR","130","Network Security and Intrusion Detection","Computer Science","Physical Sciences","0","0"
"W4410362388","10.54660/.ijmrge.2022.3.1.1064-1074","2022","article","Artificial Intelligence in Agricultural Supply Chains: Lessons from the US for Nigeria","International Journal of Multidisciplinary Research and Growth Evaluation","journal","Babatunde Bamidele Oyeyemi","1","NG","14","Smart Agriculture and AI","Agricultural and Biological Sciences","Life Sciences","1","1"
"W4388311909","10.1016/j.asoc.2023.111009","2023","article","Auction-based deep learning-driven smart agricultural supply chain mechanism","Applied Soft Computing","journal","Yu Feng","3","CN","18","Stock Market Forecasting Methods","Decision Sciences","Social Sciences","0","0"
"W4410494329","10.1007/s44187-025-00419-1","2025","article","The impact of machine learning applications in agricultural supply chain: a topic modeling-based review","Discover Food","journal","Abderahman Rejeb","3","HU;TN;SY","20","Food Supply Chain Traceability","Agricultural and Biological Sciences","Life Sciences","1","1"
"W2772360906","10.5836/ijam/2017-06-80","2018","article","Involving stakeholders in agricultural decision support systems: improving user-centred design","UEA Digital Repository (University of East Anglia)","repository","David Christian Rose","6","GB","78","Agricultural Innovations and Practices","Agricultural and Biological Sciences","Life Sciences","1","1"
"W4403279930","10.1016/j.inpa.2024.10.001","2024","article","Integrating Artificial Intelligence in dairy farm management − biometric facial recognition for cows","Information Processing in Agriculture","journal","Shubhangi Mahato","2","","29","Food Supply Chain Traceability","Agricultural and Biological Sciences","Life Sciences","0","1"
"W4403194825","10.1145/3698589","2024","article","Empowering Agrifood System with Artificial Intelligence: A Survey of the Progress, Challenges and Opportunities","ACM Computing Surveys","journal","Tao Chen","15","CN;AU;SG","26","Smart Agriculture and AI","Agricultural and Biological Sciences","Life Sciences","1","0"
"W7126378465","10.3390/su18031426","2026","article","Multi-Objective Optimization and Federated Learning for Agri-Food Supply Chains via Dynamic Heterogeneous Graph Neural Networks","Sustainability","journal","Lin Xuan","8","KZ","9","Smart Agriculture and AI","Agricultural and Biological Sciences","Life Sciences","1","1"
"W4294693850","10.1016/j.foodpol.2022.102345","2022","article","Predicting agri-food quality across space: A Machine Learning model for the acknowledgment of Geographical Indications","Food Policy","journal","Giuliano Resce","2","IT","31","Wine Industry and Tourism","Business, Management and Accounting","Social Sciences","0","0"
"W3191538504","10.1016/j.aquaeng.2021.102192","2021","article","An integrated framework of sensing, machine learning, and augmented reality for aquaculture prawn farm management","Aquacultural Engineering","journal","Ashfaqur Rahman","8","AU","38","Water Quality Monitoring Technologies","Environmental Science","Physical Sciences","1","1"
"W4409173034","10.1016/j.compag.2025.110354","2025","review","A systematic review of explainable artificial intelligence for spectroscopic agricultural quality assessment","Computers and Electronics in Agriculture","journal","Md. Toukir Ahmed","3","US","85","Spectroscopy and Chemometric Analyses","Chemistry","Physical Sciences","1","0"
"W7125825350","10.1109/access.2026.3657974","2026","review","A Systematic Review of Recent Models for Agri-Food Supply Chain Management With Emphasis on the Application of Artificial Intelligence and Sustainability","IEEE Access","journal","Israel D. Herrera-Granda","5","ES;MA;EC","8","Food Waste Reduction and Sustainability","Agricultural and Biological Sciences","Life Sciences","1","1"
"W4296844951","10.1016/j.agsy.2022.103520","2022","article","New trends in the global digital transformation process of the agri-food sector: An exploratory study based on Twitter","Agricultural Systems","journal","María Ancín","3","ES","73","Food Supply Chain Traceability","Agricultural and Biological Sciences","Life Sciences","1","0"
"W4386219724","10.3390/foods12173235","2023","article","A Blockchain-Based Traceability Model for Grain and Oil Food Supply Chain","Foods","journal","Yuan Zhang","8","CN","42","Blockchain Technology Applications and Security","Computer Science","Physical Sciences","1","0"
"W2763146806","10.1108/imds-10-2016-0465","2017","article","A constraint-driven approach to food supply chain management","Industrial Management & Data Systems","journal","Paweł Sitek","3","PL;DK","33","Vehicle Routing Optimization Methods","Engineering","Physical Sciences","1","1"
"W4383821995","10.31185/wjcms.145","2023","article","Artificial Intelligence and Deep Learning-Based System for Agri-Food Quality and Safety Detection","Wasit Journal of Computer and Mathematics Science","journal","Habib Shah","3","SA;TR","8","Food Supply Chain Traceability","Agricultural and Biological Sciences","Life Sciences","1","1"
"W4407973845","10.3390/su17051996","2025","article","Digital Technologies in Food Supply Chain Waste Management: A Case Study on Sustainable Practices in Smart Cities","Sustainability","journal","Hajar Fatorachian","3","GB","57","Food Waste Reduction and Sustainability","Agricultural and Biological Sciences","Life Sciences","1","1"
"W4396863198","10.1007/s44230-024-00072-4","2024","article","Irrigation with Artificial Intelligence: Problems, Premises, Promises","Human-Centric Intelligent Systems","journal","Hanyu Wei","10","AU","64","Smart Agriculture and AI","Agricultural and Biological Sciences","Life Sciences","1","1"
"W4404233559","10.1007/s12393-024-09386-2","2024","article","Application of Artificial Intelligence in Food Processing: Current Status and Future Prospects","Food Engineering Reviews","journal","Thingujam Bidyalakshmi","8","IN;AU","90","Food Supply Chain Traceability","Agricultural and Biological Sciences","Life Sciences","0","0"
"W4320035280","10.1016/j.tifs.2023.02.010","2023","article","Flexible sensing enabled agri-food cold chain quality control: A review of mechanism analysis, emerging applications, and system integration","Trends in Food Science & Technology","journal","Wentao Huang","7","CN","112","Food Supply Chain Traceability","Agricultural and Biological Sciences","Life Sciences","0","0"
"W3127980783","10.3390/rs13040603","2021","article","Estimating Pasture Biomass Using Sentinel-2 Imagery and Machine Learning","Remote Sensing","journal","Yun Chen","5","AU","118","Remote Sensing in Agriculture","Environmental Science","Physical Sciences","1","1"
"W3210568246","10.3390/su132111899","2021","article","Policies for Rapid Mitigation of the Crisis’ Effects on Agricultural Supply Chains: A Multi-Criteria Decision Support System with Monte Carlo Simulation","Sustainability","journal","Tomas Baležentis","6","LT","19","Regional resilience and development","Economics, Econometrics and Finance","Social Sciences","1","1"
"W3172481000","10.3390/su13126702","2021","article","Adoption of ICTs in Agri-Food Logistics: Potential and Limitations for Supply Chain Sustainability","Sustainability","journal","Cédric Vernier","4","FR","61","Food Waste Reduction and Sustainability","Agricultural and Biological Sciences","Life Sciences","1","0"
"W4379165384","10.23939/mmc2023.02.498","2023","article","A decentralized model to ensure traceability and sustainability of the food supply chain by combining blockchain, IoT, and machine learning","Mathematical Modeling and Computing","journal","Kamal Addou","4","MA","21","Blockchain Technology Applications and Security","Computer Science","Physical Sciences","1","1"
"W4281862534","10.1155/2022/4228448","2022","article","Integration of Artificial Intelligence and Blockchain Technology in Healthcare and Agriculture","Journal of Food Quality","journal","Sonali Vyas","5","IN;GH","67","Blockchain Technology Applications and Security","Computer Science","Physical Sciences","1","1"
"W2997854152","10.1016/j.ifacol.2019.12.558","2019","article","Individual Cattle Identification Using a Deep Learning Based Framework","IFAC-PapersOnLine","journal","Yongliang Qiao","6","AU","96","Food Supply Chain Traceability","Agricultural and Biological Sciences","Life Sciences","1","1"
"W4392437601","10.1016/j.compag.2024.108766","2024","article","Intelligent decision-making framework for agriculture supply chain in emerging economies: Research opportunities and challenges","Computers and Electronics in Agriculture","journal","T. Kalimuthu","4","IN;US;GB","44","Supply Chain Resilience and Risk Management","Business, Management and Accounting","Social Sciences","0","1"
"W3153361460","10.3390/math9080884","2021","article","A Multicriteria Analysis Approach for Evaluating the Performance of Agriculture Decision Support Systems for Sustainable Agribusiness","Mathematics","journal","Sophia Xiaoxia Duan","3","AU;GB","23","Multi-Criteria Decision Making","Decision Sciences","Social Sciences","1","1"
"W2808873517","10.1016/j.ijpe.2018.06.010","2018","article","Agribusiness time series forecasting using Wavelet neural networks and metaheuristic optimization: An analysis of the soybean sack price and perishable products demand","International Journal of Production Economics","journal","Weslly Puchalsky","5","BR","61","Machine Learning and ELM","Computer Science","Physical Sciences","0","0"
"W3157772828","10.3390/electronics10111223","2021","article","AI-Enabled Efficient and Safe Food Supply Chain","Electronics","journal","Ilianna Kollia","3","GR;GB","24","Advanced Chemical Sensor Technologies","Engineering","Physical Sciences","1","1"
"W4410596125","10.1016/j.cie.2025.111203","2025","article","Agri-food supply chain network design: A comprehensive review and future research directions","Computers & Industrial Engineering","journal","Hamza Chokri","4","FR","10","Food Waste Reduction and Sustainability","Agricultural and Biological Sciences","Life Sciences","0","0"
"W4307931310","10.1080/10408398.2022.2139217","2022","article","Neural network in food analytics","Critical Reviews in Food Science and Nutrition","journal","Peihua Ma","9","US;DE;CN","53","Spectroscopy and Chemometric Analyses","Chemistry","Physical Sciences","1","0"
"W4397007102","10.1108/jbim-10-2023-0587","2024","article","Food supply chain resilience in the digital era: a bibliometric analysis and development of conceptual framework","Journal of Business and Industrial Marketing","journal","Pranav Sanjay Sutar","4","IN","40","Supply Chain Resilience and Risk Management","Business, Management and Accounting","Social Sciences","1","1"
"W4413938461","10.1016/j.compag.2025.110927","2025","article","Artificial intelligence in agriculture: ethics, impact possibilities, and pathways for policy","Computers and Electronics in Agriculture","journal","Abiodun Olusola Omotayo","5","ZA","66","Smart Agriculture and AI","Agricultural and Biological Sciences","Life Sciences","1","0"
"W4399033917","10.37934/araset.45.2.142151","2024","article","Blockchain Based Deep Learning for Sustainable Agricultural Supply Chain Management","Journal of Advanced Research in Applied Sciences and Engineering Technology","journal","Kesava Rao Alla","2","MY","10","Blockchain Technology Applications and Security","Computer Science","Physical Sciences","1","1"
"W3096621557","10.3390/math8111952","2020","article","Improving Food Supply Chain Management by a Sustainable Approach to Supplier Evaluation","Mathematics","journal","Marina Segura","4","ES","33","Multi-Criteria Decision Making","Decision Sciences","Social Sciences","1","1"
"W4408287956","10.1016/j.foodcont.2025.111292","2025","article","The role of artificial intelligence in advancing food safety: A strategic path to zero contamination","Food Control","journal","Sobia Naseem","2","PK","82","Identification and Quantification in Food","Biochemistry, Genetics and Molecular Biology","Life Sciences","0","1"
"W4411231891","10.1007/s12599-025-00948-0","2025","review","Digital Transformation of Food Supply Chain Management Using Blockchain: A Systematic Literature Review Towards Food Safety and Traceability","Business & Information Systems Engineering","journal","Marios Vasileiou","10","GR;LU;GB;FR","56","Blockchain Technology Applications and Security","Computer Science","Physical Sciences","1","1"
"W4396920850","10.1016/j.techsoc.2024.102585","2024","article","The interplay effects of digital technologies, green integration, and green innovation on food supply chain sustainable performance: An organizational information processing theory perspective","Technology in Society","journal","Sanjeev Yadav","7","IN;GB","69","Sustainable Supply Chain Management","Business, Management and Accounting","Social Sciences","0","0"
"W4411918543","10.1007/s43621-025-01260-3","2025","article","Leveraging artificial intelligence in agribusiness: a structured review of strategic management practices and future prospects","Discover Sustainability","journal","Irshad Ahmad Bhat","8","IN","25","Smart Agriculture and AI","Agricultural and Biological Sciences","Life Sciences","1","1"
"W4393931089","10.1016/j.tifs.2024.104476","2024","article","Paper-based lab-on-a-chip devices for detection of agri-food contamination","Trends in Food Science & Technology","journal","Ashish Kapoor","7","IN;GB","50","Biosensors and Analytical Detection","Engineering","Physical Sciences","0","0"
"W4386356433","10.1038/s41538-023-00220-3","2023","article","Applying federated learning to combat food fraud in food supply chains","npj Science of Food","journal","Anand Gavai","10","NL","32","Identification and Quantification in Food","Biochemistry, Genetics and Molecular Biology","Life Sciences","1","1"
"W3115519526","10.3390/rs12244185","2020","article","Weed Identification in Maize, Sunflower, and Potatoes with the Aid of Convolutional Neural Networks","Remote Sensing","journal","Gerassimos G. Peteinatos","5","DE;ES","102","Smart Agriculture and AI","Agricultural and Biological Sciences","Life Sciences","1","1"
"W3209409155","10.1109/ice/itmc52061.2021.9570237","2021","review","Digitalizing agri-food supply chains to achieve Sustainable Development Goals: a systematic literature review","","","Antonio Masi","3","IT","10","Food Supply Chain Traceability","Agricultural and Biological Sciences","Life Sciences","1","1"
"W4353085440","10.3389/fpls.2023.1143326","2023","article","Boosting precision crop protection towards agriculture 5.0 via machine learning and emerging technologies: A contextual review","Frontiers in Plant Science","journal","Gustavo A. Mesías-Ruiz","5","ES;GB","121","Smart Agriculture and AI","Agricultural and Biological Sciences","Life Sciences","1","1"
"W3031227608","10.1016/j.compag.2020.105504","2020","article","Extracting apple tree crown information from remote imagery using deep learning","Computers and Electronics in Agriculture","journal","Jintao Wu","7","CN","114","Remote Sensing and LiDAR Applications","Environmental Science","Physical Sciences","0","0"
"W4399694674","10.1002/ieam.4954","2024","article","Machine learning-based life cycle assessment for environmental sustainability optimization of a food supply chain","Integrated Environmental Assessment and Management","journal","Amin Nikkhah","8","BE;KR;US;IR;FR","13","Environmental Impact and Sustainability","Environmental Science","Physical Sciences","1","0"
"W4321464034","10.1016/j.compag.2023.107700","2023","article","Agri-food 4.0: Drivers and links to innovation and eco-innovation","Computers and Electronics in Agriculture","journal","Consuelo Calafat","4","ES","42","Food Waste Reduction and Sustainability","Agricultural and Biological Sciences","Life Sciences","1","1"
"W4401670413","10.1016/j.techfore.2024.123630","2024","article","Emerging digital technologies potential in promoting equitable agricultural supply chain: A scoping review","Technological Forecasting and Social Change","journal","Hilda Abraham Mwangakala","7","TZ","32","Food Supply Chain Traceability","Agricultural and Biological Sciences","Life Sciences","0","0"
"W4318426690","10.1016/j.tifs.2023.01.015","2023","article","Reflexive governance architectures: Considering the ethical implications of autonomous technology adoption in food supply chains","Trends in Food Science & Technology","journal","Louise Manning","10","GB","35","Supply Chain Resilience and Risk Management","Business, Management and Accounting","Social Sciences","1","1"
"W4405746961","10.1016/j.tifs.2024.104855","2024","article","Research progress on the artificial intelligence applications in food safety and quality management","Trends in Food Science & Technology","journal","Wenbin Yu","7","CN","60","Smart Agriculture and AI","Agricultural and Biological Sciences","Life Sciences","0","1"
"W4391757352","10.1007/s11250-024-03922-2","2024","article","Automating poultry farm management with artificial intelligence: Real-time detection and tracking of broiler chickens for enhanced and efficient health monitoring","Tropical Animal Health and Production","journal","Bharani Kumar Depuru","3","","31","Animal Nutrition and Physiology","Agricultural and Biological Sciences","Life Sciences","0","1"
"W4395021173","10.1016/j.fpsl.2024.101287","2024","article","Exploring blockchain and artificial intelligence in intelligent packaging to combat food fraud: A comprehensive review","Food Packaging and Shelf Life","journal","Yadong Yang","9","CN;IE;MY;IR","80","Blockchain Technology Applications and Security","Computer Science","Physical Sciences","0","0"
"W4401466920","10.1016/j.jafr.2024.101349","2024","article","Unlocking AI's potential in the food supply chain: A novel approach to overcoming barriers","Journal of Agriculture and Food Research","journal","Nikhil Ghag","4","IN;GB;SE","31","Blockchain Technology Applications and Security","Computer Science","Physical Sciences","1","1"
"W4403263314","10.32350/icr.32.02","2023","article","Nourishing the Future: AI-Driven Optimization of Farm-to-Consumer Food Supply Chain for Enhanced Business Performance","Innovative Computing Review","journal","Hassan Anwar","3","PK","38","Food Supply Chain Traceability","Agricultural and Biological Sciences","Life Sciences","1","1"
"W4400744563","10.51594/farj.v6i7.1315","2024","article","Technological innovations in accounting for food supply chain management","Finance & Accounting Research Journal","journal","Adekunle Stephen Toromade","4","GB","21","Agriculture Market Analysis Ukraine","Agricultural and Biological Sciences","Life Sciences","1","1"
"W4292237274","10.1016/j.seps.2022.101417","2022","article","A data-driven decision support system with smart packaging in grocery store supply chains during outbreaks","Socio-Economic Planning Sciences","journal","Özgür Kabadurmuş","4","US;GB;TR","60","Food Waste Reduction and Sustainability","Agricultural and Biological Sciences","Life Sciences","1","1"
"W4400887571","10.1007/s43621-024-00371-7","2024","article","A comprehensive review to evaluate the synergy of intelligent food packaging with modern food technology and artificial intelligence field","Discover Sustainability","journal","Thilina Abekoon","7","LK;GB;IE","89","Advanced Chemical Sensor Technologies","Engineering","Physical Sciences","1","0"
"W4281729686","10.1155/2022/6293985","2022","article","Machine Learning- and Feature Selection-Enabled Framework for Accurate Crop Yield Prediction","Journal of Food Quality","journal","Sandeep Gupta","8","IN;SA;ID;SD","109","Smart Agriculture and AI","Agricultural and Biological Sciences","Life Sciences","1","1"
"W2987929295","10.1007/s10479-019-03455-0","2019","article","A simulation model to investigate impacts of facilitating quality data within organic fresh food supply chains","Annals of Operations Research","journal","Magdalena Leithner","2","AT","39","Food Waste Reduction and Sustainability","Agricultural and Biological Sciences","Life Sciences","1","1"
"W2920239991","","2017","article","Strategic Decision Support Systems for Logistics in the Agrifood Industry.","HAICTA","journal","Maria I. Kamariotou","4","","10","Big Data and Business Intelligence","Business, Management and Accounting","Social Sciences","0","1"
"W4205254006","10.3844/jcssp.2022.1.17","2022","article","Smart Agriculture and Food Industry with Blockchain and Artificial Intelligence","Journal of Computer Science","journal","N. Nasurudeen Ahamed","2","IN","52","Blockchain Technology Applications and Security","Computer Science","Physical Sciences","1","1"
"W4408225799","10.34117/bjdv11n3-007","2025","article","Technological innovations in agriculture: the application of Blockchain and Artificial Intelligence for grain traceability and protection","Brazilian Journal of Development","journal","Rafael Elias Venturini","1","","66","Smart Agriculture and AI","Agricultural and Biological Sciences","Life Sciences","1","0"
"W4220995370","10.9734/ajrcos/2022/v13i230311","2022","article","Deep Learning in Agriculture: A Review","Asian Journal of Research in Computer Science","journal","Pallab Bharman","6","BD","52","Smart Agriculture and AI","Agricultural and Biological Sciences","Life Sciences","1","1"
"W4402761410","10.3390/foods13193025","2024","article","Research Progress of Machine Learning in Extending and Regulating the Shelf Life of Fruits and Vegetables","Foods","journal","Dawei Li","4","CN","67","Spectroscopy and Chemometric Analyses","Chemistry","Physical Sciences","1","0"
"W3128601027","10.1002/isaf.1487","2021","article","Forecasting spot prices of agricultural commodities in India: Application of deep‐learning models","Intelligent systems in accounting, finance and management/Intelligent systems in accounting, finance & management","journal","R. L. Manogna","2","IN","86","Market Dynamics and Volatility","Economics, Econometrics and Finance","Social Sciences","1","1"
"W4410694874","10.3390/su17114795","2025","article","The Impact of Artificial Intelligence on the Sustainability of Regional Ecosystems: Current Challenges and Future Prospects","Sustainability","journal","Sergiusz Pimenow","4","BG;PL","57","Land Use and Ecosystem Services","Environmental Science","Physical Sciences","1","1"
"W4407955656","10.56294/dm2025683","2025","article","Enhancing Metadata Management And Data-Driven Decision-Making In Sustainable Food Supply Chains Using Blockchain And AI Technologies","Data & Metadata","journal","Anber Abraheem Shlash Mohammad","8","JO;SA;MY;TH","38","Blockchain Technology Applications and Security","Computer Science","Physical Sciences","1","1"
"W4411476508","10.1016/j.cie.2025.111332","2025","article","Role of artificial intelligence in mitigating risk in multi-stage agricultural supply chain networks","Computers & Industrial Engineering","journal","Jiayi Zhu","3","CN","9","Supply Chain Resilience and Risk Management","Business, Management and Accounting","Social Sciences","0","0"
"W4281804579","10.1155/2022/6447282","2022","article","Recent Advancement in Postharvest Loss Mitigation and Quality Management of Fruits and Vegetables Using Machine Learning Frameworks","Journal of Food Quality","journal","Abha Singh","7","SA;IN;GH;BR","78","Smart Agriculture and AI","Agricultural and Biological Sciences","Life Sciences","1","1"
"W4385298908","10.1016/j.heliyon.2023.e18659","2023","article","Internet of things enabled deep learning methods using unmanned aerial vehicles enabled integrated farm management","Heliyon","journal","Shailendra Mishra","1","SA","28","Smart Agriculture and AI","Agricultural and Biological Sciences","Life Sciences","1","1"
"W4295832136","10.1109/iotm.006.21000112","2022","article","Toward On-Device AI and Blockchain for 6G-Enabled Agricultural Supply Chain Management","IEEE Internet of Things Magazine","journal","Muhammad Zawish","7","IE;FI;GB;PK","22","UAV Applications and Optimization","Engineering","Physical Sciences","1","1"
"W4407276716","10.54536/ijsa.v3i1.3674","2025","article","Artificial Intelligence in Farm Management: Integrating Smart Systems for Optimal Agricultural Practices","International Journal of Smart Agriculture","journal","Mrutyunjay Padhiary","6","IN","14","Smart Agriculture and AI","Agricultural and Biological Sciences","Life Sciences","1","1"
"W4390953798","10.51594/ijmer.v6i1.713","2024","article","REVIEW OF TECHNOLOGICAL ADVANCEMENTS IN FOOD SUPPLY CHAIN MANAGEMENT: A COMPARATIVE STUDY BETWEEN THE U.S. AND AFRICA","International Journal of Management & Entrepreneurship Research","journal","Osato Itohan Oriekhoe","5","","31","Food Waste Reduction and Sustainability","Agricultural and Biological Sciences","Life Sciences","1","1"
"W4200049963","10.1016/j.patter.2021.100381","2021","article","Road map for research on responsible artificial intelligence for development (AI4D) in African countries: The case study of agriculture","Patterns","journal","Arthur Ernest Gwagwa","7","NL;GB;CA;FR","75","Innovation and Socioeconomic Development","Business, Management and Accounting","Social Sciences","1","0"
"W4386134811","10.3390/su151712809","2023","article","Diversified Impacts of Enabling a Technology-Intensified Agricultural Supply Chain on the Quality of Life in Hinterland Communities","Sustainability","journal","Marian Lubag","7","PH","30","Food Waste Reduction and Sustainability","Agricultural and Biological Sciences","Life Sciences","1","0"
"W4403154341","10.30574/wjarr.2024.24.1.3023","2024","review","Combating food waste in the agricultural supply chain: A systematic review of supply chain optimization strategies and their sustainability benefits","World Journal of Advanced Research and Reviews","journal","Oluwakemi Betty Arowosegbe","6","US;GB","35","Food Waste Reduction and Sustainability","Agricultural and Biological Sciences","Life Sciences","1","0"
"W3172812463","10.1016/j.animal.2021.100269","2021","article","Classification of broiler behaviours using triaxial accelerometer and machine learning","animal","journal","X. Yang","6","US","77","Animal Nutrition and Physiology","Agricultural and Biological Sciences","Life Sciences","1","1"
"W4411387359","10.1016/j.tifs.2025.105142","2025","article","Transforming food supply chains through digital tracking and monitoring technologies","Trends in Food Science & Technology","journal","Xuxia Zhou","4","US;IL","22","QR Code Applications and Technologies","Computer Science","Physical Sciences","0","0"
"W3096462768","10.3390/rs12213561","2020","article","Application of Google Earth Engine Cloud Computing Platform, Sentinel Imagery, and Neural Networks for Crop Mapping in Canada","Remote Sensing","journal","Meisam Amani","11","IR;CA","100","Remote Sensing in Agriculture","Environmental Science","Physical Sciences","1","1"
"W4413203706","10.1080/87559129.2025.2541856","2025","article","Monitoring and Shelf Life Extension of Food Products Based on Machine Learning and Deep Learning: Progress and Potential Applications","Food Reviews International","journal","Adjoba Grace Marie-Désirée Ablegue","4","CN","24","Food Supply Chain Traceability","Agricultural and Biological Sciences","Life Sciences","1","0"
"W7119521646","10.1108/bfj-05-2025-0720","2026","review","Generative artificial intelligence and ChatGPT in agriculture supply chain management: a systematic literature review and future research agenda","British Food Journal","journal","Mingxing Li","5","CN","11","Smart Agriculture and AI","Agricultural and Biological Sciences","Life Sciences","1","1"
"W4412738955","10.1016/j.foohum.2025.100736","2025","review","Smart food supply chain management: A bibliometric and systematic review","Food and Humanity","journal","Mona Jabor Al-Thani","5","QA","20","Food Supply Chain Traceability","Agricultural and Biological Sciences","Life Sciences","1","1"
"W4406359711","10.1016/j.engappai.2024.109930","2025","article","A comprehensive review of simulation optimization methods in agricultural supply chains and transition towards an agent-based intelligent digital framework for agriculture 4.0","Engineering Applications of Artificial Intelligence","journal","Elham Shadkam","2","AU;IR","38","Food Supply Chain Traceability","Agricultural and Biological Sciences","Life Sciences","1","1"
"W4363648864","10.1007/s10462-023-10476-6","2023","article","The q-rung fuzzy LOPCOW-VIKOR model to assess the role of unmanned aerial vehicles for precision agriculture realization in the Agri-Food 4.0 era","Artificial Intelligence Review","journal","Fatih Ecer","4","TR;IN","72","Smart Parking Systems Research","Engineering","Physical Sciences","0","0"
"W4414223706","10.1016/j.jfp.2025.100621","2025","article","Harnessing Artificial Intelligence to Safeguard Food Quality and Safety","Journal of Food Protection","journal","D. Singh","1","","34","Spectroscopy and Chemometric Analyses","Chemistry","Physical Sciences","1","1"
"W3185256795","10.1016/j.compag.2021.106263","2021","article","Towards selective and automatic harvesting of broccoli for agri-food industry","Computers and Electronics in Agriculture","journal","Antonio García‐Manso","5","ES","29","Smart Agriculture and AI","Agricultural and Biological Sciences","Life Sciences","1","0"
"W4402976623","10.1016/j.afres.2024.100532","2024","article","Advancing food security: The role of machine learning in pathogen detection","Applied Food Research","journal","Helen N. Onyeaka","8","GB;NG;AE;DE;IQ","46","Smart Agriculture and AI","Agricultural and Biological Sciences","Life Sciences","1","1"
"W4396954687","10.1016/j.strueco.2024.05.010","2024","article","The use of AI to uncover the supply chain dynamics of the primary sector: Building resilience in the food supply chain","Structural Change and Economic Dynamics","journal","Weizhong Wang","5","CN;GB;LB;TR;AE;JO;NO","29","Supply Chain Resilience and Risk Management","Business, Management and Accounting","Social Sciences","1","1"
"W4392349432","10.1016/j.inpa.2024.03.002","2024","article","Innovative deep learning approach for cross-crop plant disease detection: A generalized method for identifying unhealthy leaves","Information Processing in Agriculture","journal","Imane Bouacida","5","DZ;TR","105","Smart Agriculture and AI","Agricultural and Biological Sciences","Life Sciences","1","1"
"W3035883408","10.1109/tii.2020.3003910","2020","article","From Industry 4.0 to Agriculture 4.0: Current Status, Enabling Technologies, and Research Challenges","IEEE Transactions on Industrial Informatics","journal","Ye Liu","5","CN;GB;HK;ZA","816","Smart Agriculture and AI","Agricultural and Biological Sciences","Life Sciences","1","0"
"W3048657004","10.1128/aem.00924-20","2020","article","Arcobacter Identification and Species Determination Using Raman Spectroscopy Combined with Neural Networks","Applied and Environmental Microbiology","journal","Kaidi Wang","9","CA;CN;DE","55","Spectroscopy Techniques in Biomedical and Chemical Research","Biochemistry, Genetics and Molecular Biology","Life Sciences","1","0"
"W3147553210","10.32604/cmc.2021.012431","2021","article","Paddy Leaf Disease Detection Using an Optimized Deep Neural Network","Computers, materials & continua/Computers, materials & continua (Print)","journal","Shankaranarayanan Nalini","7","","59","Smart Agriculture and AI","Agricultural and Biological Sciences","Life Sciences","1","1"
"W4313622119","10.4018/ijec.315789","2023","article","A Machine Learning-Based Anomaly Detection Method and Blockchain-Based Secure Protection Technology in Collaborative Food Supply Chain","International Journal of e-Collaboration","journal","Yuh‐Min Chen","3","TW","13","Food Supply Chain Traceability","Agricultural and Biological Sciences","Life Sciences","1","0"
"W4313260294","10.3390/rs15010100","2022","article","Dynamic Maize Yield Predictions Using Machine Learning on Multi-Source Data","Remote Sensing","journal","Michele Croci","4","IT;BE","50","Greenhouse Technology and Climate Control","Agricultural and Biological Sciences","Life Sciences","1","1"
"W4395693499","10.1016/j.eja.2024.127193","2024","article","Evaluating machine learning models and identifying key factors influencing spatial maize yield predictions in data intensive farm management","European Journal of Agronomy","journal","Simphiwe Maseko","5","ZA","27","Remote Sensing in Agriculture","Environmental Science","Physical Sciences","1","1"
"W4389097616","10.1002/bse.3629","2023","article","The role of agri‐food 4.0 in climate‐smart farming for controlling climate change‐related risks: A business perspective analysis","Business Strategy and the Environment","journal","Yiğit Kazançoğlu","6","TR;GB;IN","49","Food Waste Reduction and Sustainability","Agricultural and Biological Sciences","Life Sciences","1","1"
"W4404449078","10.1080/16258312.2024.2428155","2024","article","Deep learning for freshness categorisation in sustainable agricultural supply chains: a focus on quality assessment of fruits and vegetables","Supply Chain Forum an International Journal","journal","Youness Bahaddou","3","FR","9","Smart Agriculture and AI","Agricultural and Biological Sciences","Life Sciences","1","1"
"W4390484484","10.30574/wjarr.2023.20.3.2660","2023","article","Review of technological advancement in food supply chain management: Comparison between USA and Africa","World Journal of Advanced Research and Reviews","journal","Osato Itohan Oriekhoe","5","","23","Food Waste Reduction and Sustainability","Agricultural and Biological Sciences","Life Sciences","1","1"
"W4385785845","10.1016/j.aej.2023.08.027","2023","article","Integrating blockchain and deep learning for intelligent greenhouse control and traceability","Alexandria Engineering Journal","journal","Tarek Frikha","5","TN","55","Smart Agriculture and AI","Agricultural and Biological Sciences","Life Sciences","1","1"
"W4402814719","10.1016/j.tifs.2024.104730","2024","article","From farm to market: Research progress and application prospects of artificial intelligence in the frozen fruits and vegetables supply chain","Trends in Food Science & Technology","journal","Linyu Zhang","5","CN;CA","42","Food Supply Chain Traceability","Agricultural and Biological Sciences","Life Sciences","0","0"
"W4411348535","10.1016/j.aiia.2025.06.005","2025","article","Application of artificial intelligence in insect pest identification - A review","Artificial Intelligence in Agriculture","journal","Sourav Chakrabarty","7","IN;US","27","Smart Agriculture and AI","Agricultural and Biological Sciences","Life Sciences","1","1"
"W4390018124","10.1109/tai.2023.3345278","2023","article","Machine Learning for Smart Agriculture: A Comprehensive Survey","IEEE Transactions on Artificial Intelligence","journal","M. Rezwanul Mahmood","4","BD;GR;LB","44","Smart Agriculture and AI","Agricultural and Biological Sciences","Life Sciences","1","1"
"W4398253706","10.1108/jbim-10-2023-0582","2024","article","Exposition of techno-functional components of intelligent food supply chain: a review and future research agenda","Journal of Business and Industrial Marketing","journal","Anil Kumar Sharma","3","IN","23","Food Supply Chain Traceability","Agricultural and Biological Sciences","Life Sciences","1","1"
"W4281296018","10.1155/2022/4351825","2022","article","Selection of Smart Manure Composition for Smart Farming Using Artificial Intelligence Technique","Journal of Food Quality","journal","Danish Ather","7","IN;ET","48","Smart Agriculture and AI","Agricultural and Biological Sciences","Life Sciences","1","0"
"W4412526453","10.3390/systems13070615","2025","article","Machine Learning-Based Prediction of Resilience in Green Agricultural Supply Chains: Influencing Factors Analysis and Model Construction","Systems","journal","Daqing Wu","4","CN","10","Supply Chain Resilience and Risk Management","Business, Management and Accounting","Social Sciences","1","1"
"W4415780394","10.1002/csr.70261","2025","article","Circular Economy, Short Food Supply Chain and Digitalisation Drive the Agri‐Food Sector Transition Towards Environmental and Social Sustainability: A Literature Review","Corporate Social Responsibility and Environmental Management","journal","Elettra Bandi","3","IT","9","Food Waste Reduction and Sustainability","Agricultural and Biological Sciences","Life Sciences","1","0"
"W4409954289","10.1016/j.tifs.2025.105056","2025","article","AI-based low-altitude delivery fresh food supply Chain: Research progress and trends","Trends in Food Science & Technology","journal","Yonggan Zhao","5","CN;CA;AU","23","IoT and Edge/Fog Computing","Computer Science","Physical Sciences","0","0"
"W4407006505","10.1016/j.virusres.2025.199537","2025","article","Bridging the gap: Phage manufacturing processes from laboratory to agri-food industry","Virus Research","journal","Elham Mohammadi","3","IR","25","Bacteriophages and microbial interactions","Environmental Science","Physical Sciences","1","0"
"W4384284051","10.1109/access.2023.3295780","2023","article","Industry 4.0 Adoption in Food Supply Chain to Improve Visibility and Operational Efficiency—A Content Analysis","IEEE Access","journal","Vasanthraj Vasanthraj","4","AU;IN","22","Food Waste Reduction and Sustainability","Agricultural and Biological Sciences","Life Sciences","1","0"
"W3197923661","10.3390/agriculture11090832","2021","article","Oil Palm and Machine Learning: Reviewing One Decade of Ideas, Innovations, Applications, and Gaps","Agriculture","journal","Nuzhat Khan","5","MY","58","Oil Palm Production and Sustainability","Environmental Science","Physical Sciences","1","0"
"W4401137615","10.1108/bfj-02-2024-0135","2024","article","An application of machine learning to classify food waste interventions from a food supply chain perspective","British Food Journal","journal","Qiongfang Zou","3","NZ","8","Food Waste Reduction and Sustainability","Agricultural and Biological Sciences","Life Sciences","1","0"
"W4225015806","10.1016/j.ijfoodmicro.2022.109691","2022","article","Deciphering the blackbox of omics approaches and artificial intelligence in food waste transformation and mitigation","International Journal of Food Microbiology","journal","Poonam Sharma","7","IN;HU;BR;KR","41","Food Waste Reduction and Sustainability","Agricultural and Biological Sciences","Life Sciences","0","0"
"W4405521146","10.1109/access.2024.3520029","2024","article","IoT Based Meat Freshness Classification Using Deep Learning","IEEE Access","journal","Zarif Wasif Bhuiyan","5","BD","40","Advanced Chemical Sensor Technologies","Engineering","Physical Sciences","1","1"
"W4408107152","10.1016/j.jspr.2025.102611","2025","article","Sustainable farming with machine learning solutions for minimizing food waste","Journal of Stored Products Research","journal","Rukayat Abisola Olawale","3","NG;GB","38","Food Waste Reduction and Sustainability","Agricultural and Biological Sciences","Life Sciences","1","1"
"W4378620161","10.33050/italic.v1i2.274","2023","article","Internet of Things, Big Data, and Artificial Intelligence in The Food and Agriculture Sector","International Transactions on Artificial Intelligence (ITALIC)","journal","Suryari Purnama","2","ID","36","Smart Agriculture and AI","Agricultural and Biological Sciences","Life Sciences","1","0"
"W4308301467","10.33395/sinkron.v7i4.11837","2022","article","Role of Artificial Intelligence in Livestock and Poultry Farming","SinkrOn","journal","Hrishitva Patel","5","US;PK;ID","28","Information Retrieval and Data Mining","Computer Science","Physical Sciences","1","1"
"W4408776234","10.18461/ijfsd.v13i4.d7","2022","article","Exploring digitalization and sustainable practices in African agribusinesses and food supply chains: A literature review","International journal on food system dynamics","journal","Rita Abban","2","","16","Innovation and Socioeconomic Development","Business, Management and Accounting","Social Sciences","1","1"
"W3034999092","10.33564/ijeast.2020.v04i12.004","2020","article","MACHINE LEARNING APPLICATIONS IN IOT BASED AGRICULTURE AND SMART FARMING: A REVIEW","International Journal of Engineering Applied Sciences and Technology","journal","MWP Maduranga","2","KH","54","Smart Agriculture and AI","Agricultural and Biological Sciences","Life Sciences","1","1"
"W4327587742","10.1038/s41538-023-00187-1","2023","article","Metabolomics integrated with machine learning to discriminate the geographic origin of Rougui Wuyi rock tea","npj Science of Food","journal","Yifei Peng","17","CN;US","57","Tea Polyphenols and Effects","Medicine","Health Sciences","1","0"
"W7123356071","10.3390/su18020782","2026","article","Beyond Green Labels: Leveraging Blockchain, IoT, and AI for Enhanced Traceability and Verification of Green Marketing Claims in Transnational Agri-Food Supply Chains","Sustainability","journal","Ana-Maria Nicolau","2","RO","8","Food Supply Chain Traceability","Agricultural and Biological Sciences","Life Sciences","1","1"
"W4390790460","10.1080/09537287.2024.2302482","2024","article","Artificial intelligence in supply chain management: enablers and constraints in pre-development, deployment, and post-development stages","Production Planning & Control","journal","Xinyue Hao","2","GB;AE","55","Digital Transformation in Industry","Engineering","Physical Sciences","1","1"
"W4367669882","10.1016/j.aquaeng.2023.102339","2023","article","Smart headset, computer vision and machine learning for efficient prawn farm management","Aquacultural Engineering","journal","Mingze Xi","5","AU","12","Water Quality Monitoring Technologies","Environmental Science","Physical Sciences","1","1"
"W4416418979","10.1016/j.ijpe.2025.109861","2025","article","Platform-led or firm-led? An analysis of artificial intelligence development strategies in agricultural supply chains","International Journal of Production Economics","journal","Changhua Liao","4","CN;CA","6","Supply Chain and Inventory Management","Business, Management and Accounting","Social Sciences","1","0"
"W4402831500","10.1080/13675567.2024.2406555","2024","review","Enhancing resilience and reducing waste in food supply chains: a systematic review and future directions leveraging emerging technologies","International Journal of Logistics Research and Applications","journal","Asmaa Seyam","6","AU;AE","21","Food Waste Reduction and Sustainability","Agricultural and Biological Sciences","Life Sciences","1","0"
"W3217764757","10.3390/rs13224668","2021","article","Crop Type Mapping from Optical and Radar Time Series Using Attention-Based Deep Learning","Remote Sensing","journal","Stella Ofori-Ampofo","3","AT;FR","82","Remote Sensing in Agriculture","Environmental Science","Physical Sciences","1","1"
"W3146485797","10.17323/1813-8691-2021-25-1-147-164","2021","article","Unlocking Technology Adoption for a Robust Food Supply Chain: Evidence from Indian Food Processing Sector","Higher School of Economics Economic Journal","journal","Vranda Jain","3","IN;US","22","Supply Chain Resilience and Risk Management","Business, Management and Accounting","Social Sciences","1","0"
"W4226058946","10.1016/j.foodcont.2022.108872","2022","article","Automated food safety early warning system in the dairy supply chain using machine learning","Food Control","journal","Ningjing Liu","6","NL","62","Food Supply Chain Traceability","Agricultural and Biological Sciences","Life Sciences","1","0"
"W4404509742","10.3389/fenvs.2024.1471599","2024","article","Predicting future climate scenarios: a machine learning perspective on greenhouse gas emissions in agrifood systems","Frontiers in Environmental Science","journal","Omid Behvandi","2","IR","15","Environmental Impact and Sustainability","Environmental Science","Physical Sciences","1","0"
"W4313572030","10.3390/s23010532","2023","article","Comparing State-of-the-Art Deep Learning Algorithms for the Automated Detection and Tracking of Black Cattle","Sensors","journal","Su Myat Noe","4","JP","65","Animal Behavior and Welfare Studies","Veterinary","Health Sciences","1","1"
"W2936828149","10.1016/j.compag.2019.03.027","2019","article","End-to-end sequence labeling via deep learning for automatic extraction of agricultural regulations","Computers and Electronics in Agriculture","journal","Borja Espejo-García","5","ES","52","Smart Agriculture and AI","Agricultural and Biological Sciences","Life Sciences","0","0"
"W4413783884","10.1016/j.compag.2025.110847","2025","article","Data centric Artificial Intelligence for agrifood domain: A systematic mapping study","Computers and Electronics in Agriculture","journal","Domenico Benfenati","5","IT","8","Smart Agriculture and AI","Agricultural and Biological Sciences","Life Sciences","1","0"
"W4392755575","10.1093/erae/jbae001","2024","article","Comparing climate pledges and eco-taxation in a networked agricultural supply chain organisation","European Review of Agricultural Economics","journal","Arnaud Zlatko Dragicevic","2","CA;TH;FR","15","Economic and Environmental Valuation","Economics, Econometrics and Finance","Social Sciences","1","1"
"W4409303611","10.3390/s25082362","2025","article","Challenges and Solution Directions for the Integration of Smart Information Systems in the Agri-Food Sector","Sensors","journal","Emmanuel Ahoa","4","NL","22","Smart Agriculture and AI","Agricultural and Biological Sciences","Life Sciences","1","1"
"W4309912881","10.1007/s00521-022-08003-9","2022","article","Recognition of diseases of maize crop using deep learning models","Neural Computing and Applications","journal","Md. Ashraful Haque","5","IN","37","Smart Agriculture and AI","Agricultural and Biological Sciences","Life Sciences","0","0"
"W4400744708","10.51594/ijarss.v6i7.1303","2024","article","Technological innovations in accounting for food supply chain management","International Journal of Applied Research in Social Sciences","journal","Adekunle Stephen Toromade","4","","10","Agriculture Market Analysis Ukraine","Agricultural and Biological Sciences","Life Sciences","1","1"
"W4413683699","10.3390/ani15172508","2025","article","Computer Vision in Dairy Farm Management: A Literature Review of Current Applications and Future Perspectives","Animals","journal","Veronica Antognoli","5","IT","39","Effects of Environmental Stressors on Livestock","Agricultural and Biological Sciences","Life Sciences","1","1"
"W4392648770","10.24867/ijiem-2024-1-347","2024","article","Application of neural networks in the prediction of the circular economy level in agri-food chains","International Journal of Industrial Engineering and Management","journal","E. G. Muñoz-Grillo","10","EC;PE;CO","7","Sustainable Supply Chain Management","Business, Management and Accounting","Social Sciences","1","0"
"W2996007396","10.3390/agronomy10010143","2020","article","Deep Learning for Mango (Mangifera indica) Panicle Stage Classification","Agronomy","journal","Anand Koirala","4","AU","46","Leaf Properties and Growth Measurement","Agricultural and Biological Sciences","Life Sciences","1","1"
"W4220701138","10.1007/s10994-022-06151-6","2022","article","A deep learning approach using natural language processing and time-series forecasting towards enhanced food safety","Machine Learning","journal","Georgios Makridis","3","GR","58","Identification and Quantification in Food","Biochemistry, Genetics and Molecular Biology","Life Sciences","0","0"
"W4394851088","10.1016/j.heliyon.2024.e29564","2024","article","RETRACTED: Exploring the application of ICTs in decarbonizing the agriculture supply chain: A literature review and research agenda","Heliyon","journal","Asmae El Jaouhari","5","MA;IN;NO;GB","17","Food Supply Chain Traceability","Agricultural and Biological Sciences","Life Sciences","1","1"
"W4414867602","10.1016/j.tifs.2025.105367","2025","article","Applications, challenges, and prospects of AI-driven intelligent packaging technologies in the food supply chain under Industry 4.0","Trends in Food Science & Technology","journal","Xin-Lei Yu","6","CN","21","Food Supply Chain Traceability","Agricultural and Biological Sciences","Life Sciences","0","0"
"W4407616641","10.3390/app15042096","2025","article","AI Algorithms in the Agrifood Industry: Application Potential in the Spanish Agrifood Context","Applied Sciences","journal","Javier Arévalo-Royo","6","ES","16","Smart Agriculture and AI","Agricultural and Biological Sciences","Life Sciences","1","1"
"W4416610618","10.1007/s12063-025-00579-4","2025","article","Examining the challenges of AI adoption in smart circular agri-food supply chains: evidence from Türkiye","Operations Management Research","journal","Selçuk Perçin","1","TR","4","Food Waste Reduction and Sustainability","Agricultural and Biological Sciences","Life Sciences","0","0"
"W4404357028","10.1016/j.trac.2024.118050","2024","article","Evolving CRISPR/Cas system for food safety monitoring across the food supply chain","TrAC Trends in Analytical Chemistry","journal","Jingqi Shen","8","CN","15","CRISPR and Genetic Engineering","Biochemistry, Genetics and Molecular Biology","Life Sciences","0","0"
"W3170899713","10.3390/s21124050","2021","article","Classification of Cattle Behaviours Using Neck-Mounted Accelerometer-Equipped Collars and Convolutional Neural Networks","Sensors","journal","Dejan Pavlović","10","RS;GB","59","Animal Behavior and Welfare Studies","Veterinary","Health Sciences","1","1"
"W4406998857","10.1016/j.emcon.2025.100477","2025","article","Microplastics in food products: Prevalence, artificial intelligence based detection, and potential health impacts on humans","Emerging contaminants","journal","M. Amin Mir","7","SA","39","Microplastics and Plastic Pollution","Environmental Science","Physical Sciences","1","0"
"W4405380665","10.1016/j.atech.2024.100710","2024","article","Ethical, Legal and Social Aspects (ELSA) for AI: An assessment tool for Agri-food","Smart Agricultural Technology","journal","Mireille van Hilten","4","NL","21","Ethics and Social Impacts of AI","Social Sciences","Social Sciences","1","0"
"W4387247565","10.18845/te.v17i1.6475","2023","article","Prospective of the circular economy in a banana agri-food chain","TEC Empresarial","journal","Pola Mary Silva-Alvarado","6","EC","14","Sustainable Supply Chain Management","Business, Management and Accounting","Social Sciences","1","0"
"W4410777412","10.70737/z3rm3z39","2025","article","AI Solutions for Sustainable Agricultural Supply Chains","Agriculture and Biology","journal","Babu P GEORGE","1","US","6","Digital Transformation in Industry","Engineering","Physical Sciences","1","1"
"W3017030721","10.1016/j.compag.2020.105442","2020","article","The role of decision support systems in smallholder rubber production: Applications, limitations and future directions","Computers and Electronics in Agriculture","journal","Muhammad Fadzli Ali","3","AU;MY","23","Oil Palm Production and Sustainability","Environmental Science","Physical Sciences","0","1"
"W7118622766","10.1080/87559129.2025.2612241","2026","article","Artificial Intelligence and Machine Learning: Shaping the Future of Food Safety, Quality Control, Traceability Systems, and Nutrition","Food Reviews International","journal","Muhammad Adil","6","CN","9","Food Supply Chain Traceability","Agricultural and Biological Sciences","Life Sciences","1","1"
"W3025687278","10.17485/ijst/v13i13.79","2020","article","Rice yield prediction and optimization using association rules and neural network methods to enhance agribusiness","Indian Journal of Science and Technology","journal","Inam Ali Supro","1","PK","12","Spectroscopy and Chemometric Analyses","Chemistry","Physical Sciences","1","0"
"W4406552624","10.1007/s43995-024-00089-7","2025","article","Artificial intelligence-based smart galliformes farm management system","Journal of Umm Al-Qura University for Engineering and Architecture","journal","Galib Muhammad Shahriar Himel","4","BD;GB","5","Food Supply Chain Traceability","Agricultural and Biological Sciences","Life Sciences","1","1"
"W4309472168","10.1080/25729861.2022.2115829","2022","article","Trends in science, technology, and innovation in the agri-food sector","Tapuya Latin American Science Technology and Society","journal","Juan Manuel Vargas-Canales","6","MX","14","Sustainable Agricultural Systems Analysis","Environmental Science","Physical Sciences","1","1"
"W4386712480","10.3390/agriculture13091803","2023","article","The Impact of Consumer Loyalty and Customer Satisfaction in the New Agricultural Value Chain","Agriculture","journal","Chin-Shyang Shyu","3","TW","12","Consumer Retail Behavior Studies","Business, Management and Accounting","Social Sciences","1","0"
"W4403300947","10.1111/1750-3841.17373","2024","article","Artificial intelligence as a tool for predicting the quality attributes of garlic ( Allium sativum L.) slices during continuous infrared‐assisted hot air drying","Journal of Food Science","journal","Hany S. El‐Mesery","6","CN;EG;ZA","45","Food Drying and Modeling","Agricultural and Biological Sciences","Life Sciences","1","0"
"W4410045430","10.59953/paperasia.v41i2b.364","2025","article","Exploring the Relationships Among AI, Agri-food Supply Chain Management Practices, Resilience, and Performance","PaperAsia","journal","Fengzhao Yin","4","CN;MY","3","Supply Chain Resilience and Risk Management","Business, Management and Accounting","Social Sciences","1","1"
"W4390812498","10.1016/j.jclepro.2024.140692","2024","article","Artificial intelligence (AI) development in the Vietnam's energy and economic systems: A critical review","Journal of Cleaner Production","journal","Pham Thu Hien","5","AU;GB;VN","30","Water-Energy-Food Nexus Studies","Environmental Science","Physical Sciences","1","0"
"W4313414729","10.3390/app13010141","2022","article","Digital Twin Architecture Evaluation for Intelligent Fish Farm Management Using Modified Analytic Hierarchy Process","Applied Sciences","journal","Hsun-Yu Lan","5","TW;PH","40","Water Quality Monitoring Technologies","Environmental Science","Physical Sciences","1","1"
"W4200181176","10.1016/j.compag.2021.106631","2021","article","Machine learning-based farm risk management: A systematic mapping review","Computers and Electronics in Agriculture","journal","Saman Ghaffarian","5","NL","34","Smart Agriculture and AI","Agricultural and Biological Sciences","Life Sciences","1","1"
"W2800649250","10.1016/j.compag.2018.05.007","2018","article","Machine learning for automatic rule classification of agricultural regulations: A case study in Spain","Computers and Electronics in Agriculture","journal","Borja Espejo-García","5","ES","37","Entomopathogenic Microorganisms in Pest Control","Agricultural and Biological Sciences","Life Sciences","0","0"
"W4297221873","10.3390/s22197239","2022","article","Domain Adaptation for In-Line Allergen Classification of Agri-Food Powders Using Near-Infrared Spectroscopy","Sensors","journal","Alexander Lewis Bowler","4","GB","18","Spectroscopy and Chemometric Analyses","Chemistry","Physical Sciences","1","0"
"W4247734692","10.25165/j.ijabe.20201304.5501","2020","article","Research status and applications of nature-inspired algorithms for agri-food production","International journal of agricultural and biological engineering","journal","Yanbo Huang","1","US","11","Smart Agriculture and AI","Agricultural and Biological Sciences","Life Sciences","1","0"
"W2980583456","10.1016/j.coesh.2019.10.001","2019","review","Energy flow modeling and optimization trends in food supply chain: a mini review","Current Opinion in Environmental Science & Health","journal","Amin Nikkhah","2","BE;KR","12","Energy and Environment Impacts","Environmental Science","Physical Sciences","0","0"
"W3185619300","10.3390/make3040041","2021","article","Fully Homomorphically Encrypted Deep Learning as a Service","Machine Learning and Knowledge Extraction","journal","George Onoufriou","3","GB","19","Cryptography and Data Security","Computer Science","Physical Sciences","1","0"
"W4311421889","10.1016/j.rsase.2022.100900","2022","article","Counting cattle in UAV images using convolutional neural network","Remote Sensing Applications Society and Environment","journal","Fabricio de Lima Weber","9","BR","35","Smart Agriculture and AI","Agricultural and Biological Sciences","Life Sciences","0","0"
"W4406113633","10.1093/af/vfae048","2024","review","Artificial intelligence for livestock: a narrative review of the applications of computer vision systems and large language models for animal farming","Animal Frontiers","journal","Guilherme Lobato Menezes","5","US","47","Food Supply Chain Traceability","Agricultural and Biological Sciences","Life Sciences","1","1"
"W4402542628","10.30574/wjarr.2022.15.3.0888","2022","article","Cybersecurity threats in agriculture supply chains: A comprehensive review","World Journal of Advanced Research and Reviews","journal","Adebunmi Okechukwu Adewusi","3","","8","Internet of Things and AI","Computer Science","Physical Sciences","1","1"
"W4403077109","10.14207/ejsd.2024.v13n3p233","2024","article","Artificial Intelligence for Sustainable Agribusiness: Innovations and Challenges","European Journal of Sustainable Development","journal","Florina Bran","4","RO","4","Smart Agriculture and AI","Agricultural and Biological Sciences","Life Sciences","1","1"
"W4411522664","10.1016/j.tifs.2025.105152","2025","article","Artificial intelligence in sustainable food design: Technological, ethical consideration, and future","Trends in Food Science & Technology","journal","S Harikrishnan","10","IN;GR;KG;TR","26","Innovation, Sustainability, Human-Machine Systems","Social Sciences","Social Sciences","0","0"
"W4403346925","10.3934/agrfood.2024052","2024","article","Artificial intelligence on the agro-industry in the United States of America","AIMS Agriculture and Food","journal","Jahanara Akter","6","US","22","Smart Agriculture and AI","Agricultural and Biological Sciences","Life Sciences","1","1"
"W7124832343","10.1108/jadee-09-2025-0412","2026","article","AI-augmented sustainability management in agri-food supply chain: rethinking decision-making in the era of algorithms","Journal of Agribusiness in Developing and Emerging Economies","journal","Sandeep Kumar Gupta","1","IN","3","Smart Agriculture and AI","Agricultural and Biological Sciences","Life Sciences","1","1"
"W4415264978","10.1002/fsn3.71104","2025","article","Aflatoxin Contamination in Agri‐Food Systems: A Comprehensive Review of Toxicity, Food Security, Economic Impacts, and Sustainable Mitigation Across the Value Chain","Food Science & Nutrition","journal","Eyasu Yohannis","8","ET;US","34","Mycotoxins in Agriculture and Food","Agricultural and Biological Sciences","Life Sciences","1","0"
"W4387139922","10.1007/s43926-023-00040-7","2023","article","Hunger games search optimization with deep learning model for sustainable supply chain management","Discover Internet of Things","journal","Zheng Xu","4","CN;IN;AU","40","Blockchain Technology Applications and Security","Computer Science","Physical Sciences","1","1"
"W4407724820","10.1007/s41660-025-00495-x","2025","article","Analyzing the Characteristics of Agri-Food 4.0 Acting as Stimuli to Sustainable Agriculture Supply Chain: A Fuzzy VIKOR Approach","Process Integration and Optimization for Sustainability","journal","Prashant Kumar Singh","2","IN","3","Food Waste Reduction and Sustainability","Agricultural and Biological Sciences","Life Sciences","0","0"
"W4200218991","10.3390/agronomy11122576","2021","article","Farm-Scale Crop Yield Prediction from Multi-Temporal Data Using Deep Hybrid Neural Networks","Agronomy","journal","Martin Engen","6","NO","56","Remote Sensing in Agriculture","Environmental Science","Physical Sciences","1","1"
"W4403484215","10.3390/foods13203300","2024","article","Handling the Imbalanced Problem in Agri-Food Data Analysis","Foods","journal","Adeyemi Adegbenjo","2","CA","10","Imbalanced Data Classification Techniques","Computer Science","Physical Sciences","1","1"
"W3109067245","10.1016/j.sab.2020.106027","2020","article","Quantitative determination of phosphorus in seafood using laser-induced breakdown spectroscopy combined with machine learning","Spectrochimica Acta Part B Atomic Spectroscopy","journal","Ye Tian","6","CN","46","Laser-induced spectroscopy and plasma","Engineering","Physical Sciences","0","0"
"W4393146476","10.1111/agec.12828","2024","article","Machine learning to predict grains futures prices","Agricultural Economics","journal","Paolo Libenzio Brignoli","4","NL;IT","22","Stock Market Forecasting Methods","Decision Sciences","Social Sciences","1","1"
"W4413135080","10.1007/s43069-025-00511-3","2025","review","Transforming Agrifood Supply Chains with Digital Technologies: a Systematic Review of Safety and Quality Risk Management","Operations Research Forum","journal","Sophia P. Plakantara","2","GR","36","Food Supply Chain Traceability","Agricultural and Biological Sciences","Life Sciences","1","1"
"W4408665929","10.36953/ecj.28802904","2025","article","Artificial intelligence and its applications in agriculture: A review","Environment Conservation Journal","journal","Peddi Naga Harsha Vardhan","3","IN","15","Smart Agriculture and AI","Agricultural and Biological Sciences","Life Sciences","1","1"
"W4225379951","10.30954/2277-940x.01.2022.1","2022","article","Artificial Intelligence and its Application in Animal Disease Diagnosis","Journal of animal research","journal","Neelesh Sharma","1","IN","13","Radiomics and Machine Learning in Medical Imaging","Medicine","Health Sciences","1","1"
"W3024278684","10.1016/j.jclepro.2020.122106","2020","article","Farm efficiency estimation using a hybrid approach of machine-learning and data envelopment analysis: Evidence from rural eastern India","Journal of Cleaner Production","journal","Anirban Nandy","2","IN","65","Efficiency Analysis Using DEA","Decision Sciences","Social Sciences","0","0"
"W2980979852","10.3390/agronomy9100639","2019","article","Sensitivity of Maize Yield in Smallholder Systems to Climate Scenarios in Semi-Arid Regions of West Africa: Accounting for Variability in Farm Management Practices","Agronomy","journal","Bright Salah Freduah","10","GH;BF;FR;IN;ML;DE;NE;SN;US","53","Climate change impacts on agriculture","Agricultural and Biological Sciences","Life Sciences","1","1"
"W4415166597","10.3390/electronics14203994","2025","article","A Comprehensive Review of AI Methods in Agri-Food Engineering: Applications, Challenges, and Future Directions","Electronics","journal","Kaichen Wu","9","CN","15","Smart Agriculture and AI","Agricultural and Biological Sciences","Life Sciences","1","0"
"W4398141998","10.3390/hydrology11050072","2024","review","A Systematic Review of Social Sustainability Indicators for Water Use along the Agricultural Value Chain","Hydrology","journal","Pascalina Matohlang Pilane","3","ZA","11","Environmental Impact and Sustainability","Environmental Science","Physical Sciences","1","0"
"W4414400340","10.1016/j.compchemeng.2025.109412","2025","article","Integrating machine learning and distributionally robust optimization for sustainable agricultural supply chains under global warming uncertainty","Computers & Chemical Engineering","journal","Hamed Darouni","3","IR","5","Supply Chain Resilience and Risk Management","Business, Management and Accounting","Social Sciences","0","0"
"W2802755953","10.1080/12460125.2018.1468173","2018","article","Towards a knowledge management framework for crossing knowledge boundaries in agricultural value chain","Journal of Decision System","journal","Biljana Mileva Boshkoska","3","SI;GB","10","Open Source Software Innovations","Computer Science","Physical Sciences","1","1"
"W4385450920","10.3389/fpls.2023.1224709","2023","article","Crop-saving with AI: latest trends in deep learning techniques for plant pathology","Frontiers in Plant Science","journal","Zafar Salman","4","KR","31","Smart Agriculture and AI","Agricultural and Biological Sciences","Life Sciences","1","1"
"W4404250407","10.1007/s10462-024-11004-w","2024","article","Machine learning techniques for coffee classification: a comprehensive review of scientific research","Artificial Intelligence Review","journal","Isabela V. C. Motta","4","BR;FR;VN","31","Advanced Chemical Sensor Technologies","Engineering","Physical Sciences","1","1"
"W4408474504","10.1007/s10489-025-06424-2","2025","article","Use of artificial intelligence techniques in characterization of vibration signals for application in agri-food engineering","Applied Intelligence","journal","Amalia Luque Sendra","6","ES;IT","4","Agricultural Engineering and Mechanization","Engineering","Physical Sciences","1","0"
"W4414480088","10.1108/jima-04-2025-0263","2025","article","Technological innovation for religious compliance: a framework for AI and blockchain implementation in halal food supply chains","Journal of Islamic marketing","journal","Nohman Khan","5","MY;VN","12","Halal products and consumer behavior","Social Sciences","Social Sciences","1","1"
"W4400877729","10.1109/access.2024.3432325","2024","article","Application of Internet of Things (IoT) to Food Supply Chain Under Uncertainty-Case: Traditional Dairy Products","IEEE Access","journal","Babak Javadi","4","IR","13","Food Supply Chain Traceability","Agricultural and Biological Sciences","Life Sciences","1","1"
"W4388024640","10.1016/j.fbio.2023.103313","2023","article","Enhancing salmon freshness monitoring with sol-gel cellulose nanocrystal colorimetric paper sensors and deep learning methods","Food Bioscience","journal","Peihua Ma","8","US;SA","30","Advanced Chemical Sensor Technologies","Engineering","Physical Sciences","0","0"
"W4200417143","10.1016/j.agsy.2021.103345","2021","article","Exploring the weather-yield nexus with artificial neural networks","Agricultural Systems","journal","Lorenz Schmidt","4","DE;SE","22","Climate change impacts on agriculture","Agricultural and Biological Sciences","Life Sciences","1","1"
"W4400965432","10.1016/j.foodpol.2024.102684","2024","article","Technology-driven transformations in agri-food global value chains: The role of incumbent firms from a corporate venture capital perspective","Food Policy","journal","Pablo Mac Clay","3","AR;DE;NL","27","Innovation and Socioeconomic Development","Business, Management and Accounting","Social Sciences","1","0"
"W4414617304","10.1108/ijieom-01-2025-0011","2025","article","Implementing AI in agri-food supply chain security from the multi-stakeholder perspective: an exploratory review and future directions","International Journal of Industrial Engineering and Operations Management","journal","Rajesh Kumar","5","AE;IN;GB;MA","3","Food Supply Chain Traceability","Agricultural and Biological Sciences","Life Sciences","1","0"
"W2916112914","10.1109/access.2019.2901218","2019","article","A Low-Complexity Machine Learning Nitrate Loss Predictive Model–Towards Proactive Farm Management in a Networked Catchment","IEEE Access","journal","Huma Zia","4","GB","10","Hydrology and Watershed Management Studies","Environmental Science","Physical Sciences","1","1"
"W4391227662","10.1007/s11042-024-18214-y","2024","article","Diagnosing the spores of tomato fungal diseases using microscopic image processing and machine learning","Multimedia Tools and Applications","journal","Seyed Mohamad Javidan","5","IR;US","25","Smart Agriculture and AI","Agricultural and Biological Sciences","Life Sciences","0","0"
"W4324311135","10.1186/s40813-023-00303-3","2023","article","The evaluation of an artificial intelligence system for estrus detection in sows","Porcine Health Management","journal","Steven Verhoeven","6","BE","18","Animal Behavior and Welfare Studies","Veterinary","Health Sciences","1","1"
"W4408730264","10.1007/s12652-024-04948-y","2025","article","Agricultural supply chain management using hyperledger and AIOT","Journal of Ambient Intelligence and Humanized Computing","journal","Anurag Kumar Jha","4","AE;US","6","Blockchain Technology Applications and Security","Computer Science","Physical Sciences","0","1"
"W4315864867","10.1016/j.atech.2023.100175","2023","article","Embedding a precision agriculture service into a farm management information system - ifarma/PreFer","Smart Agricultural Technology","journal","Christos G. Karydas","6","","27","Smart Agriculture and AI","Agricultural and Biological Sciences","Life Sciences","1","1"
"W4410096046","10.18472/sustdeb.v16n1.2025.55859","2025","article","Digitalisation and sustainability convergence: leveraging artificial intelligence capabilities to enhance agri-food value chains' sustainability in Africa","Sustainability in Debate","journal","David R.I. Pooe","2","ZA","4","Innovation and Socioeconomic Development","Business, Management and Accounting","Social Sciences","1","0"
"W3000811554","10.1504/ijdss.2019.104557","2019","article","Strategic decision support systems for short supply chain development in the agrifood sector","International Journal of Decision Support Systems","journal","Fotis Kitsios","3","GR","3","Global Trade and Competitiveness","Business, Management and Accounting","Social Sciences","1","1"
"W4411226259","10.1016/j.tifs.2025.105138","2025","article","Artificial intelligence boosting multi-dimensional information fusion: Data collection, processing and modeling for food quality and safety assessment","Trends in Food Science & Technology","journal","Hengrui Zhang","5","CN","29","Spectroscopy and Chemometric Analyses","Chemistry","Physical Sciences","0","0"
"W4391250636","10.1109/access.2024.3359043","2024","article","Enhanced Black Widow Optimization With Hybrid Deep Learning Enabled Intrusion Detection in Internet of Things-Based Smart Farming","IEEE Access","journal","Rua Yahya Aburasain","1","SA","47","Smart Agriculture and AI","Agricultural and Biological Sciences","Life Sciences","1","1"
"W2791941298","10.1016/j.compag.2018.03.001","2018","article","Machine learning approaches for early prediction of adult wool growth and quality in Australian Merino sheep","Computers and Electronics in Agriculture","journal","Saleh Shahinfar","2","AU","35","Genetic and phenotypic traits in livestock","Biochemistry, Genetics and Molecular Biology","Life Sciences","0","0"
"W4409195502","10.1016/j.ifset.2025.104019","2025","article","A comprehensive review of blockchain with artificial intelligence integration for enhancing food safety and quality control","Innovative Food Science & Emerging Technologies","journal","R. Femimol","2","IN","23","Blockchain Technology Applications and Security","Computer Science","Physical Sciences","0","0"
"W4406254077","10.1007/s41976-024-00189-x","2025","article","Optimization of Crop Yields in Sustainable Agriculture: Application of Big Data Analytics and Artificial Intelligence","Remote Sensing in Earth Systems Sciences","journal","Divya Nimma","7","US;IN;JO","19","Smart Agriculture and AI","Agricultural and Biological Sciences","Life Sciences","0","0"
"W4225280431","10.1002/er.8031","2022","article","The role of artificial intelligence in energy aspects of super cold chain of agricultural products","International Journal of Energy Research","journal","Zhouhui Zhang","3","CN","19","Food Supply Chain Traceability","Agricultural and Biological Sciences","Life Sciences","1","1"
"W2899484323","10.3390/su10113913","2018","article","A Hybrid Wind Speed Forecasting Method and Wind Energy Resource Analysis Based on a Swarm Intelligence Optimization Algorithm and an Artificial Intelligence Model","Sustainability","journal","Tonglin Fu","2","CN","38","Energy Load and Power Forecasting","Engineering","Physical Sciences","1","1"
"W4405494452","10.1016/j.bcra.2024.100245","2024","article","βFSCM: An enhanced food supply chain management system using hybrid blockchain and recommender systems","Blockchain Research and Applications","journal","Feiyang Sun","4","CN;US","10","Blockchain Technology Applications and Security","Computer Science","Physical Sciences","1","1"
"W4390511875","10.1016/j.bios.2024.115999","2024","article","Surveillance of pathogenic bacteria on a food matrix using machine-learning-enabled paper chromogenic arrays","Biosensors and Bioelectronics","journal","Zhen Jia","12","US","35","Advanced Chemical Sensor Technologies","Engineering","Physical Sciences","0","0"
"W7116866630","10.1016/j.aichem.2025.100105","2025","article","Integrating machine learning with electrochemical sensors for intelligent food safety monitoring","Artificial Intelligence Chemistry","journal","Aaryashree","2","JP","22","Biosensors and Analytical Detection","Engineering","Physical Sciences","1","1"
"W4313644900","10.1016/j.cej.2023.141364","2023","article","Wireless food-freshness monitoring and storage-time prediction based on ammonia-sensitive MOF@SnS2 PN heterostructure and machine learning","Chemical Engineering Journal","journal","Yifan Huang","7","CN","48","Advanced Chemical Sensor Technologies","Engineering","Physical Sciences","0","0"
"W3183579067","10.1590/fst.29121","2021","article","Research on food safety sampling inspection system based on deep learning","Food Science and Technology","journal","Tzu-Chia Chen","2","TH","20","Smart Agriculture and AI","Agricultural and Biological Sciences","Life Sciences","1","0"
"W3200376579","10.3390/rs13183760","2021","article","Predicting Maize Yield at the Plot Scale of Different Fertilizer Systems by Multi-Source Data and Machine Learning Methods","Remote Sensing","journal","Linghua Meng","4","CN;US","44","Remote Sensing in Agriculture","Environmental Science","Physical Sciences","1","0"
"W4395682263","10.1016/j.compag.2024.108942","2024","article","Estimation of wheat biophysical variables through UAV hyperspectral remote sensing using machine learning and radiative transfer models","Computers and Electronics in Agriculture","journal","Rabi Narayan Sahoo","13","IN;ES","45","Remote Sensing in Agriculture","Environmental Science","Physical Sciences","0","0"
"W4406049191","10.1093/erae/jbae031","2024","article","Friendshoring in global food supply chains","European Review of Agricultural Economics","journal","Savin Khadka","3","US","4","Global trade and economics","Economics, Econometrics and Finance","Social Sciences","1","0"
"W4407677602","10.5219/scifood.28","2025","article","The current state of carbon footprint quantification and tracking in the agri-food industry","Scifood.","journal","Jozef Čapla","4","SK","10","Agriculture Sustainability and Environmental Impact","Environmental Science","Physical Sciences","1","0"
"W3179504170","10.1038/s41538-021-00100-8","2021","article","Combing machine learning and elemental profiling for geographical authentication of Chinese Geographical Indication (GI) rice","npj Science of Food","journal","Fei Xu","6","","30","Identification and Quantification in Food","Biochemistry, Genetics and Molecular Biology","Life Sciences","1","0"
"W2549899276","10.1016/j.geoderma.2016.11.020","2016","article","Mapping numerically classified soil taxa in Kilombero Valley, Tanzania using machine learning","Geoderma","journal","Boniface H. J. Massawe","5","TZ;US;KE","35","Soil Geostatistics and Mapping","Environmental Science","Physical Sciences","0","0"
"W4417450989","10.1080/00207543.2025.2604309","2025","article","AI-Blockchain synergy for resilient agricultural supply chains: an evolutionary game analysis","International Journal of Production Research","journal","RUIHUI YU","4","CN;HK;GB","7","Supply Chain Resilience and Risk Management","Business, Management and Accounting","Social Sciences","1","1"
"W4411968078","10.1016/j.tifs.2025.105161","2025","article","Artificial intelligence in smart seafood safety across the supply chains: Recent advances and future prospects","Trends in Food Science & Technology","journal","Xidong Jiao","13","CN;SG","23","Food Supply Chain Traceability","Agricultural and Biological Sciences","Life Sciences","0","0"
"W7117478829","10.3390/foods15010090","2025","article","Machine Learning in Transforming the Food Industry","Foods","journal","Malik Altaf Hussain","3","AU","13","Food Drying and Modeling","Agricultural and Biological Sciences","Life Sciences","1","0"
"W4319319540","10.3390/s23041779","2023","article","Early Identification of Crop Type for Smallholder Farming Systems Using Deep Learning on Time-Series Sentinel-2 Imagery","Sensors","journal","Haseeb Rehman Khan","8","PK;CN","41","Remote Sensing in Agriculture","Environmental Science","Physical Sciences","1","0"
"W4308311934","10.1016/j.apm.2022.10.052","2022","article","Quantile deep learning model and multi-objective opposition elite marine predator optimization algorithm for wind speed prediction","Applied Mathematical Modelling","journal","Jianzhou Wang","5","CN;MO","43","Energy Load and Power Forecasting","Engineering","Physical Sciences","0","0"
"W4403585107","10.3390/agriculture14101837","2024","article","The Development of a Prediction Model Related to Food Loss and Waste in Consumer Segments of Agrifood Chain Using Machine Learning Methods","Agriculture","journal","Daniel Nijloveanu","7","RO","8","Food Waste Reduction and Sustainability","Agricultural and Biological Sciences","Life Sciences","1","1"
"W4205670660","10.1109/access.2022.3143524","2022","article","Artificial Neural Networks and Computer Vision’s-Based Phytoindication Systems for Variable Rate Irrigation Improving","IEEE Access","journal","Galina Nickolaevna Kamyshova","8","RU;PL","33","Smart Agriculture and AI","Agricultural and Biological Sciences","Life Sciences","1","1"
"W4406106160","10.1016/j.agsy.2024.104251","2025","article","How can digitalisation support transformation towards sustainable agri-food systems? Scenario development in Lower Austria","Agricultural Systems","journal","Beatrix Wepner","6","AT","17","University-Industry-Government Innovation Models","Business, Management and Accounting","Social Sciences","1","1"
"W4405444785","10.3390/app142411735","2024","article","Leveraging Blockchain and Consignment Contracts to Optimize Food Supply Chains Under Uncertainty","Applied Sciences","journal","Isha Sharma","4","IN","7","Blockchain Technology Applications and Security","Computer Science","Physical Sciences","1","1"
"W4402893522","10.52665/ser20220201","2022","article","ARTIFICIAL INTELLIGENCE IN THE AGRI-FOOD INDUSTRY","Sociálno-ekonomická revue","journal","Vaida Bačiulienė","2","","1","Smart Agriculture and AI","Agricultural and Biological Sciences","Life Sciences","1","0"
"W3205382757","10.1016/j.tifs.2021.10.002","2021","article","Vegetable waste and by-products to feed a healthy gut microbiota: Current evidence, machine learning and computational tools to design novel microbiome-targeted foods","Trends in Food Science & Technology","journal","Carlos Sabater","6","ES","50","Gut microbiota and health","Biochemistry, Genetics and Molecular Biology","Life Sciences","1","1"
"W3211917960","10.36877/aafrj.a0000237","2021","article","Quality Inspection of Food and Agricultural Products using Artificial Intelligence","Advances in Agricultural and Food Research Journal","journal","Maimunah Mohd Ali","4","MY","11","Spectroscopy and Chemometric Analyses","Chemistry","Physical Sciences","1","0"
"W4402688361","10.1111/ijfs.17546","2024","article","Implementing artificial intelligence to measure meat quality parameters in local market traceability processes","International Journal of Food Science & Technology","journal","Wuesley Yusmein Alvarez-García","5","PE","18","Food Supply Chain Traceability","Agricultural and Biological Sciences","Life Sciences","1","0"
"W4403066811","10.11591/ijra.v13i4.pp361-372","2024","article","The future of artificial intelligence-driven robotics: applications and implications","IAES International Journal of Robotics and Automation (IJRA)","journal","Tole Sutikno","1","ID","11","Impact of AI and Big Data on Business and Society","Decision Sciences","Social Sciences","1","0"
"W4313705912","10.35940/ijeat.c3961.0212323","2023","article","Technology Adoption in Food Supply Chain Management in Developing Countries: A Review","International Journal of Engineering and Advanced Technology","journal","Netra Shah","1","US","6","Food Waste Reduction and Sustainability","Agricultural and Biological Sciences","Life Sciences","1","1"
"W7162125013","10.3390/agriculture16111136","2026","article","The Impact of Artificial Intelligence on Agricultural Supply Chain Resilience: Evidence from Agricultural Listed Firms","Agriculture","journal","Guohao Zou","3","CN;SG","2","Supply Chain Resilience and Risk Management","Business, Management and Accounting","Social Sciences","1","1"
"W4409961703","10.1007/s44279-025-00215-6","2025","review","Maize and soybean yield prediction using machine learning methods: a systematic literature review","Discover Agriculture","journal","Ramandeep Kumar Sharma","9","US;IN","23","Smart Agriculture and AI","Agricultural and Biological Sciences","Life Sciences","1","1"
"W4395481812","10.1016/j.jafr.2024.101179","2024","article","An Artificial Intelligence-based tool to predict “unhealthy” wine and olive oil","Journal of Agriculture and Food Research","journal","Gilda Aiello","2","IT","13","Spectroscopy and Chemometric Analyses","Chemistry","Physical Sciences","1","0"
"W4408163914","10.1007/s10668-025-06060-3","2025","review","Disruptions in the food supply chain during pandemic: a systematic review","Environment Development and Sustainability","journal","Jun Wu","3","CN;CL","5","Supply Chain Resilience and Risk Management","Business, Management and Accounting","Social Sciences","0","0"
"W2989848312","10.3390/app9224903","2019","article","An Agent-Based Model Driven Decision Support System for Reactive Aggregate Production Scheduling in the Green Coffee Supply Chain","Applied Sciences","journal","María del Rosario Pérez-Salazar","6","MX","14","Process Optimization and Integration","Engineering","Physical Sciences","1","1"
"W4385345377","10.3390/ani13152428","2023","article","Estimating the Feeding Time of Individual Broilers via Convolutional Neural Network and Image Processing","Animals","journal","Amin Nasiri","4","US","27","Animal Nutrition and Physiology","Agricultural and Biological Sciences","Life Sciences","1","1"
"W4404554663","10.1016/j.heliyon.2024.e40568","2024","article","Exploring current trends in agricultural commodities forecasting methods through text mining: Developments in statistical and artificial intelligence methods","Heliyon","journal","Luana Gonçalves Guindani","5","BR;ES","17","Technology and Data Analysis","Computer Science","Physical Sciences","1","1"
"W4411990214","10.1016/j.digbus.2026.100176","2026","article","Managerial and structural drivers of industry 4.0 technology adoption in the agri-food supply chain","Digital Business","journal","Abby ShalekBriski","3","US","1","Global Trade and Competitiveness","Business, Management and Accounting","Social Sciences","1","1"
"W4415230639","10.3390/biotech14040080","2025","article","Molecular Docking as a Key Driver of Biocontrol for Agri-Food Security","BioTech","journal","María Isabel Íñiguez-Luna","7","MX","8","Transgenic Plants and Applications","Biochemistry, Genetics and Molecular Biology","Life Sciences","1","0"
"W4396702803","10.1007/s11356-024-33526-0","2024","article","Agro-industrial waste management employing benefits of artificial intelligence","Environmental Science and Pollution Research","journal","Amrita Rai","2","IN","13","Food Waste Reduction and Sustainability","Agricultural and Biological Sciences","Life Sciences","0","1"
"W4206715226","10.1038/s41598-021-04432-z","2022","article","Deep learning-based system development for black pine bast scale detection","Scientific Reports","journal","Wonsub Yun","5","KR","24","Smart Agriculture and AI","Agricultural and Biological Sciences","Life Sciences","1","1"
"W4415317549","10.1007/s00216-025-06166-7","2025","article","Trends on vibrational spectroscopy tools in the agri-food sector","Analytical and Bioanalytical Chemistry","journal","Candela Melendreras","4","ES","6","Spectroscopy and Chemometric Analyses","Chemistry","Physical Sciences","1","1"
"W4415725054","10.1002/fsh3.70050","2025","article","Advancing Food Safety Through Artificial Intelligence: A Detailed Review of Monitoring and Detection Technologies","Food Safety and Health","journal","Anju Kanicheril Ambikalekshmi","5","","12","Food Supply Chain Traceability","Agricultural and Biological Sciences","Life Sciences","1","0"
"W4377023566","10.1016/j.atech.2023.100254","2023","article","Agricultural process data as a source for knowledge: Perspective on artificial intelligence","Smart Agricultural Technology","journal","Juha Backman","3","FI","11","Smart Agriculture and AI","Agricultural and Biological Sciences","Life Sciences","1","1"
"W4313449186","10.5902/1983465969430","2022","article","Decision-making in agribusiness based on artificial intelligence","Revista de Administração da UFSM","journal","Marina Valim Bandeira","3","BR","2","Big Data and Business Intelligence","Business, Management and Accounting","Social Sciences","1","1"
"W4281291894","10.1155/2022/4661108","2022","article","A Novel Model to Detect and Classify Fresh and Damaged Fruits to Reduce Food Waste Using a Deep Learning Technique","Journal of Food Quality","journal","T. Bharath Kumar","6","IN;ET","31","Food Waste Reduction and Sustainability","Agricultural and Biological Sciences","Life Sciences","1","0"
"W4285305801","10.31803/tg-20210914162640","2022","article","Smart Agriculture Development and Its Contribution to the Sustainable Digital Transformation of the Agri-Food Sector","Tehnički glasnik","journal","Darko Lugonja","7","HR","10","Smart Agriculture and AI","Agricultural and Biological Sciences","Life Sciences","1","0"
"W3164404082","10.3390/rs13101998","2021","article","Detecting Winter Cover Crops and Crop Residues in the Midwest US Using Machine Learning Classification of Thermal and Optical Imagery","Remote Sensing","journal","Mallory L. Barnes","3","US","37","Remote Sensing in Agriculture","Environmental Science","Physical Sciences","1","1"
"W4402310945","10.1016/j.foodchem.2024.141115","2024","article","Machine learning supported single-stranded DNA sensor array for multiple foodborne pathogenic and spoilage bacteria identification in milk","Food Chemistry","journal","Yi Wang","4","US","25","Biosensors and Analytical Detection","Engineering","Physical Sciences","0","0"
"W4414031746","10.1016/j.jenvman.2025.127121","2025","article","Data-driven stochastic programming for sustainable agricultural supply chain design: Toward the circular economy","Journal of Environmental Management","journal","Hamed Darouni","3","IR","7","Food Waste Reduction and Sustainability","Agricultural and Biological Sciences","Life Sciences","0","0"
"W4411436385","10.1108/bfj-09-2024-0944","2025","article","Technological advancements and challenges in food supply chain management: a scientometric analysis","British Food Journal","journal","Amit Kohli","6","CA;IN","5","Food Waste Reduction and Sustainability","Agricultural and Biological Sciences","Life Sciences","1","1"
"W2913081107","10.1080/16742834.2019.1569455","2019","article","Wind speed forecasting based on wavelet decomposition and wavelet neural networks optimized by the Cuckoo search algorithm","Atmospheric and Oceanic Science Letters","journal","Ye Zhang","5","CN","28","Energy Load and Power Forecasting","Engineering","Physical Sciences","1","1"
"W4407551849","10.1108/jkm-05-2024-0517","2025","article","Knowledge sharing between businesses and stakeholders for systemic and sustainable regional development. Insights in the agri-food sector","Journal of Knowledge Management","journal","Paola Scorrano","5","IT;CY","13","Service and Product Innovation","Business, Management and Accounting","Social Sciences","1","1"
"W4410008516","10.3390/world6020057","2025","article","Assessing Agri-Food Digitalization: Insights from Bibliometric and Survey Analysis in Andalusia","World","journal","José Ramón Luque-Reyes","4","ES","8","Smart Agriculture and AI","Agricultural and Biological Sciences","Life Sciences","1","1"
"W4402417451","10.32317/2221-1055.2024030.10","2024","article","Improving business processes in the agricultural sector considering economic security, digitalization, risks, and artificial intelligence","Ekonomika APK","journal","Наталія Зеліско","5","","17","Impact of AI and Big Data on Business and Society","Decision Sciences","Social Sciences","1","1"
"W7138896817","10.3390/foods15061081","2026","article","Digital and Green Technological Drivers of Transformation in the Agri-Food Sector","Foods","journal","Marko Kostić","4","RS;HR","7","Food Waste Reduction and Sustainability","Agricultural and Biological Sciences","Life Sciences","1","1"
"W7135215223","10.1016/j.patter.2026.101496","2026","article","Agentic AI as a coordination paradigm in digital health and agri-food systems","Patterns","journal","Anand Gavai","2","NL","8","Multi-Agent Systems and Negotiation","Computer Science","Physical Sciences","1","0"
"W4385322907","10.1016/j.jfp.2023.100136","2023","article","Predicting Foodborne Disease Outbreaks with Food Safety Certifications: Econometric and Machine Learning Analyses","Journal of Food Protection","journal","Yuqing Zheng","3","US;ES","24","Food Safety and Hygiene","Agricultural and Biological Sciences","Life Sciences","1","1"
"W4402327012","10.1016/j.desal.2024.118092","2024","article","Machine learning framework for wastewater circular economy — Towards smarter nutrient recoveries","Desalination","journal","Allan Soo","3","AU","18","Water Quality Monitoring Technologies","Environmental Science","Physical Sciences","1","0"
"W4406700287","10.3390/jtaer20010016","2025","article","Is Artificial Intelligence a Game-Changer in Steering E-Business into the Future? Uncovering Latent Topics with Probabilistic Generative Models","Journal of theoretical and applied electronic commerce research","journal","Simona‐Vasilica Oprea","2","RO","20","Recommender Systems and Techniques","Computer Science","Physical Sciences","1","1"
"W4281923949","10.1016/j.agrformet.2022.109036","2022","article","A canopy photosynthesis model based on a highly generalizable artificial neural network incorporated with a mechanistic understanding of single-leaf photosynthesis","Agricultural and Forest Meteorology","journal","Takahiro Kaneko","9","JP","33","Plant Water Relations and Carbon Dynamics","Environmental Science","Physical Sciences","1","1"
"W7134190531","10.1016/j.tifs.2026.105670","2026","article","Intelligent label systems in fresh food supply chain: from single-function to multi-parameter integration","Trends in Food Science & Technology","journal","Fangye Zeng","4","CN;MY","7","Food Waste Reduction and Sustainability","Agricultural and Biological Sciences","Life Sciences","0","0"
"W4404653134","10.55905/oelv22n11-184","2024","article","A legal approach: artificial intelligence, agribusiness and the 2030 agenda","OBSERVATÓRIO DE LA ECONOMÍA LATINOAMERICANA","journal","Thiago Teixeira Santos","1","","2","Law, AI, and Intellectual Property","Computer Science","Physical Sciences","1","1"
"W4408479055","10.1016/j.dajour.2025.100561","2025","article","A predictive modelling approach to decoding consumer intention for adopting energy-efficient technologies in food supply chains","Decision Analytics Journal","journal","Brintha Rajendran","3","IN","7","Food Waste Reduction and Sustainability","Agricultural and Biological Sciences","Life Sciences","1","1"
"W4324147104","10.3389/fpls.2023.1056603","2023","article","Translating virome analyses to support biosecurity, on-farm management, and crop breeding","Frontiers in Plant Science","journal","Ricardo Iván Alcalá-Briseño","13","US;CO;KE;VN;PE;UG","15","Plant Virus Research Studies","Agricultural and Biological Sciences","Life Sciences","1","1"
"W4401001319","10.1016/j.heliyon.2024.e34807","2024","article","Adaptive machine learning for forecasting in wind energy: A dynamic, multi-algorithmic approach for short and long-term predictions","Heliyon","journal","Mutaz AlShafeey","2","HU","27","Energy Load and Power Forecasting","Engineering","Physical Sciences","1","1"
"W4393166233","10.1016/j.jii.2024.100606","2024","article","Fuzzy reliability evaluation and machine learning-based fault prediction of wind turbines","Journal of Industrial Information Integration","journal","Jinjing An","5","CN","22","Technology and Security Systems","Computer Science","Physical Sciences","0","0"
"W2943805251","10.1016/j.jclepro.2019.04.367","2019","article","Decision support for collaboration planning in sustainable supply chains","Journal of Cleaner Production","journal","Hamid Allaoui","3","FR;CN;FI;US","232","Sustainable Supply Chain Management","Business, Management and Accounting","Social Sciences","0","1"
"W4390893884","10.31185/wjcms.206","2023","article","Innovative Livestock: A Survey of Artificial Intelligence Techniques in Livestock Farming Management","Wasit Journal of Computer and Mathematics Science","journal","Maad Mohsin Mijwil","6","IQ;NG;AU;UG","11","Smart Agriculture and AI","Agricultural and Biological Sciences","Life Sciences","1","1"
"W4294955988","10.3390/agronomy12092133","2022","article","Modeling and Forecasting of Rice Prices in India during the COVID-19 Lockdown Using Machine Learning Approaches","Agronomy","journal","Santosha Rathod","6","IN;HR","22","COVID-19 Pandemic Impacts","Economics, Econometrics and Finance","Social Sciences","1","1"
"W4410233153","10.1142/s012915642540556x","2025","article","Agricultural Product Supply Chain Inventory Control and Allocation Decision Support System Integrating Artificial Intelligence Technology","International Journal of High Speed Electronics and Systems","journal","Hui Wang","1","CN","2","Technology and Data Analysis","Computer Science","Physical Sciences","1","1"
"W4412019554","10.3389/fsufs.2025.1618551","2025","article","The impact of environmental tax policies on artificial intelligence investment: evidence from agri-food, food processing, and other industries","Frontiers in Sustainable Food Systems","journal","Guangxing Hu","3","CN","3","Energy, Environment, Economic Growth","Economics, Econometrics and Finance","Social Sciences","1","0"
"W7136767124","10.1016/j.tifs.2026.105698","2026","article","Embodied artificial intelligence in the food supply chain: Innovations, challenges, and future perspectives","Trends in Food Science & Technology","journal","Chongyu Wang","12","CN;SG;US","1","Food Supply Chain Traceability","Agricultural and Biological Sciences","Life Sciences","0","0"
"W7129089471","10.3390/agriculture16040462","2026","article","A Bibliometric Review of Machine Learning for Sustainable Agri-Food Systems: Evolution, Collaboration Networks, and Future Directions","Agriculture","journal","Segundo Rojas-Flores","6","PE","3","Smart Agriculture and AI","Agricultural and Biological Sciences","Life Sciences","1","0"
"W4319961195","10.3390/foods12040757","2023","article","Use of Machine Learning with Fused Spectral Data for Prediction of Product Sensory Characteristics: The Case of Grape to Wine","Foods","journal","Claire E. J. Armstrong","5","AU","25","Spectroscopy and Chemometric Analyses","Chemistry","Physical Sciences","1","0"
"W4404318706","10.1016/j.compag.2024.109618","2024","article","Evaluating agriculture 4.0 decision support systems based on hyperbolic fuzzy-weighted zero-inconsistency combined with combinative distance-based assessment","Computers and Electronics in Agriculture","journal","Abdullah Hussein Alamoodi","9","JO;KW;MY;AZ;LB;TR;IQ;EG;IE","16","Smart Agriculture and AI","Agricultural and Biological Sciences","Life Sciences","0","1"
"W4410568296","10.1016/j.sftr.2025.100708","2025","article","Artificial intelligence in agriculture: Unveiling trends in supply chain advancements","Sustainable Futures","journal","Abhishek Kashyap","4","IN","8","Big Data and Business Intelligence","Business, Management and Accounting","Social Sciences","1","0"
"W4415045538","10.3390/su17208992","2025","article","Artificial Intelligence for Infrastructure Resilience: Transportation Systems as a Strategic Case for Policy and Practice","Sustainability","journal","Olusola Olajide Ajayi","4","ZA;FR","11","Infrastructure Resilience and Vulnerability Analysis","Engineering","Physical Sciences","1","1"
"W4313241479","10.32604/cmc.2023.034833","2022","article","Application of Deep Learning to Production Forecasting in Intelligent Agricultural Product Supply Chain","Computers, materials & continua/Computers, materials & continua (Print)","journal","Xiao Ya","6","CN;MY","12","Smart Agriculture and AI","Agricultural and Biological Sciences","Life Sciences","1","0"
"W4388527512","10.3390/rs15225304","2023","article","Soil Data Cube and Artificial Intelligence Techniques for Generating National-Scale Topsoil Thematic Maps: A Case Study in Lithuanian Croplands","Remote Sensing","journal","Nikiforos Samarinas","5","GR","19","Remote Sensing in Agriculture","Environmental Science","Physical Sciences","1","1"
"W7118138020","10.1002/agf2.70009","2026","article","Generative Artificial Intelligence Shaping the Future of Agri‐Food Innovation","AgriFood Journal of Agricultural Products for Food","journal","Jun‐Li Xu","3","IE","1","Smart Agriculture and AI","Agricultural and Biological Sciences","Life Sciences","1","1"
"W4391377469","10.18805/lrf-786","2024","article","Blockchain and Artificial Intelligence for Ensuring the Authenticity of Organic Legume Products in Supply Chains","Legume Research - An International Journal","journal","Si-Yeong Kim","2","KR;SA","12","Blockchain Technology Applications and Security","Computer Science","Physical Sciences","1","1"
"W3208832175","10.3390/app112110167","2021","article","Analysis of Water Consumption in Fruit and Vegetable Processing Plants with the Use of Artificial Intelligence","Applied Sciences","journal","Jędrzej Trajer","3","PL","12","Vehicle emissions and performance","Engineering","Physical Sciences","1","0"
"W4415788788","10.1186/s12870-025-07377-x","2025","article","Deep learning technique for plant disease classification and pest detection and model explainability elevating agricultural sustainability","BMC Plant Biology","journal","Wasswa Shafik","5","UG;BN;KR","21","Smart Agriculture and AI","Agricultural and Biological Sciences","Life Sciences","1","1"
"W4416470652","10.3390/logistics9040164","2025","article","A Data-Driven Framework for Agri-Food Supply Chains: A Case Study on Inventory Optimization in Colombian Potatoes Management","Logistics","journal","Daniel Muñoz Rojas","3","CO;CA","1","Potato Plant Research","Agricultural and Biological Sciences","Life Sciences","1","1"
"W4409753330","10.30574/ijsra.2024.12.2.1536","2024","article","Predictive crop protection using machine learning: A scalable framework for U.S. Agriculture","International Journal of Science and Research Archive","journal","Oluwabukola G. Emi-Johnson","3","US","17","Agricultural risk and resilience","Agricultural and Biological Sciences","Life Sciences","1","1"
"W2788373759","10.3168/jds.2017-14076","2018","article","Predicting blood β-hydroxybutyrate using milk Fourier transform infrared spectrum, milk composition, and producer-reported variables with multiple linear regression, partial least squares regression, and artificial neural network","Journal of Dairy Science","journal","Ryan S. Pralle","3","US","56","Genetic and phenotypic traits in livestock","Biochemistry, Genetics and Molecular Biology","Life Sciences","1","1"
"W4408347896","10.1007/s00521-025-11125-5","2025","article","Deep learning for recognition and detection of plant diseases and pests","Neural Computing and Applications","journal","Xiang Yue","6","CN","10","Smart Agriculture and AI","Agricultural and Biological Sciences","Life Sciences","0","0"
"W7117316864","10.1016/j.compag.2025.111351","2025","review","Drivers of the agriculture 4.0 technologies in the agri-food system – a systematic literature review and directions for future research","Computers and Electronics in Agriculture","journal","Franco da Silveira","3","BR;US","9","Smart Agriculture and AI","Agricultural and Biological Sciences","Life Sciences","0","0"
"W4281661704","10.1016/j.biosystemseng.2022.05.016","2022","article","Prediction of growth in grower-finisher pigs using recurrent neural networks","Biosystems Engineering","journal","Christian Taylor","3","GB","14","Effects of Environmental Stressors on Livestock","Agricultural and Biological Sciences","Life Sciences","1","1"
"W4416666285","10.1016/j.tre.2025.104564","2025","article","Understanding agricultural supply chain resilience in developing countries: A Short-Chain framework","Transportation Research Part E Logistics and Transportation Review","journal","Minqian Yuan","4","CN","4","Supply Chain Resilience and Risk Management","Business, Management and Accounting","Social Sciences","0","0"
"W4411832820","10.3390/agriculture15131383","2025","article","Digital Transition as a Driver for Sustainable Tailor-Made Farm Management: An Up-to-Date Overview on Precision Livestock Farming","Agriculture","journal","Caterina Losacco","6","IT","20","Food Supply Chain Traceability","Agricultural and Biological Sciences","Life Sciences","1","1"
"W4408285014","10.1088/2515-7647/adbea9","2025","article","2025 photonics for agrifood roadmap: towards a sustainable and healthier planet","Journal of Physics Photonics","journal","Lien Smeesters","79","BE;CH;IT;FR;IN;AU;SE;PL;ES;HU;NL;DE;FI;GR;AT;MX;IE","8","Biomedical and Engineering Education","Engineering","Physical Sciences","1","0"
"W4390026313","10.1016/j.compag.2023.108439","2023","article","Large-scale spatio-temporal yield estimation via deep learning using satellite and management data fusion in vineyards","Computers and Electronics in Agriculture","journal","Hamid Kamangir","5","US","30","Horticultural and Viticultural Research","Agricultural and Biological Sciences","Life Sciences","0","1"
"W3093748792","10.3390/s20205932","2020","article","Characterization and Differentiation between Olive Varieties through Electrical Impedance Spectroscopy, Neural Networks and IoT","Sensors","journal","José Miguel Madueño Luna","3","ES","17","Spectroscopy and Chemometric Analyses","Chemistry","Physical Sciences","1","0"
"W7128724413","10.3390/foods15040676","2026","article","Impact of Farm Management Practices on Salmonella Occurrence at the Farm Level—A Blend of Traditional Methods and Artificial Intelligence","Foods","journal","Diana Marcu","15","RO;GB;US","3","Salmonella and Campylobacter epidemiology","Agricultural and Biological Sciences","Life Sciences","1","1"
"W4404303591","10.1038/s41598-024-79177-6","2024","article","Assessing the adoption barriers for the AI in food supply chain finance applying a hybrid interval-valued Fermatean fuzzy CRITIC-ARAS model","Scientific Reports","journal","Wenyi Wang","9","CN","8","Supply Chain and Inventory Management","Business, Management and Accounting","Social Sciences","1","1"
"W4407217124","10.1002/cft2.70027","2025","review","A narrative review of artificial intelligence to optimize the use of fertilizers: A game changing opportunity","Crop Forage & Turfgrass Management","journal","Sarmistha Saha","2","IN","11","Smart Agriculture and AI","Agricultural and Biological Sciences","Life Sciences","1","1"
"W4388700818","10.1186/s42523-023-00260-w","2023","article","Predicting foodborne pathogens and probiotics taxa within poultry-related microbiomes using a machine learning approach","Animal Microbiome","journal","Moses Babatunde Ayoola","5","US","23","Salmonella and Campylobacter epidemiology","Agricultural and Biological Sciences","Life Sciences","1","1"
"W4413001147","10.1016/j.biortech.2025.133090","2025","article","Transforming agri-food waste into value: Sustainable approaches for next-generation resistant starch production","Bioresource Technology","journal","Shikha Pandhi","9","IN;AU;PL;KR","6","Food composition and properties","Nursing","Health Sciences","0","0"
"W7166591478","10.1007/s10068-026-02210-z","2026","review","Interoperable artificial intelligence for food safety management systems across the food supply chain: a systematic review","Food Science and Biotechnology","journal","Na-Yeon Kim","4","KR","1","Food Supply Chain Traceability","Agricultural and Biological Sciences","Life Sciences","0","1"
"W7163575178","10.1016/j.tifs.2026.105853","2026","article","Integrating ionic liquids and artificial intelligence for circular agri-food waste valorization","Trends in Food Science & Technology","journal","Yuying Zeng","12","CN;IL","1","Ionic liquids properties and applications","Chemical Engineering","Physical Sciences","1","1"
"W4361022433","10.11591/ijai.v12.i3.pp1386-1395","2023","article","Energy-efficient deep learning model for fruit freshness detection","IAES International Journal of Artificial Intelligence","journal","Febrian Valentino","4","ID","10","Smart Agriculture and AI","Agricultural and Biological Sciences","Life Sciences","1","0"
"W4378908577","10.55524/ijircst.2023.11.3.4","2023","article","Artificial Intelligence Based Predictive Analysis of Customer Churn","International Journal of Innovative Research in Computer Science & Technology","journal","Aman Jatain","4","IN","5","Food Supply Chain Traceability","Agricultural and Biological Sciences","Life Sciences","1","0"
"W4388563707","10.1016/j.microc.2023.109638","2023","article","Atlantic salmon adulteration authentication by machine learning using bioimpedance non-destructive flexible sensing","Microchemical Journal","journal","Luwei Zhang","6","CN","19","Meat and Animal Product Quality","Agricultural and Biological Sciences","Life Sciences","0","0"
"W4412698405","10.3390/su17156860","2025","article","Top Management Challenges in Using Artificial Intelligence for Sustainable Development Goals: An Exploratory Case Study of an Australian Agribusiness","Sustainability","journal","Amanda Balasooriya","2","AU","4","Big Data and Business Intelligence","Business, Management and Accounting","Social Sciences","1","1"
"W4406077926","10.1093/af/vfae040","2024","article","Artificial intelligence applied to dairy science: insights from the Dairy Brain Initiative","Animal Frontiers","journal","Víctor E. Cabrera","1","US","12","Smart Agriculture and AI","Agricultural and Biological Sciences","Life Sciences","1","1"
"W4396865074","10.1177/27551857241250014","2024","article","Raman and Mid-Infrared Spectroscopy Coupled With Machine–Deep Learning for Adulterant Detection in Ground Turmeric","Applied Spectroscopy Practica","journal","Thomas A. Teklemariam","1","CA","11","Geochemistry and Geologic Mapping","Computer Science","Physical Sciences","1","0"
"W4415394108","10.1080/01605682.2025.2573824","2025","article","Generative heuristics-driven for blockchain-enhanced reputation systems and dynamic optimization in short food supply chains","Journal of the Operational Research Society","journal","Houda Dahbi","5","MA;FR","5","Blockchain Technology Applications and Security","Computer Science","Physical Sciences","1","1"
"W4414824801","10.1016/j.tifs.2025.105357","2025","article","Intelligent non-invasive testing of food quality: Advancing accuracy and efficiency powered by artificial intelligence","Trends in Food Science & Technology","journal","Jingxiao Yu","3","CN;IE","12","Spectroscopy and Chemometric Analyses","Chemistry","Physical Sciences","0","0"
"W4399258389","10.11591/csit.v5i1.pp55-62","2024","article","Deep learning technique for plant disease detection","Computer Science and Information Technologies","journal","Temitope Samson Adekunle","6","US;NG;ZA;GB","10","Smart Agriculture and AI","Agricultural and Biological Sciences","Life Sciences","1","1"
"W4404943592","10.37349/eff.2024.00063","2024","article","From data to nutrition: the impact of computing infrastructure and artificial intelligence","Exploration of Foods and Foodomics","journal","Pierpaolo Di Bitonto","13","IT","6","Biomedical Text Mining and Ontologies","Biochemistry, Genetics and Molecular Biology","Life Sciences","1","1"
"W4408256958","10.36887/2415-8453-2025-1-25","2025","article","Competitiveness management of agrarian business entities in the context of transformation of agricultural supply chains","Ukrainian Journal of Applied Economics and Technology","journal","Жанна Кононенко","1","","3","Agriculture Market Analysis Ukraine","Agricultural and Biological Sciences","Life Sciences","1","1"
"W4401703139","10.22266/ijies2024.1031.51","2024","article","Deep Learning based Robust Food Supply Chain Enabled Effective Management with Blockchain","International journal of intelligent engineering and systems","journal","","0","","1","Blockchain Technology Applications and Security","Computer Science","Physical Sciences","1","1"
"W4220766883","10.5281/zenodo.6258922","2022","article","A REVIEW OF APPLICATION OF MACHINE LEARNING IN AGRICULTURE SUPPLY CHAIN TO IMPROVE FOOD AND AGRICULTURE INDUSTRY","Zenodo (CERN European Organization for Nuclear Research)","repository","Inibehe Archibong Job","3","NG","1","Global Trade and Competitiveness","Business, Management and Accounting","Social Sciences","1","0"
"W3208694584","10.1016/j.ijfoodmicro.2021.109458","2021","article","Spectroscopy and imaging technologies coupled with machine learning for the assessment of the microbiological spoilage associated to ready-to-eat leafy vegetables","International Journal of Food Microbiology","journal","Evanthia Manthou","7","GR","22","Spectroscopy and Chemometric Analyses","Chemistry","Physical Sciences","0","0"
"W4395061810","10.1016/j.compag.2024.108933","2024","article","Comparison of deep learning models for milk production forecasting at national scale","Computers and Electronics in Agriculture","journal","Luigi Cesarini","7","IT;PT","13","Genetic and phenotypic traits in livestock","Biochemistry, Genetics and Molecular Biology","Life Sciences","0","0"
"W4366422206","10.3390/su15086843","2023","article","Analysis of Development Strategy for Ecological Agriculture Based on a Neural Network in the Environmental Economy","Sustainability","journal","Yi Cheng","1","CN","14","Smart Agriculture and AI","Agricultural and Biological Sciences","Life Sciences","1","1"
"W4353069584","10.3390/agronomy13030935","2023","article","Integration Vis-NIR Spectroscopy and Artificial Intelligence to Predict Some Soil Parameters in Arid Region: A Case Study of Wadi Elkobaneyya, South Egypt","Agronomy","journal","Moatez A. El-Sayed","6","EG;RU","15","Soil Geostatistics and Mapping","Environmental Science","Physical Sciences","1","1"
"W4402198318","10.32417/1997-4868-2024-24-08-1093-1105","2024","article","Forecasting of agri-food economic systems using artificial neural networks","Agrarian Bulletin of the","journal","Alyeksandr Dubovitskiy","2","RU","1","Digitalization and Economic Development in Agriculture","Business, Management and Accounting","Social Sciences","1","0"
"W4390407773","10.24294/jipd.v8i2.2871","2023","review","The confluence of Logistics 4.0 and agribusiness: A systematic review and future directions","Journal of Infrastructure Policy and Development","journal","Denisse Viridiana Velarde-Osuna","12","MX;EC;CO","13","Digital Transformation in Industry","Engineering","Physical Sciences","1","1"
"W3118357256","10.1007/s41870-020-00603-9","2021","article","Framework for agricultural e-trading platform adoption using neural networks","International Journal of Information Technology","journal","Sanjay Chaudhary","2","IN","12","Technology Adoption and User Behaviour","Decision Sciences","Social Sciences","0","0"
"W4412122753","10.1080/10408347.2025.2527748","2025","article","A Comprehensive Review of Terahertz Time-Domain Spectroscopy for Agri-Food Safety Detection: Enhanced Sensing Performance Through Multidisciplinary Technology Integration","Critical Reviews in Analytical Chemistry","journal","Lintong Zhang","9","CN;US","12","Terahertz technology and applications","Engineering","Physical Sciences","1","0"
"W4307893944","10.1080/09291016.2022.2139389","2022","article","Prospect and scope of artificial neural network in livestock farming: a review","Biological Rhythm Research","journal","Mokidur Rahman","7","IN","9","Effects of Environmental Stressors on Livestock","Agricultural and Biological Sciences","Life Sciences","1","1"
"W7133204318","10.1186/s40100-026-00465-y","2026","article","Success factors of agrifood start-ups – perspectives from machine learning","Agricultural and Food Economics","journal","Sibylle Gerlach","3","DE","2","Entrepreneurship Studies and Influences","Business, Management and Accounting","Social Sciences","1","1"
"W4414013618","10.3390/foods14173114","2025","article","Deep Learning-Driven Intelligent Fluorescent Probes: Advancements in Molecular Design for Accurate Food Safety Detection","Foods","journal","Yongqiang Shi","5","CN","18","Advanced biosensing and bioanalysis techniques","Biochemistry, Genetics and Molecular Biology","Life Sciences","1","0"
"W4394575260","10.33022/ijcs.v13i2.3846","2024","article","Deep Learning Algorithms for IoT Based Crop Yield Optimization","Indonesian Journal of Computer Science","journal","Souzan Maghdid","4","IQ","10","Smart Agriculture and AI","Agricultural and Biological Sciences","Life Sciences","1","1"
"W4383378118","10.33920/sel-11-2306-04","2023","article","Formation of a situational internal control system in agribusiness organizations using artificial intelligence","Buhuchet v sel skom hozjajstve (Accounting in Agriculture)","journal","L. I. Khoruzhy","5","","2","Digitalization and Economic Development in Agriculture","Business, Management and Accounting","Social Sciences","1","1"
"W7128061385","10.3389/fsufs.2025.1712080","2026","article","AI-driven smart packaging: enhancing sustainability and cybersecurity in food supply chains","Frontiers in Sustainable Food Systems","journal","Ibrahim Alrashdi","2","SA","3","Food Supply Chain Traceability","Agricultural and Biological Sciences","Life Sciences","1","0"
"W3213701554","10.30880/emait.2021.02.02.003","2021","article","Visual Decision Support System Model for Managing Unemployment by Hybrid Education","Emerging Advances in Integrated Technology","journal","Ahmad Faiz Ghazali","4","MY","4","COVID-19 Pandemic Impacts","Economics, Econometrics and Finance","Social Sciences","1","1"
"W4413487827","10.1111/jbl.70030","2025","article","The Impact of Artificial Intelligence ( AI )‐Enabled Collaborative Approach: Achieving Sustainable Supply Chain Performance","Journal of Business Logistics","journal","Tripti Paul","5","MA;GB;IN;US","9","Digital Transformation in Industry","Engineering","Physical Sciences","1","1"
"W4210435992","10.1007/s11227-021-04238-w","2022","article","Analysis of agricultural exports based on deep learning and text mining","The Journal of Supercomputing","journal","Jia-Lang Xu","2","TW","12","Global Trade and Competitiveness","Business, Management and Accounting","Social Sciences","0","0"
"W4416221464","10.1080/1448837x.2025.2586876","2025","article","Blockchain-based QR code and recurrent convolution neural network for food supply chain maintenance","Australian Journal of Electrical & Electronics Engineering","journal","I. Mohammed Musthafa Sheriff","2","IN","1","Food Supply Chain Traceability","Agricultural and Biological Sciences","Life Sciences","1","0"
"W4415264938","10.1016/j.jspr.2025.102844","2025","article","Data-driven virtual sensor systems for dynamic temperature monitoring along food supply chains","Journal of Stored Products Research","journal","Fenghua Duan","5","CN;NZ","4","Food Supply Chain Traceability","Agricultural and Biological Sciences","Life Sciences","1","0"
"W4403793743","10.1108/bfj-12-2023-1068","2024","article","Decarbonization and waste reduction in a disrupted food supply chain: a step towards achieving food sustainability","British Food Journal","journal","Ranveer Singh Rana","3","IN","4","Food Waste Reduction and Sustainability","Agricultural and Biological Sciences","Life Sciences","1","1"
"W4407901361","10.70445/gjcsai.1.2.2025.1-22","2025","article","AI-Powered Food Contaminant Detection: A Review of Machine Learning Approaches","Global Journal of Computer Sciences and Artificial Intelligence","journal","Khurram Shehzad","3","GB;PK","8","Advanced Chemical Sensor Technologies","Engineering","Physical Sciences","1","1"
"W7127284019","10.1016/j.sbr.2026.100075","2026","article","Strategic Integration of Artificial Intelligence in Spanish Agri-Food Firms: A Framework for Digital Transformation Pathways","Strategic Business Research","journal","Sergio Rodríguez Navarro","2","ES","1","Digital Transformation in Industry","Engineering","Physical Sciences","1","1"
"W4388870743","10.1016/j.heliyon.2023.e22601","2023","article","Application of digital technologies for ensuring agricultural productivity","Heliyon","journal","Rambod Abiri","5","MY","333","Smart Agriculture and AI","Agricultural and Biological Sciences","Life Sciences","1","1"
"W4392713658","10.1016/j.jafr.2024.101096","2024","article","Critical evaluation of the effects of a cross-validation strategy and machine learning optimization on the prediction accuracy and transferability of a soybean yield prediction model using UAV-based remote sensing","Journal of Agriculture and Food Research","journal","Luthfan Nur Habibi","3","JP","36","Remote Sensing in Agriculture","Environmental Science","Physical Sciences","1","1"
"W4366759967","10.46852/0424-2513.1.2023.25","2023","article","""A Review of Deep learning Models for Price Prediction in Agricultural Commodities""","Economic Affairs","journal","T. Gowthaman","1","IN","8","Stock Market Forecasting Methods","Decision Sciences","Social Sciences","1","1"
"W4415220117","10.1016/j.coelec.2025.101770","2025","review","Electrochemical biosensors for smart agri-food monitoring and decision support","Current Opinion in Electrochemistry","journal","Mahnoor Awan","4","US","4","Electrochemical sensors and biosensors","Engineering","Physical Sciences","0","1"
"W4402115167","10.1016/j.iswa.2024.200434","2024","article","A deep learning model for estimating body weight of live pacific white shrimp in a clay pond shrimp aquaculture","Intelligent Systems with Applications","journal","Nitthita Chirdchoo","3","TH","17","Water Quality Monitoring Technologies","Environmental Science","Physical Sciences","1","1"
"W3198334702","10.1088/2515-7620/ac2263","2021","article","Are African irrigation dam projects for large-scale agribusiness or small-scale farmers?","Environmental Research Communications","journal","Mokganedi Tatlhego","2","US","15","Water resources management and optimization","Engineering","Physical Sciences","1","0"
"W4385949596","10.3390/rs15164063","2023","article","Estimation of High-Resolution Soil Moisture in Canadian Croplands Using Deep Neural Network with Sentinel-1 and Sentinel-2 Images","Remote Sensing","journal","Soo-Jin Lee","6","KR","20","Soil Moisture and Remote Sensing","Environmental Science","Physical Sciences","1","0"
"W4396992806","10.1016/j.fcr.2024.109413","2024","article","Site-specific fertilizer recommendation using data driven machine learning enhanced wheat productivity and resource use efficiency","Field Crops Research","journal","Feyera Merga Liben","10","KE;IT;DE;PH;BD;IN","23","Smart Agriculture and AI","Agricultural and Biological Sciences","Life Sciences","0","0"
"W4307264313","10.3390/s22218124","2022","article","EDLaaS:Fully Homomorphic Encryption over Neural Network Graphs for Vision and Private Strawberry Yield Forecasting","Sensors","journal","George Onoufriou","3","GB","9","Privacy-Preserving Technologies in Data","Computer Science","Physical Sciences","1","0"
"W7125642393","10.1016/j.seppur.2026.137033","2026","article","Machine learning–driven identification of key factors governing hormone adsorption by agrifood waste–derived adsorbents","Separation and Purification Technology","journal","Masud Parvez","6","CA","3","Pharmaceutical and Antibiotic Environmental Impacts","Environmental Science","Physical Sciences","1","0"
"W4389977521","10.3390/su16010002","2023","article","Analysis of Food Supply Chain Digitalization Opportunities in the Function of Sustainability of Food Placement in the Western Balkans Region","Sustainability","journal","Dražen Marić","6","RS","4","Food Waste Reduction and Sustainability","Agricultural and Biological Sciences","Life Sciences","1","1"
"W4404130364","10.1016/j.atech.2024.100624","2024","article","Revolutionizing agri-food technology: Development and validation of the Portable Intelligent Oil Recognition System (PIORS)","Smart Agricultural Technology","journal","Montaser N.A. Ramadan","5","MY;QA;AE","6","Advanced Chemical Sensor Technologies","Engineering","Physical Sciences","1","1"
"W4297510529","10.1109/tla.2022.9904762","2022","article","Tracking the Connection Between Brazilian Agricultural Diversity and Native Vegetation Change by a Machine Learning Approach","IEEE Latin America Transactions","journal","Marcos Aurélio Santos da Silva","5","BR","12","Land Use and Ecosystem Services","Environmental Science","Physical Sciences","1","1"
"W4399213296","10.17221/53/2024-cjas","2024","article","A decision support system based on disease scoring enables dairy farmers to proactively improve herd health","Czech Journal of Animal Science","journal","Jan Saro","6","CZ","7","Genetic and phenotypic traits in livestock","Biochemistry, Genetics and Molecular Biology","Life Sciences","1","1"
"W7125488960","10.3390/foods15020396","2026","article","Advances in Freezing and Thawing Meat: From Physical Principles to Artificial Intelligence","Foods","journal","Qianrui Xia","5","CN","6","Food Drying and Modeling","Agricultural and Biological Sciences","Life Sciences","1","0"
"W4390828241","10.11591/csit.v5i1.p49-56","2024","article","Deep learning technique for plant disease detection","Computer Science and Information Technologies","journal","Temitope Samson Adekunle","6","US;NG;ZA;GB","8","Smart Agriculture and AI","Agricultural and Biological Sciences","Life Sciences","1","1"
"W4406113670","10.1093/af/vfae034","2024","article","The role of artificial intelligence in Latin American ruminant production systems","Animal Frontiers","journal","Einar Vargas‐Bello‐Pérez","11","GB;MX;CL;AR;BR;IR","7","Genetic and phenotypic traits in livestock","Biochemistry, Genetics and Molecular Biology","Life Sciences","1","1"
"W4386303348","10.3390/su151713041","2023","article","Decision Support Systems Based on Gaseous Emissions and Their Impact on the Sustainability Assessment at the Livestock Farm Level: An Evaluation from the User’s Side","Sustainability","journal","Evangelos Alexandropoulos","8","GR;DE;IE;PL","9","Agriculture Sustainability and Environmental Impact","Environmental Science","Physical Sciences","1","1"
"W4404839564","10.17221/434/2023-agricecon","2024","article","Credit evaluation and rating system for farmers' loans in the context of agricultural supply chain financing based on AHP-ELECTRE III","Agricultural Economics (Zemědělská ekonomika)","journal","Shangjia Guo","3","CN","4","Efficiency Analysis Using DEA","Decision Sciences","Social Sciences","1","1"
"W4382864226","10.1590/1807-1929/agriambi.v27n9p690-697","2023","article","Artificial intelligence for small hydroponics farms employing fuzzy logic systems and economic analysis","Revista Brasileira de Engenharia Agrícola e Ambiental","journal","Anugerah Fitri Amalia","9","ID","9","Water Quality Monitoring Technologies","Environmental Science","Physical Sciences","1","0"
"W3157958213","10.1007/s41870-021-00653-7","2021","article","Estimation of crop production using machine learning techniques: a case study of J&K","International Journal of Information Technology","journal","Jyoti Mahajan","3","","14","Smart Agriculture and AI","Agricultural and Biological Sciences","Life Sciences","0","0"
"W4409487478","10.1016/j.agrformet.2025.110562","2025","article","A continuous learning framework based on physics-guided deep learning for crop phenology simulation","Agricultural and Forest Meteorology","journal","Junji Ou","10","CN;US;AU","12","Greenhouse Technology and Climate Control","Agricultural and Biological Sciences","Life Sciences","0","0"
"W4408915472","10.36948/ijfmr.2025.v07i02.38464","2025","article","A Supply Chain Approach Highlighting the Use of Artificial Intelligence and Computer Vision to Improve the Efficiency of Food Supply Chains in the United States","International Journal For Multidisciplinary Research","journal","Luis Polo -","1","","1","Food Supply Chain Traceability","Agricultural and Biological Sciences","Life Sciences","1","1"
"W4316467116","10.3390/pr11010271","2023","article","Workers’ Opinions on Using the Internet of Things to Enhance the Performance of the Olive Oil Industry: A Machine Learning Approach","Processes","journal","Ahmed Alsayat","2","SA;GB","15","Date Palm Research Studies","Agricultural and Biological Sciences","Life Sciences","1","1"
"W4405775097","10.1016/j.jafr.2024.101616","2024","article","Assessing the use of ChatGPT among agri-food researchers: A global perspective","Journal of Agriculture and Food Research","journal","Mohammad Sadegh Allahyari","5","IR;ZA;BA","4","Artificial Intelligence in Healthcare and Education","Medicine","Health Sciences","1","0"
"W4406899168","10.1016/j.ecoinf.2025.103011","2025","article","Feature engineering on climate data with machine learning to understand time-lagging effects in pasture yield prediction","Ecological Informatics","journal","Thirunavukarasu Balasubramaniam","4","AU","15","Genetic and phenotypic traits in livestock","Biochemistry, Genetics and Molecular Biology","Life Sciences","1","1"
"W7119466254","10.1108/bfj-05-2025-0643","2026","article","AI-powered investment recommendations in the agri-food sector","British Food Journal","journal","Asefeh Asemi","5","HU;MY;CZ;DE","3","Smart Agriculture and AI","Agricultural and Biological Sciences","Life Sciences","1","1"
"W4413861474","10.36948/ijfmr.2025.v07i04.54505","2025","article","Improving Transparency and Compliance in Agricultural Supply Chains Through IT and Traceability Systems Using Blockchain and ERP Integration","International Journal For Multidisciplinary Research","journal","Munmun Rahman","2","","3","Food Supply Chain Traceability","Agricultural and Biological Sciences","Life Sciences","1","1"
"W4402708417","10.11144/javeriana.iued27.svmp","2023","article","Support vector machines for predicting the level of integration in agri-food chains","Ingenieria y Universidad","journal","Douglas Andrés Verduga-Alcívar","6","EC","4","Food Supply Chain Traceability","Agricultural and Biological Sciences","Life Sciences","1","1"
"W4416706559","10.1186/s41110-025-00392-w","2025","article","Role of artificial intelligence in food and agriculture industries: an updated review","Nutrire","journal","Bisma Jan","5","IN","4","Smart Agriculture and AI","Agricultural and Biological Sciences","Life Sciences","0","0"
"W4417109435","10.1111/1541-4337.70360","2025","article","Revolutionizing Fresh Food Quality Control in Supply Chains With Machine Learning: Current Advances and Future Challenges","Comprehensive Reviews in Food Science and Food Safety","journal","Jiayi Xu","9","CN;ES","11","Spectroscopy and Chemometric Analyses","Chemistry","Physical Sciences","1","1"
"W4412723004","10.7203/ciriec-e.114.30373","2025","article","Agri-food cooperatives in the European scientific literature in the period 2005-2024","CIRIEC-España revista de economía pública social y cooperativa","journal","Juan Francisco Juliá Igual","3","ES","4","Cooperative Studies and Economics","Business, Management and Accounting","Social Sciences","1","1"
"W3139128190","10.1371/journal.pone.0249136","2021","article","Machine learning models based on remote and proximal sensing as potential methods for in-season biomass yields prediction in commercial sorghum fields","PLoS ONE","journal","Ephrem Habyarimana","2","IT;TR","21","Remote Sensing in Agriculture","Environmental Science","Physical Sciences","1","1"
"W4416254171","10.1016/j.jafr.2025.102524","2025","article","Impacts of artificial intelligence on recent developments in modern packaging technology","Journal of Agriculture and Food Research","journal","Parisa Houshmandi","4","IR","6","Nanocomposite Films for Food Packaging","Materials Science","Physical Sciences","1","1"
"W4400928568","10.1002/tqem.22293","2024","article","Transition to the Circular Economy: Innovative and Disruptive Production Technologies Adopted by Agribusiness Startups","Environmental Quality Management","journal","Alexandre Sérgio Manganda","3","BR","12","Sustainable Supply Chain Management","Business, Management and Accounting","Social Sciences","1","0"
"W4366817372","10.48175/ijarsct-9416","2023","article","Machine Learning and IoT Applications in Agriculture","International Journal of Advanced Research in Science Communication and Technology","journal","Sagar Damodar Padiya","5","","7","Smart Agriculture and AI","Agricultural and Biological Sciences","Life Sciences","1","1"
"W4406077919","10.1093/af/vfae031","2024","article","A peep into the future: artificial intelligence for on-farm poultry welfare monitoring","Animal Frontiers","journal","Gideon Ajibola","3","US","7","Animal Behavior and Welfare Studies","Veterinary","Health Sciences","1","1"
"W4402595901","10.14733/cadaps.2025.s6.88-101","2024","article","Application of Human-Computer Interactive Modern Financial Technology in Agricultural Supply Chain Finance Based on Artificial Intelligence Powered CAD","Computer-Aided Design and Applications","journal","Lina Wang","1","","1","Impact of AI and Big Data on Business and Society","Decision Sciences","Social Sciences","1","0"
"W4312092884","10.1088/1748-9326/acadf3","2022","article","Pl@ntNet Crops: merging citizen science observations and structured survey data to improve crop recognition for agri-food-environment applications","Environmental Research Letters","journal","Marijn van der Velde","14","IT;FR","9","Species Distribution and Climate Change","Environmental Science","Physical Sciences","1","0"
"W4404634560","10.1016/j.animal.2024.101378","2024","article","Classifying vocal responses of broilers to environmental stressors via artificial neural network","animal","journal","T Lev-Ron","4","IL","11","Animal Behavior and Welfare Studies","Veterinary","Health Sciences","1","1"
"W4415017466","10.1016/j.atech.2025.101483","2025","article","Impact of cross-validation designs on cattle behavior prediction using machine learning and deep learning models with tri-axial accelerometer data","Smart Agricultural Technology","journal","Jin Wang","4","US","4","Effects of Environmental Stressors on Livestock","Agricultural and Biological Sciences","Life Sciences","1","1"
"W4411306378","10.1016/j.iot.2025.101663","2025","article","LT-YOLOv10n: A lightweight IoT-integrated deep learning model for real-time tomato leaf disease detection and management","Internet of Things","journal","Abdelaaziz Bellout","6","MA;AE;EG","19","Smart Agriculture and AI","Agricultural and Biological Sciences","Life Sciences","0","1"
"W4406707122","10.51244/ijrsi.2024.11120077","2025","article","Implementing Advanced Analytics for Optimizing Food Supply Chain Logistics and Efficiency","International journal of research and scientific innovation","journal","Nsisong Louis Eyo-Udo","3","","2","Food Supply Chain Traceability","Agricultural and Biological Sciences","Life Sciences","1","1"
"W4415877417","10.3390/pr13113544","2025","article","Deep Learning-Based Digital, Hyperspectral, and Near-Infrared (NIR) Imaging for Process-Level Quality Control in Ecuador’s Agri-Food Industry: An ISO-Aligned Framework","Processes","journal","Alexander Sánchez-Rodríguez","6","EC","3","Spectroscopy and Chemometric Analyses","Chemistry","Physical Sciences","1","1"
"W4414264987","10.1016/j.foodcont.2025.111728","2025","article","Multi-mycotoxin detection using fluorescence spectroscopy and machine learning","Food Control","journal","Francesca Venturini","4","CH;BE","9","Mycotoxins in Agriculture and Food","Agricultural and Biological Sciences","Life Sciences","1","0"
"W7165677288","10.1007/s11831-026-10703-7","2026","article","Artificial Intelligence for Sustainable and Climate-Smart Agriculture: A Comprehensive Review","Archives of Computational Methods in Engineering","journal","Veenu Rani","5","GB;IN","4","Smart Agriculture and AI","Agricultural and Biological Sciences","Life Sciences","0","0"
"W4220655886","10.1080/07038992.2021.2010036","2022","article","Multi-Resolution-Based Deep Learning Approach for Rice Field Monitoring","Canadian Journal of Remote Sensing","journal","Yasir Afaq","2","IN","8","Remote Sensing in Agriculture","Environmental Science","Physical Sciences","1","0"
"W4413086838","10.3389/fsufs.2025.1591350","2025","article","“GenAI + blockchain” to coordinate agricultural supply chains to improve quality trust: an agent-based simulation study","Frontiers in Sustainable Food Systems","journal","Shizhen Bai","5","CN","3","Blockchain Technology Applications and Security","Computer Science","Physical Sciences","1","1"
"W4409374964","10.3168/jds.2024-25650","2025","article","International Symposium on Ruminant Physiology: Leveraging computer vision, large language models, and multimodal machine learning for optimal decision making in dairy farming","Journal of Dairy Science","journal","Rafael Ehrich Pontes Ferreira","2","US","18","Genetic and phenotypic traits in livestock","Biochemistry, Genetics and Molecular Biology","Life Sciences","1","1"
"W3096672584","10.3390/w12113013","2020","article","An Application of Fish Detection Based on Eye Search with Artificial Vision and Artificial Neural Networks","Water","journal","Angel Jose Rico-Diaz","5","ES","11","Water Quality Monitoring Technologies","Environmental Science","Physical Sciences","1","1"
"W4285594757","10.3390/agriculture12071024","2022","article","Visually Explaining Uncertain Price Predictions in Agrifood: A User-Centred Case-Study","Agriculture","journal","Jeroen Ooge","2","BE","6","Data Visualization and Analytics","Computer Science","Physical Sciences","1","1"
"W4413164189","10.1007/s11947-025-03971-x","2025","article","Predicting Spoilage Intensity Level in Sausage Products Using Explainable Machine Learning and GAN-Based Data Augmentation","Food and Bioprocess Technology","journal","Volkan Ince","5","GB;TR","15","Meat and Animal Product Quality","Agricultural and Biological Sciences","Life Sciences","1","0"
"W4394908927","10.1007/s41870-024-01840-y","2024","article","Impact of nutrients in food quality and safety by machine learning classifier using internet of things","International Journal of Information Technology","journal","S.P. Balamurugan","4","IN","9","Food Supply Chain Traceability","Agricultural and Biological Sciences","Life Sciences","0","0"
"W4392390899","10.30844/i4se.24.1.70","2024","article","Sustainable Food Supply Chains Through Artificial Intelligence – Conceptual visualization using the example of turkeys to promote animal welfare and food quality","Industry 4 0 Science","journal","Corinna Köters","4","DE","1","Information Retrieval and Data Mining","Computer Science","Physical Sciences","1","0"
"W7125578641","10.1080/23311932.2026.2615165","2026","article","The intersection of artificial intelligence and food systems: exploring technological breakthroughs and data-driven agriculture","Cogent Food & Agriculture","journal","Naseer Ahmed","11","IN;AE;ID","7","Smart Agriculture and AI","Agricultural and Biological Sciences","Life Sciences","1","1"
"W4389223262","10.1128/aem.01673-23","2023","article","Species identification and strain discrimination of fermentation yeasts Saccharomyces cerevisiae and Saccharomyces uvarum using Raman spectroscopy and convolutional neural networks","Applied and Environmental Microbiology","journal","Kaidi Wang","7","CA;CN","17","Spectroscopy and Chemometric Analyses","Chemistry","Physical Sciences","1","0"
"W4388515791","10.1093/jas/skad376","2023","article","Prediction of body condition in Jersey dairy cattle from 3D-images using machine learning techniques","Journal of Animal Science","journal","Rasmus Bak Stephansen","5","DK","13","Genetic and phenotypic traits in livestock","Biochemistry, Genetics and Molecular Biology","Life Sciences","1","1"
"W4398131048","10.24857/rgsa.v18n3-112","2024","article","Current Perspectives on the Development of Food Packaging in Local Agri-Food Systems: an Integrative Review","Revista de Gestão Social e Ambiental","journal","Karan Roberto da Motta Valente","2","BR","4","Food Waste Reduction and Sustainability","Agricultural and Biological Sciences","Life Sciences","1","1"
"W2789121985","10.3233/jifs-169370","2018","article","AWNG-BP prediction technique study based on nonlinear combination – A case study of prediction of food supply chain in rural areas of Hubei Province, China","Journal of Intelligent & Fuzzy Systems","journal","Ya Bi","1","CN","5","Forecasting Techniques and Applications","Decision Sciences","Social Sciences","1","0"
"W4404184101","10.51594/ijae.v6i11.1702","2024","article","Stabilizing food supply chains with Blockchain technology during periods of economic inflation","International Journal of Advanced Economics","journal","Amarachi Queen Olufemi-Phillips","5","NG","2","Digitalization and Economic Development in Agriculture","Business, Management and Accounting","Social Sciences","1","1"
"W4400448458","10.3390/su16145845","2024","article","The Economic Dynamics of Desktop and Mobile Customer Analytics in Advancing Digital Branding Strategies: Insights from the Agri-Food Industry","Sustainability","journal","Nikos S. Kanellos","5","GR","6","Big Data and Business Intelligence","Business, Management and Accounting","Social Sciences","1","1"
"W4414385542","10.3390/fi17090431","2025","article","Deep Learning Approaches for Automatic Livestock Detection in UAV Imagery: State-of-the-Art and Future Directions","Future Internet","journal","Muhammad Adam","4","US","10","Advanced Neural Network Applications","Computer Science","Physical Sciences","1","1"
"W4387362145","10.1007/s12652-023-04702-w","2023","article","Data-driven approaches for sustainable agri-food: coping with sustainability and interpretability","Journal of Ambient Intelligence and Humanized Computing","journal","Stefania Tomasiello","4","EE;SE","3","Multi-Criteria Decision Making","Decision Sciences","Social Sciences","1","1"
"W4408765334","10.1016/j.asoc.2025.113042","2025","article","A heuristic-based multi-stage machine learning-based model to design a sustainable, resilient, and agile reverse corn supply chain by considering third-party recycling","Applied Soft Computing","journal","Fardin Rezaei Zeynali","6","IR;US;GB","21","Digital Transformation in Industry","Engineering","Physical Sciences","0","0"
"W3209803476","10.5281/zenodo.4818088","2021","article","European Robotics in agri-food Production: Opportunities and Challenges","Zenodo (CERN European Organization for Nuclear Research)","repository","Slawomir Sander","5","","2","Smart Agriculture and AI","Agricultural and Biological Sciences","Life Sciences","1","0"
"W7140186081","10.1016/j.postharvbio.2026.114329","2026","article","Advancing digital depth: AI-enhanced 3D reconstruction for post-harvest food supply chain quality management","Postharvest Biology and Technology","journal","Yuqiao Ren","5","IE;CN","3","Spectroscopy and Chemometric Analyses","Chemistry","Physical Sciences","1","1"
"W4292133356","10.4018/ijaeis.309136","2022","article","Decision Support Tool for the Agri-Food Sector Using Data Annotated by Ontology and Bayesian Network","International Journal of Agricultural and Environmental Information Systems","journal","Cédric Baudrit","6","FR","4","Bayesian Modeling and Causal Inference","Computer Science","Physical Sciences","1","1"
"W4410549694","10.1063/5.0272616","2025","article","Beyond biomedical frontiers: Multidimensional applications of silk and its derived proteins in energy, environment, and agri-food systems","APL Materials","journal","Huanyan Ma","6","CN","5","Silk-based biomaterials and applications","Materials Science","Physical Sciences","1","0"
"W4402819379","10.9734/jsrr/2024/v30i92423","2024","article","Role of Artificial Intelligence in Vegetable Production: A Review","Journal of Scientific Research and Reports","journal","Ajeet Kumar","10","IN","3","Smart Agriculture and AI","Agricultural and Biological Sciences","Life Sciences","1","1"
"W4385858776","10.1371/journal.pone.0290120","2023","article","How to understand high global food price? Using SHAP to interpret machine learning algorithm","PLoS ONE","journal","Xiao Han","5","CN","10","Market Dynamics and Volatility","Economics, Econometrics and Finance","Social Sciences","1","0"
"W7117485614","10.3390/agriculture16010065","2025","article","Forecasting Crop Yields in Rainfed India: A Comparative Assessment of Machine Learning Baselines and Implications for Precision Agribusiness","Agriculture","journal","Amir Karbassi Yazdi","4","CL","2","Smart Agriculture and AI","Agricultural and Biological Sciences","Life Sciences","1","1"
"W4409459801","10.3390/s25082482","2025","article","Computer Vision in Monitoring Fruit Browning: Neural Networks vs. Stochastic Modelling","Sensors","journal","Maria Kondoyanni","6","GR","8","Postharvest Quality and Shelf Life Management","Agricultural and Biological Sciences","Life Sciences","1","0"
"W4405931854","10.47405/mjssh.v9i12.3147","2024","article","Harnessing Artificial Intelligence (AI) to Mitigate Food Waste: Innovative Strategies for Sustainable Consumption","Malaysian Journal of Social Sciences and Humanities (MJSSH)","journal","Muhammad Adieb Ahmad Wafi","2","MY","5","Food Waste Reduction and Sustainability","Agricultural and Biological Sciences","Life Sciences","1","1"
"W4321505786","10.33545/26631067.2023.v5.i1a.152","2023","article","Economic impact of artificial intelligence in the field of agriculture","International Journal of Horticulture and Food Science","journal","Prabin Kumar Sahoo","2","IN","3","Impact of AI and Big Data on Business and Society","Decision Sciences","Social Sciences","1","0"
"W3013098381","10.32604/iasc.2020.013941","2020","article","Wind Speed Prediction Modeling Based on the Wavelet Neural Network","Intelligent Automation & Soft Computing","journal","Zhenhua Guo","4","CN","6","Energy Load and Power Forecasting","Engineering","Physical Sciences","1","1"
"W4409720093","10.1016/j.engappai.2025.110887","2025","article","An enhanced T-spherical fuzzy generalized multi-criteria decisioning model for evaluating the effectiveness of digital transformation in the sustainability of agri-food systems","Engineering Applications of Artificial Intelligence","journal","Weizhong Wang","6","CN;AZ;GB;TR;TW;US","6","Digital Transformation in Industry","Engineering","Physical Sciences","0","0"
"W4410493645","10.3390/foods14101805","2025","article","A Smartphone-Based Non-Destructive Multimodal Deep Learning Approach Using pH-Sensitive Pitaya Peel Films for Real-Time Fish Freshness Detection","Foods","journal","Yixuan Pan","12","CN","17","Identification and Quantification in Food","Biochemistry, Genetics and Molecular Biology","Life Sciences","1","0"
"W2912959968","10.13166/jms/102400","2019","article","Agribusiness and Agrologistics – Definition and Specifity","Journal of Modern Science","journal","Bogdan Klepacki","1","PL","3","Agricultural economics and policies","Social Sciences","Social Sciences","1","1"
"W2481957853","10.1201/9781420032413-8","2016","article","The Co-Evolution of the Agricultural Production Systems Simulator (APSIM) and Its Use in Australian dryland Cropping Research and Farm Management Intervention","","","R. L. McCown","5","","10","Sustainable Agricultural Systems Analysis","Environmental Science","Physical Sciences","1","1"
"W3118666275","","2020","article","Streamlining Management in the Agri-Food Sector through Blockchain Technology","RePEc: Research Papers in Economics","repository","Nelli Amarfii-Railean","1","","2","Blockchain Technology Applications and Security","Computer Science","Physical Sciences","1","1"
"W4409392377","10.1016/j.jii.2025.100850","2025","article","Integrated IoT-based production, deep learning, and Business Intelligence approaches for organic food production","Journal of Industrial Information Integration","journal","Nicola Contuzzi","3","IT","9","Food Supply Chain Traceability","Agricultural and Biological Sciences","Life Sciences","0","0"
"W4415505303","10.1108/bfj-04-2025-0506","2025","article","Rethinking the circular economy in agri-food: human-centred AI for a new circular economy 5.0 paradigm","British Food Journal","journal","Stefania Manetti","4","IT;GB","4","Sustainable Supply Chain Management","Business, Management and Accounting","Social Sciences","1","1"
"W4402821629","10.1145/3696113","2024","article","Agriculture-informed Neural Networks for Predicting Nitrous Oxide Emissions","ACM Transactions on Internet of Things","journal","Ci Lin","5","CA","6","Air Quality Monitoring and Forecasting","Environmental Science","Physical Sciences","1","0"
"W3133179676","10.3390/rs13040634","2021","article","Assessment of Landsat Based Deep-Learning Membership Analysis for Development of from–to Change Time Series in the Prairie Region of Canada from 1984 to 2018","Remote Sensing","journal","Darren Pouliot","8","CA","13","Remote Sensing in Agriculture","Environmental Science","Physical Sciences","1","1"
"W4213430843","10.1016/j.atech.2022.100042","2022","review","The digitization of agricultural industry – a systematic literature review on agriculture 4.0","Smart Agricultural Technology","journal","Rabiya Abbasi","3","CA;GB","526","Smart Agriculture and AI","Agricultural and Biological Sciences","Life Sciences","1","1"
"W7164396271","10.1038/s41538-026-00925-1","2026","article","Artificial intelligence in food safety","npj Science of Food","journal","Floor van Meer","6","NL;IT","2","Food Supply Chain Traceability","Agricultural and Biological Sciences","Life Sciences","1","0"
"W4408514457","10.1016/j.csite.2025.106025","2025","article","Application of experimental, numerical, and machine learning techniques to improve drying performance and decrease energy consumption infrared continuous dryer","Case Studies in Thermal Engineering","journal","Hany S. El‐Mesery","7","CN;EG;ZA;HU","12","Radiative Heat Transfer Studies","Engineering","Physical Sciences","1","0"
"W3087246282","10.25236/ajbm.2020.020602","2020","article","Application of Financial Technology in the Risk Management in Agricultural Supply Chain Finance","Academic Journal of Business & Management","journal","Yu Chunrong","2","","1","Insurance and Financial Risk Management","Economics, Econometrics and Finance","Social Sciences","1","1"
"W4379472749","10.3390/rs15112915","2023","article","A Multi-Variable Sentinel-2 Random Forest Machine Learning Model Approach to Predicting Perennial Ryegrass Biomass in Commercial Dairy Farms in Southeast Australia","Remote Sensing","journal","Elizabeth M. Morse-McNabb","3","AU","18","Remote Sensing in Agriculture","Environmental Science","Physical Sciences","1","1"
"W4414341269","10.1016/j.foodchem.2025.146408","2025","article","Efficacious paper-based colorimetric detection of bacterial contamination in vegetables utilizing indicator dyes and machine learning","Food Chemistry","journal","Snehanjan Acharyya","4","IN","9","Biosensors and Analytical Detection","Engineering","Physical Sciences","0","0"
"W4390955141","10.33545/26180723.2024.v7.i1e.224","2024","article","Review on agriculture 4.0: Exploring the digital transformation of the agriculture supply chain","International Journal of Agriculture Extension and Social Development","journal","Yagya Kumari Lodhi","2","IN","1","Smart Agriculture and AI","Agricultural and Biological Sciences","Life Sciences","1","0"
"W4285536057","10.5958/0974-8180.2021.00022.2","2021","article","Automation and smart poultry farm management: A Review","Indian Journal of Poultry Science","journal","Priya Priya","3","IN","3","Smart Agriculture and AI","Agricultural and Biological Sciences","Life Sciences","1","1"
"W4409578713","10.1080/87559129.2025.2493738","2025","article","Emerging Trends and Applications of Cyber Security and Artificial Intelligence Tools in Detecting Food Frauds","Food Reviews International","journal","Hafiz Muhammad Rizwan Abid","3","PK;US;AE","4","Food Supply Chain Traceability","Agricultural and Biological Sciences","Life Sciences","1","0"
"W4392204300","10.32520/stmsi.v13i1.3161","2024","article","Application of the Profile Matching Analysis Method in Decision Support Systems for Study Program Recommendations","SISTEMASI","journal","Reza Dian Rasyada","3","ID","3","Educational Technology and Assessment","Computer Science","Physical Sciences","1","1"
"W4404133579","10.1021/acssensors.4c02739","2024","article","Microfluidic Optical Aptasensor for Small Molecules Based on Analyte-Tuned Growth of Gold Nanoseeds and Machine Learning-Enhanced Spectrum Analysis: Rapid Detection of Mycotoxins","ACS Sensors","journal","Marti Z. Hua","4","CA","13","Mycotoxins in Agriculture and Food","Agricultural and Biological Sciences","Life Sciences","1","0"
"W4294804849","10.54749/ejeerv3n1-002","2022","article","Centralization vs. Decentralization - supply chain networks and blockchain in the agri-food business","Europub Journal of Exact and Engineering Research","journal","Michael Paul Kramer","3","DE","2","Blockchain Technology Applications and Security","Computer Science","Physical Sciences","1","1"
"W4313908968","10.1007/s12008-022-01192-6","2023","article","A strategic decision framework using soft-computing for agri-food production: case study living lab in universities","International Journal on Interactive Design and Manufacturing (IJIDeM)","journal","Pedro Ponce","5","MX;GB;CA","4","Digital Transformation in Industry","Engineering","Physical Sciences","0","1"
"W7140220839","10.5713/ab.260165","2026","article","— Invited Review — Computer vision in precision livestock farming: artificial intelligence-driven technologies and applications for sustainable animal production","Animal Bioscience","journal","Thi Thi Zin","2","JP","6","Animal Behavior and Welfare Studies","Veterinary","Health Sciences","1","1"
"W4410972606","10.29244/hass.2.2.1-3","2025","article","Ensuring halal compliance in agrifood systems: A review of concepts, principles, and advanced technologies","Halal Studies and Society","journal","Ramadhan Dwi Saputra","5","ID;PH","3","Halal products and consumer behavior","Social Sciences","Social Sciences","1","1"
"W4292693093","10.46647/ijetms.2022.v06i05.098","2022","article","Overview Of Artificial Intelligence In Agriculture For Enhancement Of Irrigation , Application Of Pesticides And Insecticide","International Journal of Engineering Technology and Management Sciences","journal","Aiswarya suresh","5","","4","Smart Agriculture and AI","Agricultural and Biological Sciences","Life Sciences","1","0"
"W3047787831","10.25165/ijabe.v13i4.5501","2020","article","Research status and applications of nature-inspired algorithms for agri-food production","International journal of agricultural and biological engineering","journal","Yanbo Huang","1","US","1","Smart Agriculture and AI","Agricultural and Biological Sciences","Life Sciences","1","0"
"W4405471193","10.3390/agriculture14122318","2024","article","Explainable Machine Learning to Map the Impact of Weather and Soil on Wheat Yield and Revenue Across the Eastern Australian Grain Belt","Agriculture","journal","Patrick Filippi","3","AU","12","Hydrology and Watershed Management Studies","Environmental Science","Physical Sciences","1","1"
"W2899563114","","2016","article","Applying artificial neural network modeling for predicting postharvest loss in some common agrifood commodities","","","M. Olaniyan","2","","1","Spectroscopy and Chemometric Analyses","Chemistry","Physical Sciences","0","0"
"W4391053921","10.1142/s2424862224500015","2024","article","Will Artificial Intelligence be a Performance Booster to Agritech Start-Up?: Empirical Evidence from Emerging Economy","Journal of Industrial Integration and Management","journal","Chandirasekaran Ganeshkumar","4","IN;AE","5","Digital Transformation in Industry","Engineering","Physical Sciences","1","1"
"W4411089757","10.3390/math13121906","2025","article","Application of Convolutional Neural Networks in Animal Husbandry: A Review","Mathematics","journal","Rotimi-Williams Bello","5","NG;ZA","4","Food Supply Chain Traceability","Agricultural and Biological Sciences","Life Sciences","1","1"
"W4412017880","10.1177/23949643251350752","2025","article","Creating Value via Transparency and Traceability in Vietnam’s Food Supply Chains: Examining Consumer Trust Using the Dual-stage SEM-ANN Analysis","Journal of Creating Value","journal","Duy Ha Nguyen","2","VN","3","Food Supply Chain Traceability","Agricultural and Biological Sciences","Life Sciences","1","0"
"W4413740960","10.1016/j.compag.2025.110895","2025","article","A multi-temporal multi-spectral attention-augmented deep convolution neural network with contrastive learning for crop yield prediction","Computers and Electronics in Agriculture","journal","Shalini Dangi","6","IN","11","Smart Agriculture and AI","Agricultural and Biological Sciences","Life Sciences","0","0"
"W4226264063","10.53730/ijhs.v6ns2.5370","2022","article","Artificial intelligence agriculture recommendation model (AIARM)","International Journal of Health Sciences","journal","G. Jaya Lakshmi","3","IN;IQ","2","Smart Agriculture and AI","Agricultural and Biological Sciences","Life Sciences","1","1"
"W4401323769","10.1016/j.jafr.2024.101340","2024","article","Forecasting fish prices with an artificial neural network model during the tuna fraud","Journal of Agriculture and Food Research","journal","Yan Jin","3","ES;NL","6","Identification and Quantification in Food","Biochemistry, Genetics and Molecular Biology","Life Sciences","1","0"
"W3080379727","10.9734/air/2020/v21i930238","2020","article","Assessment of the Different Machine Learning Models for Prediction of Cluster Bean (Cyamopsis tetragonoloba L. Taub.) Yield","Advances in Research","journal","Darshan Jagannath Pangarkar","4","IN","9","Polysaccharides Composition and Applications","Agricultural and Biological Sciences","Life Sciences","1","0"
"W4206178376","10.1155/2022/3522510","2022","article","Comparative Study of Artificial Intelligence Techniques for the Diagnosis of Chronic Nerve Diseases","Computational and Mathematical Methods in Medicine","journal","Saud Aljaloud","4","SA;ET","3","Smart Agriculture and AI","Agricultural and Biological Sciences","Life Sciences","1","1"
"W4412406835","10.62643/ijerst.v21.n3(1).pp565-574","2025","article","ENHANCING FOOD SUPPLY CHAIN EFFICIENCY USING AI-BASED DEMAND FORECASTING","International Journal of Engineering Research and Science & Technology","journal","K. Manohar Rao","4","","1","Big Data and Business Intelligence","Business, Management and Accounting","Social Sciences","1","1"
"W7125974366","10.1080/13675567.2026.2621334","2026","article","Decoding agricultural supply chain trends with a news-driven temporal modelling framework","International Journal of Logistics Research and Applications","journal","Zelong Yi","4","CN","1","Food Supply Chain Traceability","Agricultural and Biological Sciences","Life Sciences","1","1"
"W4388180396","10.17762/ijritcc.v11i10s.7696","2023","article","Nurturing Agribusiness: A Sustainable Farming System for Tomato Crop Management Leveraging Machine Learning","International Journal on Recent and Innovation Trends in Computing and Communication","journal","B. Leelaram Praksh","5","IN","1","Smart Agriculture and AI","Agricultural and Biological Sciences","Life Sciences","1","1"
"W7166890340","10.59717/j.xinn-life.2026.100232","2026","article","The AI-material nexus rewiring the food supply chain: From molecule to market","The Innovation Life","journal","Peihua Ma","18","CN;SA;SG;NL;CA","1","Economic and Technological Innovation","Economics, Econometrics and Finance","Social Sciences","1","0"
"W4409113799","10.1016/j.aninu.2025.01.007","2025","article","Weaning performance prediction in lactating sows using machine learning, for precision nutrition and intelligent feeding","Animal nutrition","journal","Jiayi Su","7","CN","8","Animal Behavior and Welfare Studies","Veterinary","Health Sciences","1","1"
"W7151625175","10.1080/19440049.2026.2654716","2026","article","The application of artificial intelligence in food fraud and adulteration analysis: a review","Food Additives & Contaminants Part A","journal","Etinosa Usiosefe Osemwowa","1","FI","2","Identification and Quantification in Food","Biochemistry, Genetics and Molecular Biology","Life Sciences","1","0"
"W4386990701","10.1504/ijsse.2025.10059358","2023","article","A Secure Blockchain based food supply chain management framework using hybrid IDEA algorithm","International Journal of System of Systems Engineering","journal","Mohammed Musthafa Sheriff","2","IN","1","Blockchain Technology Applications and Security","Computer Science","Physical Sciences","1","1"
"W7162408603","10.1007/s12550-026-00653-1","2026","article","Sustainable smart sensing and AI-driven platforms for real-time detection and monitoring of mycotoxins across the food supply chain","Mycotoxin Research","journal","Blessing Rachael Adeyeye","2","NG;IN","2","Mycotoxins in Agriculture and Food","Agricultural and Biological Sciences","Life Sciences","0","0"
"W4415492895","10.3389/fvets.2025.1679630","2025","article","Application of artificial intelligence in rabbit husbandry: from reproductive monitoring to precision farming","Frontiers in Veterinary Science","journal","Ahmed A. A. Abdel‐Wareth","4","EG;US","3","Rabbits: Nutrition, Reproduction, Health","Agricultural and Biological Sciences","Life Sciences","1","1"
"W4410430458","10.1016/j.compag.2025.110521","2025","article","Quantifying behavioural patterns for group-housed pigs based on deep learning and statistical analysis","Computers and Electronics in Agriculture","journal","Jiyan Wu","6","CN","7","Animal Behavior and Welfare Studies","Veterinary","Health Sciences","0","0"
"W4296990804","10.32604/cmc.2023.029277","2022","article","Calf Posture Recognition Using Convolutional Neural Network","Computers, materials & continua/Computers, materials & continua (Print)","journal","Tan Chen Tung","6","MY","3","Effects of Environmental Stressors on Livestock","Agricultural and Biological Sciences","Life Sciences","1","1"
"W4415646781","10.1017/err.2025.10058","2025","article","The EU AI Act and the Food System: How the European Union Ai Act Applies to Agrifood","European Journal of Risk Regulation","journal","Idse Lucien Val","1","NL","5","Smart Agriculture and AI","Agricultural and Biological Sciences","Life Sciences","1","0"
"W3203677996","10.1109/access.2021.3116814","2021","article","AgriFusion: An Architecture for IoT and Emerging Technologies Based on a Precision Agriculture Survey","IEEE Access","journal","Ritesh Kumar Singh","3","BE","212","Smart Agriculture and AI","Agricultural and Biological Sciences","Life Sciences","1","1"
"W4385881456","10.17700/jai.2023.14.1.684","2023","article","Using Agile in Implementing Agriculture AI Projects and Farm Management","Journal of Agricultural Informatics","journal","Hasan Al Jafa","2","HU","3","Smart Agriculture and AI","Agricultural and Biological Sciences","Life Sciences","1","1"
"W4376562883","10.1071/an22461","2023","article","Application of machine-learning algorithms to predict calving difficulty in Holstein dairy cattle","Animal Production Science","journal","Mahdieh Avizheh","4","IR;AU","6","Genetic and phenotypic traits in livestock","Biochemistry, Genetics and Molecular Biology","Life Sciences","1","1"
"W4416460815","10.1016/j.atech.2025.101618","2025","article","UAV-based citrus tree segmentation, counting and yield estimation using lightweight deep learning approaches","Smart Agricultural Technology","journal","Khaoula Bakas","9","MA","7","Smart Agriculture and AI","Agricultural and Biological Sciences","Life Sciences","1","1"
"W4390499435","10.1371/journal.pone.0296465","2024","article","A machine learning approach to assess Sustainable Development Goals food performances: The Italian case","PLoS ONE","journal","Tommaso Castelli","3","IT","6","Organic Food and Agriculture","Agricultural and Biological Sciences","Life Sciences","1","0"
"W4406412004","10.3390/s25020472","2025","article","A Review of CNN Applications in Smart Agriculture Using Multimodal Data","Sensors","journal","Mohammad El Sakka","4","FR;RO","170","Smart Agriculture and AI","Agricultural and Biological Sciences","Life Sciences","1","1"
"W7131215705","10.1016/j.techfore.2026.124601","2026","article","A socio-technical framework for analyzing crop advisors' preferences for AI-based decision support systems","Technological Forecasting and Social Change","journal","Maaz Gardezi","11","US","2","Smart Agriculture and AI","Agricultural and Biological Sciences","Life Sciences","0","1"
"W4414848143","10.61591/jslhu.22.660","2025","article","1. Automated orange quality classification using convolutional neural networks: A deep learning approach for smart agriculture","Tạp chí Khoa học Lạc Hồng","journal","Nguyễn Quang Thanh","4","VN","1","Spectroscopy and Chemometric Analyses","Chemistry","Physical Sciences","1","0"
"W4285324876","10.1109/csci54926.2021.00324","2021","review","Artificial Intelligence in Support of Welfare Monitoring of Dairy Cattle: A Systematic Literature Review","2021 International Conference on Computational Science and Computational Intelligence (CSCI)","conference","Lucas Mendes Lima","6","BR;US","3","Effects of Environmental Stressors on Livestock","Agricultural and Biological Sciences","Life Sciences","1","1"
"W4416974555","10.1007/s12633-025-03528-9","2025","article","Effect of Metal-Based SiO2 Nanoparticles Blended Concentration on Performance, Combustion and Emission Characteristics of CRDI Diesel Engine Running on Agri & Food Waste Biodiesel and ANN Prediction Using MATLAB","Silicon","journal","S. Deepankumar","4","SA;IN","7","Biodiesel Production and Applications","Engineering","Physical Sciences","0","0"
"W3047587766","10.1007/s00521-020-05253-3","2020","article","Source localization in resource-constrained sensor networks based on deep learning","Neural Computing and Applications","journal","S. Hamed Javadi","3","BE","4","Distributed Sensor Networks and Detection Algorithms","Computer Science","Physical Sciences","0","0"
"W4415972612","10.1016/j.cesys.2025.100370","2025","article","Operationalizing sustainability measurement in the agrifood sector: Insights from the foodmeter tool","Cleaner Environmental Systems","journal","Silvia Falasco","5","IT","3","Sustainable Agricultural Systems Analysis","Environmental Science","Physical Sciences","1","1"
"W4393316023","10.1007/s10458-026-09757-5","2026","article","Traveling salesman games: semicore allocations for collaborative transportation in short food supply chains","Autonomous Agents and Multi-Agent Systems","journal","Nicolas Besson","4","FR","1","Consumer Market Behavior and Pricing","Business, Management and Accounting","Social Sciences","0","0"
"W3124668286","10.5935/1806-6690.20200087","2020","article","Computer vision applied to food and agricultural products","Ciência Agronômica/Revista ciência agronômica","journal","Juliana Aparecida Fracarolli","4","BR;PE;ES","54","Smart Agriculture and AI","Agricultural and Biological Sciences","Life Sciences","1","1"
"W4417526430","10.1093/af/vfaf054","2025","article","Artificial intelligence for animal science: from applications to integrated knowledge systems","Animal Frontiers","journal","Mutian Niu","3","CH;HK;US","3","Biomedical Text Mining and Ontologies","Biochemistry, Genetics and Molecular Biology","Life Sciences","1","1"
"W4297984666","10.1016/j.jii.2022.100393","2022","article","Convergence of Distributed Ledger Technologies with Digital Twins, IoT, and AI for fresh food logistics: Challenges and opportunities","Journal of Industrial Information Integration","journal","Jonas Lopes de Vilas Boas","3","BR;CN;PT","184","Food Supply Chain Traceability","Agricultural and Biological Sciences","Life Sciences","0","0"
"W7124906818","10.1016/j.animal.2026.101763","2026","article","Evaluating a precision feeding decision support system for improving growth performance of growing-finishing pigs on a commercial farm","animal","journal","Vicente López Sacanell","3","ES","3","Animal Behavior and Welfare Studies","Veterinary","Health Sciences","1","1"
"W2992245519","10.1016/j.adhoc.2019.102047","2019","article","An intelligent Edge-IoT platform for monitoring livestock and crops in a dairy farming scenario","Ad Hoc Networks","journal","Ricardo S. Alonso","5","ES","343","IoT and Edge/Fog Computing","Computer Science","Physical Sciences","0","0"
"W4399258707","10.11591/csit.v5i1.p55-62","2024","article","Deep learning technique for plant disease detection","Computer Science and Information Technologies","journal","Temitope Samson Adekunle","6","US;NG;ZA;GB","3","Smart Agriculture and AI","Agricultural and Biological Sciences","Life Sciences","1","1"
"W4386588916","10.31387/oscm0540392","2023","review","Risk Management in Reverse Supply Chain for Sustainable Agri-food Industry: A Systematic Literature Review and Future Research Agenda","Operations and Supply Chain Management An International Journal","journal","Nurul Ummi","4","ID","3","Supply Chain Resilience and Risk Management","Business, Management and Accounting","Social Sciences","1","1"
"W4413302569","10.29244/hass.2.2.7-10","2025","article","Advancing halal agri-food sector: Using technology and innovation for sustainable growth and new opportunities","Halal Studies and Society","journal","Donci Valentitah Femdika","5","ID;JP","2","Halal products and consumer behavior","Social Sciences","Social Sciences","1","0"
"W4412371315","10.61093/bel.9(2).200-210.2025","2025","article","Artificial Intelligence as a Driver for Women’s Empowerment in Agriculture: A Theoretical Ecosystem for Inclusive Leadership and Sustainable Development","Business Ethics and Leadership","journal","Imane Moutik","1","MA","4","COVID-19 Pandemic Impacts","Economics, Econometrics and Finance","Social Sciences","1","0"
"W4401933287","10.1016/j.psj.2024.104270","2024","article","Machine learning predictive modeling for condemnation risk assessment in antibiotic-free raised broilers","Poultry Science","journal","Pranee Pirompud","4","TH","6","Animal Nutrition and Physiology","Agricultural and Biological Sciences","Life Sciences","1","1"
"W4412390781","10.3390/vetsci12070664","2025","article","Automated Cattle Head and Ear Pose Estimation Using Deep Learning for Animal Welfare Research","Veterinary Sciences","journal","Sueun Kim","1","JP","5","Animal Behavior and Welfare Studies","Veterinary","Health Sciences","1","1"
"W4391760454","10.52804/ijaas2023.4220","2023","article","Agri-Tech Revolution in Agribusiness: Harnessing Technology for Sustainable Growth","International Journal of Agricultural and Applied Sciences","journal","Roopal Gangwar","2","IN","4","Blockchain Technology Applications and Security","Computer Science","Physical Sciences","1","0"
"W4404517058","10.1016/j.asr.2024.11.038","2024","article","Deep learning classification of winter wheat from Sentinel optical-radar image time series in smallholder farming areas","Advances in Space Research","journal","Xiaofang Sun","5","CN","7","Remote Sensing in Agriculture","Environmental Science","Physical Sciences","0","0"
"W4398793032","10.1016/j.compag.2024.109044","2024","article","An approach to foster agribusiness marketing applying data analysis of social network","Computers and Electronics in Agriculture","journal","Nedson D. Soares","5","BR","5","Digital Marketing and Social Media","Social Sciences","Social Sciences","0","0"
"W4293791172","10.3390/agriculture12081249","2022","article","A Decision Support System to Estimate Green Sustainability from Environmental Protection and Debt Financing Indicators","Agriculture","journal","Zhengyu Ren","4","MO","2","Energy, Environment, Economic Growth","Economics, Econometrics and Finance","Social Sciences","1","1"
"W4393126217","10.12737/2073-0462-2024-86-93","2024","article","DIGITAL SOLUTIONS IN AGRIBUSINESS: DEVELOPING A METHODOLOGY FOR MONITORING GRAIN PRODUCTION IN THE CONTEXT OF TECHNOLOGICAL INNOVATIONS","Vestnik of Kazan state agrarin university","journal","Igor' Vladimirovich Arinichev","3","RU","4","Digitalization and Economic Development in Agriculture","Business, Management and Accounting","Social Sciences","1","1"
"W3117405359","10.1146/annurev-food-092220-030824","2020","review","Building a Resilient, Sustainable, and Healthier Food Supply Through Innovation and Technology","Annual Review of Food Science and Technology","journal","David Julian McClements","7","US;IE;DK","121","Agriculture Sustainability and Environmental Impact","Environmental Science","Physical Sciences","1","0"
"W4410347043","10.55248/gengpi.6.0425.16109","2025","article","Global Tariff Shocks and U.S. Agriculture: Causal Machine Learning Approaches to Competitiveness and Market Share Forecasting","International Journal of Research Publication and Reviews","journal","Sunday Oladimeji Adegoke","2","US;PL","7","Global Trade and Competitiveness","Business, Management and Accounting","Social Sciences","1","1"
"W4403169993","10.70023/piqm24306","2024","article","Revolutionizing Agritech with Deep Learning-Enhanced Remote Sensing for Precision Agricultural Management","PatternIQ mining.","journal","Hudsein Haider","2","IN","4","Smart Agriculture and AI","Agricultural and Biological Sciences","Life Sciences","1","1"
"W4408288503","10.3390/agriengineering7030075","2025","article","Simplifying Field Traversing Efficiency Estimation Using Machine Learning and Geometric Field Indices","AgriEngineering","journal","Gavriela Asiminari","8","GR;IT;DK;GB","5","Metallurgy and Material Forming","Engineering","Physical Sciences","1","1"
"W4408110391","10.36887/2415-8453-2024-4-65","2024","article","Land and resource potential of agribusiness enterprises in the conditions of digital transformation","Ukrainian Journal of Applied Economics and Technology","journal","Tеtiana Kalyna","3","","4","Digitalization and Economic Development in Agriculture","Business, Management and Accounting","Social Sciences","1","1"
"W2786160620","","2017","article","Expert System on Soybean Disease Using Knowledge Representation Method","Journal of Telematics and Informatics","journal","Laksamana Rajendra Haidar","3","ID","3","Decision Support System Applications","Business, Management and Accounting","Social Sciences","1","1"
"W3046432169","10.1117/1.jrs.14.034508","2020","article","Identifying artificially drained pasture soils using machine learning and Earth observation imagery","Journal of Applied Remote Sensing","journal","Rob O’Hara","6","IE","5","Soil erosion and sediment transport","Agricultural and Biological Sciences","Life Sciences","1","1"
"W3089098032","10.1016/j.jenvman.2020.111211","2020","article","Greenhouse gas emissions from inorganic and organic fertilizer production and use: A review of emission factors and their variability","Journal of Environmental Management","journal","Eric Walling","2","CA","411","Agriculture Sustainability and Environmental Impact","Environmental Science","Physical Sciences","0","0"
"W4392201351","10.3390/land13030299","2024","article","Field-Scale Winter Wheat Growth Prediction Applying Machine Learning Methods with Unmanned Aerial Vehicle Imagery and Soil Properties","Land","journal","Lwandile Nduku","7","ZA","9","Remote Sensing in Agriculture","Environmental Science","Physical Sciences","1","1"
"W7128996085","10.1016/j.tifs.2026.105632","2026","article","Artificial intelligence-driven non-targeted screening: Applications and prospects in environmental and food sciences","Trends in Food Science & Technology","journal","Qingrun Liu","5","CN","3","Melamine detection and toxicity","Agricultural and Biological Sciences","Life Sciences","0","0"
"W4405040762","10.1007/s11356-024-35668-7","2024","article","Recent advances in dark fermentative hydrogen production from vegetable waste: role of inoculum, consolidated bioprocessing, and machine learning","Environmental Science and Pollution Research","journal","Devu Pengadeth","4","IN;IT","7","Anaerobic Digestion and Biogas Production","Engineering","Physical Sciences","0","0"
"W2735566545","10.1016/j.eswa.2017.07.014","2017","article","A group decision making support system in logistics and supply chain management","Expert Systems with Applications","journal","Morteza Yazdani","4","FR;LT","160","Quality Function Deployment in Product Design","Business, Management and Accounting","Social Sciences","0","1"
"W4404074082","10.33545/26174693.2024.v8.i11a.2805","2024","article","Digitalization and technology in agribusiness: Trends, impacts, and future directions","International Journal of Advanced Biochemistry Research","journal","Satinder Singh","4","IN","3","Digitalization and Economic Development in Agriculture","Business, Management and Accounting","Social Sciences","1","0"
"W4401193874","10.1002/agj2.21648","2024","article","Near‐infrared spectroscopy and deep neural networks for early common root rot detection in wheat from multi‐season trials","Agronomy Journal","journal","Yiyi Xiong","4","AU","8","Spectroscopy and Chemometric Analyses","Chemistry","Physical Sciences","1","1"
"W3213590424","10.15832/ankutbd.986431","2021","article","Digital Transformation for Sustainable Future - Agriculture 4.0 : A review","Tarım Bilimleri Dergisi","journal","Mehmet Ali Dayioğlu","2","TR","195","Smart Agriculture and AI","Agricultural and Biological Sciences","Life Sciences","1","1"
"W4414611353","10.3390/ani15192825","2025","article","Farm-Specific Effects in Predicting Mastitis by Applying Machine Learning Models to Automated Milking System and Other Farm Management Data","Animals","journal","Muhammad N. Dharejo","5","DE","1","Milk Quality and Mastitis in Dairy Cows","Agricultural and Biological Sciences","Life Sciences","1","1"
"W4405645060","10.1016/j.compag.2024.109816","2024","article","Novel method for crop growth tracking with deep learning model on an Edge Rail Camera","Computers and Electronics in Agriculture","journal","Seungwoo Kum","10","KR","5","Smart Agriculture and AI","Agricultural and Biological Sciences","Life Sciences","0","0"
"W4360603042","10.1016/j.compag.2023.107790","2023","article","Estimating individual-level pig growth trajectories from group-level weight time series using machine learning","Computers and Electronics in Agriculture","journal","Christian Taylor","3","GB","8","Animal Behavior and Welfare Studies","Veterinary","Health Sciences","1","1"
"W4401903849","10.15832/ankutbd.1509798","2024","article","Deep Learning based Individual Cattle Face Recognition using Data Augmentation and Transfer Learning","Tarım Bilimleri Dergisi","journal","Havva Eylem Polat","5","TR","5","Food Supply Chain Traceability","Agricultural and Biological Sciences","Life Sciences","1","1"
"W7164925948","10.1016/j.compag.2026.112044","2026","article","Advancing digital agri-food systems through integrated AI, robotics, IoT, and blockchain with a bibliometric analysis","Computers and Electronics in Agriculture","journal","Stephen Afrifa","4","US","2","Smart Agriculture and AI","Agricultural and Biological Sciences","Life Sciences","1","1"
"W4415626374","10.1109/tafe.2025.3616733","2025","review","Continual Learning for Agrifood: A Systematic Review","IEEE Transactions on AgriFood Electronics","journal","Giovanna Maria Dimitri","5","IT","1","Smart Agriculture and AI","Agricultural and Biological Sciences","Life Sciences","1","0"
"W4410641393","10.1016/j.chemolab.2025.105442","2025","article","An unsupervised domain adaptation regression method in kernel partial least squares subspace embedded with joint statistical and manifold alignment for Fourier-transform infrared spectroscopy in agri-food analysis","Chemometrics and Intelligent Laboratory Systems","journal","Peng Shan","7","CN","5","Spectroscopy and Chemometric Analyses","Chemistry","Physical Sciences","0","0"
"W4411329402","10.1016/j.gene.2025.149623","2025","article","Bridging BioSciences and technology: The impact of AI & GenAI in life sciences and agribusiness","Gene","journal","Nicolau Brito da Cunha","6","BR;US","4","CRISPR and Genetic Engineering","Biochemistry, Genetics and Molecular Biology","Life Sciences","0","0"
"W4405261852","10.3389/fanim.2024.1445133","2024","article","Deep learning-based analysis of daily activity patterns of farmed dromedary camels","Frontiers in Animal Science","journal","Rama Al-Khateeb","4","EG","4","Animal Diversity and Health Studies","Agricultural and Biological Sciences","Life Sciences","1","1"
"W4408571231","10.3390/ani15060868","2025","article","Predicting Dairy Calf Body Weight from Depth Images Using Deep Learning (YOLOv8) and Threshold Segmentation with Cross-Validation and Longitudinal Analysis","Animals","journal","Mingsi Liao","4","US;JP","9","Effects of Environmental Stressors on Livestock","Agricultural and Biological Sciences","Life Sciences","1","1"
"W4392314436","10.34288/jri.v5i3.225","2023","article","Classification for Papaya Fruit Maturity Level With Convolutional Neural Network","Jurnal Riset Informatika","journal","Nurmalasari Nurmalasari","6","ID","3","Banana Cultivation and Research","Agricultural and Biological Sciences","Life Sciences","1","0"
"W4411403987","10.1016/j.atech.2025.101083","2025","article","An enhanced machine vision system for smart poultry farms using deep learning","Smart Agricultural Technology","journal","Parinya Natho","5","TH","4","Smart Agriculture and AI","Agricultural and Biological Sciences","Life Sciences","1","1"
"W4382044912","10.34288/jri.v5i3.541","2023","article","Classification for Papaya Fruit Maturity Level with Convolutional Neural Network","Jurnal Riset Informatika","journal","Nurmalasari Nurmalasari","6","ID","3","Food and Agricultural Sciences","Agricultural and Biological Sciences","Life Sciences","1","0"
"W4408778142","10.18461/ijfsd.v15i4.l7","2024","article","Policies nourishing sustainability: China's path to sustainable agri-food development","International journal on food system dynamics","journal","Wenxuan Guo","2","","1","Global trade, sustainability, and social impact","Business, Management and Accounting","Social Sciences","1","0"
"W4413437411","10.1108/bfj-04-2025-0488","2025","review","Intelligent cocoa: a systematic review of artificial intelligence applications in the cocoa supply chain","British Food Journal","journal","Andrea Apicella","1","IT","2","Cocoa and Sweet Potato Agronomy","Agricultural and Biological Sciences","Life Sciences","1","1"
"W4409632063","10.1016/j.gfs.2025.100845","2025","article","Do international financial institutions facilitate agrifood systems transformation? A textual analysis of design documents","Global Food Security","journal","Jaron Porciello","5","GB;US;IT","4","Agriculture, Land Use, Rural Development","Agricultural and Biological Sciences","Life Sciences","1","0"
"W7128743934","10.1108/bij-10-2024-0900","2026","article","Harnessing Industry 4.0 technologies in minimizing food loss and waste across the food supply chain: a hybrid study","Benchmarking An International Journal","journal","Kamaldeep Kaur Sarna","3","IN","1","Food Waste Reduction and Sustainability","Agricultural and Biological Sciences","Life Sciences","1","1"
"W4413887035","10.1109/jstars.2025.3604524","2025","article","USTAnet: A Neural Network for Enhanced Resolution Generalization in Kilometer-Level Rice Yield Prediction","IEEE Journal of Selected Topics in Applied Earth Observations and Remote Sensing","journal","Li Liu","11","CN","3","Smart Agriculture and AI","Agricultural and Biological Sciences","Life Sciences","1","0"
"W4402272189","10.47738/jads.v5i3.304","2024","article","Improved Hybrid Machine and Deep Learning Model for Optimization of Smart Egg Incubator","Journal of Applied Data Sciences","journal","Anita Febriani","1","","4","IoT-based Smart Home Systems","Engineering","Physical Sciences","1","1"
"W7134236639","10.1007/s11367-026-02612-5","2026","article","Over twenty years of Environmental Product Declarations (EPDs): from communication tools to sustainability decision-support systems","The International Journal of Life Cycle Assessment","journal","Alessia Acampora","3","IT","2","Sustainability and Climate Change Governance","Environmental Science","Physical Sciences","0","1"
"W4382809738","10.56532/mjsat.v3i2.147","2023","article","Blockchain based Agriculture Using the Application of UAV and Deep Learning Technique: Alexnet CNN","Malaysian Journal of Science and Advanced Technology","journal","Kazi Sadia","2","BD","4","Smart Agriculture and AI","Agricultural and Biological Sciences","Life Sciences","1","1"
"W4281391111","10.1007/s11356-022-20883-x","2022","article","Use of neural network and multivariate statistics in the assessment of pellets produced from the exploitation of agro-industrial residues","Environmental Science and Pollution Research","journal","Dieimes Ribeiro Resende","7","BR","5","Coal and Coke Industries Research","Energy","Physical Sciences","0","0"
"W4226100364","10.3390/app12041940","2022","article","Internet of Things-Driven Data Mining for Smart Crop Production Prediction in the Peasant Farming Domain","Applied Sciences","journal","Luis Omar Colombo-Mendoza","4","MX;ES","48","Smart Agriculture and AI","Agricultural and Biological Sciences","Life Sciences","1","1"
"W4390815900","10.1016/j.procir.2023.09.187","2023","article","Challenges and perspectives for agribusiness logistics chain in the Industry 4.0 era","Procedia CIRP","journal","Djonathan Quadras","4","BR;DK","3","Digital Transformation in Industry","Engineering","Physical Sciences","1","0"
"W4393265442","10.22214/ijraset.2024.59131","2024","article","Smart Farming: Bridging Farmers and Consumers through Machine Learning-Enabled E-commerce Platforms","International Journal for Research in Applied Science and Engineering Technology","journal","Sandeep Kadam","1","IN","4","Food Supply Chain Traceability","Agricultural and Biological Sciences","Life Sciences","1","0"
"W4407252559","10.33216/1998-7927-2024-285-5-65-71","2024","article","Internet of things and artificial intelligence in agriculture","ВІСНИК СХІДНОУКРАЇНСЬКОГО НАЦІОНАЛЬНОГО УНІВЕРСИТЕТУ імені Володимира Даля","journal","Tetyanа V. Kunup","1","UA","1","Impact of AI and Big Data on Business and Society","Decision Sciences","Social Sciences","1","1"
"W4414567682","10.1016/j.ifacol.2025.09.115","2025","article","A decision support system for the environmental assessment of fruit and vegetables packaging and distribution systems","IFAC-PapersOnLine","journal","Ilaria Battarra","6","IT","1","Sustainable Supply Chain Management","Business, Management and Accounting","Social Sciences","1","1"
"W7144018285","10.3389/fnut.2026.1796752","2026","article","Digital technologies for sustainable food supply chains: a scoping review of impacts on food safety, loss reduction, and implications for nutritional security","Frontiers in Nutrition","journal","Shuang Li","3","CN;US","1","Food Waste Reduction and Sustainability","Agricultural and Biological Sciences","Life Sciences","1","0"
"W2985861022","10.1016/j.compag.2019.105092","2019","article","Research directions in technology development to support real-time decisions of fresh produce logistics: A review and research agenda","Computers and Electronics in Agriculture","journal","J. René Villalobos","4","US;CL","63","Food Supply Chain Traceability","Agricultural and Biological Sciences","Life Sciences","0","1"
"W4323567552","10.3389/fsufs.2022.1013701","2023","article","Using machine learning to evaluate 1.2 million studies on small-scale farming and post-production food systems in low- and middle-income countries","Frontiers in Sustainable Food Systems","journal","Jaron Porciello","3","US","5","Agriculture Sustainability and Environmental Impact","Environmental Science","Physical Sciences","1","0"
"W7162991493","10.1016/j.farsys.2026.100244","2026","article","Challenges and opportunities of AI adoption for agri-food system sustainability: Environmental footprint reduction","Farming System","journal","Samuel I. Haruna","9","US","1","Food Waste Reduction and Sustainability","Agricultural and Biological Sciences","Life Sciences","1","1"
"W4288718743","10.5281/zenodo.6930328","2022","article","Review of Deep Learning for Plant Disease Detection","Zenodo (CERN European Organization for Nuclear Research)","repository","S ABHISHEK","5","","2","Smart Agriculture and AI","Agricultural and Biological Sciences","Life Sciences","1","0"
"W4391692923","10.56726/irjmets48795","2024","article","CROP MANAGEMENT USING ARTIFICIAL INTELLIGENCE: A LITERATURE SURVEY","International Research Journal of Modernization in Engineering Technology and Science","journal","","0","","1","Smart Agriculture and AI","Agricultural and Biological Sciences","Life Sciences","1","1"
"W4411003101","10.14569/ijacsa.2025.0160556","2025","article","A Hybrid Convolutional Neural Network-Temporal Attention Mechanism Approach for Real-Time Prediction of Soil Moisture and Temperature in Precision Agriculture","International Journal of Advanced Computer Science and Applications","journal","M. L. Suresh","7","MY;SA;IN","5","Smart Agriculture and AI","Agricultural and Biological Sciences","Life Sciences","1","1"
"W4396794615","10.11591/csit.v5i1.pp49-56","2024","article","Deep learning technique for plant disease detection","Computer Science and Information Technologies","journal","Temitope Samson Adekunle","6","US;NG;ZA;GB","2","Smart Agriculture and AI","Agricultural and Biological Sciences","Life Sciences","1","1"
"W4411377496","10.3390/app15126800","2025","article","Resilient AI in Therapeutic Rehabilitation: The Integration of Computer Vision and Deep Learning for Dynamic Therapy Adaptation","Applied Sciences","journal","Egidia Cirillo","4","IT","3","Stroke Rehabilitation and Recovery","Medicine","Health Sciences","1","0"
"W7117238453","10.55186/2413046x_2023_9_1_64","2024","article","PROSPECTS FOR THE USE OF ARTIFICIAL INTELLIGENCE TECHNOLOGIES IN AGRICULTURE","Moscow Economic Journal","journal","Nikita Pugachev","4","RU","1","Smart Agriculture and AI","Agricultural and Biological Sciences","Life Sciences","1","1"
"W4412080136","10.47212/rtcalinin.3.125.8","2025","article","Context of Agri-Food Short Chains through Agriculture 4.0: An Approach to Food Security","Revista Temario Científico","journal","Nayeli Montalvo–Romero","4","MX","1","Food Waste Reduction and Sustainability","Agricultural and Biological Sciences","Life Sciences","1","1"
"W7169854806","10.3390/foods15142562","2026","review","Artificial Intelligence in Foodborne Pathogen Detection from Sensing to Food Safety Systems: A Systematic Review","Foods","journal","Maria Schirone","3","IT","2","Biosensors and Analytical Detection","Engineering","Physical Sciences","1","1"
"W4399535001","10.21608/ijfsnh.2024.293391.1007","2023","article","Recent trends in the field of artificial intelligence in modern agriculture","International Journal of Family Studies, Food Science and Nutrition Health","journal","Abdallah Bin Abdel Aziz El Qarawy","1","SA","1","Smart Agriculture and AI","Agricultural and Biological Sciences","Life Sciences","1","1"
"W4407340167","10.71097/ijsat.v16.i1.1751","2025","article","Coconut Leaf Disease detection using deep learning techniques","International Journal on Science and Technology","journal","Md Firoz Kabir -","4","LC;US","2","Date Palm Research Studies","Agricultural and Biological Sciences","Life Sciences","1","0"
"W3026072126","10.11144/javeriana.cao33.adssp","2020","article","A Decision Support System for Planning New Products Introductions in Fresh Produce Supply Chains","Cuadernos de Administración","journal","Omar Ahumada","4","MX;US","1","Regional Development and Management Studies","Economics, Econometrics and Finance","Social Sciences","1","1"
"W4313642158","10.22161/ijaers.912.63","2022","article","Applications of Expert System in Agro-Informatics","International Journal of Advanced Engineering Research and Science","journal","Haider Haider","3","IN","1","Smart Agriculture and AI","Agricultural and Biological Sciences","Life Sciences","1","1"
"W3206699812","10.15740/has/au/15.4/435-437","2020","article","Artificial intelligence - The promise for an agricultural revolution in new era","AGRICULTURE UPDATE","journal","Reshma J. Murugan","3","","1","Smart Agriculture and AI","Agricultural and Biological Sciences","Life Sciences","1","1"
"W4402523317","10.3390/land13091481","2024","article","Evaluating Sugarcane Yield Estimation in Thailand Using Multi-Temporal Sentinel-2 and Landsat Data Together with Machine-Learning Algorithms","Land","journal","Jaturong Som-ard","9","TH;IT","7","Remote Sensing in Agriculture","Environmental Science","Physical Sciences","1","1"
"W4407634634","10.22202/mamangan.v12i3.7331","2025","article","Integration of Internet of Things (IoT), Artificial Intelligence (AI) and Blockchain Technology in Agribusiness Supply Chain Management: Case Study on Sensor-Based Agricultural Monitoring Systems","Jurnal Ilmu Sosial Mamangan","journal","Al Asri Abubakar","3","ID","1","Blockchain Technology Applications and Security","Computer Science","Physical Sciences","1","1"
"W4416816175","10.28991/esj-2025-09-05-013","2025","article","Deep Learning-Based Behavior Recognition for Group-Housed Pigs: Advancing Livestock Management with Segmentation Techniques","Emerging Science Journal","journal","Pensiri Akkajit","2","TH","4","Animal Behavior and Welfare Studies","Veterinary","Health Sciences","1","1"
"W4407398213","10.48130/tia-0025-0001","2025","article","Challenges and innovations in potato harvester design: the role of artificial intelligence in improving crop sorting","Technology in Agronomy","journal","Mustafa Ahmed Jalal Al-Sammarraie","3","IQ;TR","2","Potato Plant Research","Agricultural and Biological Sciences","Life Sciences","1","0"
"W4414867807","10.1016/j.compag.2025.111049","2025","article","Explainable artificial intelligence-driven geometric feature selection for enhanced field traversing efficiency prediction","Computers and Electronics in Agriculture","journal","Lefteris Th. Benos","6","GR;IT","2","Reservoir Engineering and Simulation Methods","Engineering","Physical Sciences","0","0"
"W7127946767","10.1016/j.foodchem.2026.148302","2026","article","Transforming food authenticity testing by the exploitation of a machine learning – Data fusion approach: a tea case study","Food Chemistry","journal","Y.F. Li","10","GB;TH","4","Isotope Analysis in Ecology","Environmental Science","Physical Sciences","1","1"
"W2886323342","10.22067/jam.v8i2.52870","2018","article","Application of Artificial Neural Networks for Predicting the Yield and GHG Emissions of Sugarcane Production","DOAJ (DOAJ: Directory of Open Access Journals)","repository","S Haroni","3","IR","3","Spectroscopy and Chemometric Analyses","Chemistry","Physical Sciences","1","1"
"W4376114895","10.1016/j.energy.2023.127701","2023","article","Short-term solar radiation forecasting using hybrid deep residual learning and gated LSTM recurrent network with differential covariance matrix adaptation evolution strategy","Energy","journal","Mehdi Neshat","6","AU;SE;HU;IT","86","Solar Radiation and Photovoltaics","Computer Science","Physical Sciences","0","1"
"W4389037606","10.1016/j.scitotenv.2023.168914","2023","article","An ensemble framework for farmland quality evaluation based on machine learning and physical models","The Science of The Total Environment","journal","Weixuan Xian","8","CN","3","Soil and Water Nutrient Dynamics","Environmental Science","Physical Sciences","0","0"
"W7155182996","10.1155/ijfo/3011089","2026","article","Artificial Intelligence in Religious Certification: A Comprehensive Review of Halal Digitalization, Compliance Integrity, and Future Directions","International Journal of Food Science","journal","Mian N. Riaz","3","US","2","Halal products and consumer behavior","Social Sciences","Social Sciences","1","1"
"W4410599576","10.3390/eng6060105","2025","review","Sustainable Energy and Exergy Analysis in Offshore Wind Farms Using Machine Learning: A Systematic Review","Eng—Advances in Engineering","journal","Hamid Reza Soltani Motlagh","5","MY;OM;GB;GI","4","Energy Load and Power Forecasting","Engineering","Physical Sciences","1","1"
"W4409214543","10.3390/foods14071277","2025","article","Smartphone Video Imaging Combined with Machine Learning: A Cost-Effective Method for Authenticating Whey Protein Supplements","Foods","journal","Xuan L. Tang","5","CN","4","Identification and Quantification in Food","Biochemistry, Genetics and Molecular Biology","Life Sciences","1","0"
"W4411094229","10.11591/ijai.v14.i3.pp1976-1988","2025","article","Blockchain and machine learning driven agricultural transformation framework to enhance efficiency, transparency, and sustainability","IAES International Journal of Artificial Intelligence","journal","Shivashankar Shivashankar","6","IN","3","Impact of AI and Big Data on Business and Society","Decision Sciences","Social Sciences","1","1"
"W4417260844","10.1016/j.engappai.2025.113387","2025","article","Promoting circular supply chain in food sector: A decision framework for analysing the role of artificial intelligence-driven open innovation","Engineering Applications of Artificial Intelligence","journal","Yu Chen","6","CN;GB;KR;TR;LB","3","Sustainable Supply Chain Management","Business, Management and Accounting","Social Sciences","1","1"
"W2980655137","10.5424/sjar/2019173-14357","2019","article","Harvest chronological planning using a method based on satellite-derived vegetation indices and artificial neural networks","Spanish Journal of Agricultural Research","journal","Sepideh Taghizadeh","4","IR","4","Remote Sensing in Agriculture","Environmental Science","Physical Sciences","1","1"
"W3165382817","","2021","article","Soil Monitoring and Crop Yield Prediction Using Machine Learning","Turkish Journal of Computer and Mathematics Education (TURCOMAT)","journal","Dr.G. Ravi","1","","2","Smart Agriculture and AI","Agricultural and Biological Sciences","Life Sciences","1","0"
"W4416869492","10.1016/j.atech.2025.101686","2025","article","A full end-to-end analytical framework for livestock behavior modeling and health assessment using wearable electronic recording system and machine learning","Smart Agricultural Technology","journal","Guohao Ni","12","CN","5","Animal Behavior and Welfare Studies","Veterinary","Health Sciences","1","1"
"W4403810740","10.3390/app14219800","2024","article","Cost-Effective Multispectral Sensor and Artificial Neural Networks for the Detection of Starch Adulteration in Raw Milk","Applied Sciences","journal","Yeliz Durgun","2","TR","3","Spectroscopy and Chemometric Analyses","Chemistry","Physical Sciences","1","0"
"W4412979339","10.1038/s41598-025-14766-7","2025","article","Machine learning analysis of greenhouse gas sources impacting Africa’s food security nexus","Scientific Reports","journal","Adusei Bofa","2","GH;ZA","3","Energy and Environment Impacts","Environmental Science","Physical Sciences","1","1"
"W4394862825","10.1109/access.2024.3389648","2024","article","An Ensemble Hybrid Framework: A Comparative Analysis of Metaheuristic Algorithms for Ensemble Hybrid CNN Features for Plants Disease Classification","IEEE Access","journal","Khaoula Taji","6","MA;PK;ZA;AE;KR","67","Smart Agriculture and AI","Agricultural and Biological Sciences","Life Sciences","1","1"
"W4416553750","10.55525/tjst.1615709","2025","article","Artificial Intelligence-Based Automated Barn Climate Management","Turkish Journal of Science and Technology","journal","Asilhan Mehmet Nacar","4","TR","1","Effects of Environmental Stressors on Livestock","Agricultural and Biological Sciences","Life Sciences","1","1"
"W4412919898","10.47392/irjaem.2025.0402","2025","article","Deep Learning-Based Fruit Detection and Ripeness Assessment","International Research Journal on Advanced Engineering and Management (IRJAEM)","journal","Amruta A. Mali","3","","1","Smart Agriculture and AI","Agricultural and Biological Sciences","Life Sciences","1","0"
"W4401436761","10.1016/j.iot.2024.101324","2024","article","Enhancing supply chain resilience and efficiency through internet of things integration: Challenges and opportunities","Internet of Things","journal","Atefeh Shoomal","4","US","92","Blockchain Technology Applications and Security","Computer Science","Physical Sciences","0","0"
"W4402295385","10.1016/j.compag.2024.109386","2024","article","Precision farming for sustainability: An agricultural intelligence model","Computers and Electronics in Agriculture","journal","Vinod Chandra S S","3","IN","153","Smart Agriculture and AI","Agricultural and Biological Sciences","Life Sciences","0","0"
"W4405623986","10.1016/j.tifs.2024.104851","2024","article","Advanced food contaminant detection through multi-source data fusion: Strategies, applications, and future perspectives","Trends in Food Science & Technology","journal","Selorm Yao‐Say Solomon Adade","10","CN;GH","67","Spectroscopy and Chemometric Analyses","Chemistry","Physical Sciences","0","0"
"W4415338991","10.30910/turkjans.1756810","2025","article","Forecasting Foreign Trade in Türkiye’s Agri-Food Sector: A Comparative Analysis of SARIMA, LSTM, and GRU Models","Türk Tarım ve Doğa Bilimleri Dergisi","journal","Zekiye ŞENGÜL","1","TR","1","Global Trade and Competitiveness","Business, Management and Accounting","Social Sciences","1","1"
"W4401839965","10.56726/irjmets51162","2024","article","POULTRY FARM MANAGEMENT AND HEALTH PREDICTION USING IOT","International Research Journal of Modernization in Engineering Technology and Science","journal","","0","","1","Livestock and Poultry Management","Agricultural and Biological Sciences","Life Sciences","1","1"
"W4399200432","10.1088/1748-9326/ad52b1","2024","article","Assessing climate resilience in rice production: measuring the impact of the Millennium Challenge Corporation’s IWRM scheme in the Senegal River Valley using remote sensing and machine learning","Environmental Research Letters","journal","Dúalta Ó Fionnagáin","10","IE;IT","7","Agriculture and Rural Development Research","Agricultural and Biological Sciences","Life Sciences","1","1"
"W3153453953","10.17762/turcomat.v12i1s.1559","2021","article","An automatic pesticide sprayer to detect the crop disease using machine learning algorithms and spraying pesticide on affected crops","Türk bilgisayar ve matematik eğitimi dergisi","journal","Et. al. Vijay A. Kotkar","1","","4","Smart Agriculture and AI","Agricultural and Biological Sciences","Life Sciences","1","1"
"W3004624061","10.33480/jitk.v5i2.1121","2020","article","SISTEM REKOMENDASI PERTANIAN PADA ARSITEKTUR AGRIBUSINESS E-MARKETPLACE","JITK (Jurnal Ilmu Pengetahuan dan Teknologi Komputer)","journal","Erna Piantari","3","ID","2","Information Retrieval and Data Mining","Computer Science","Physical Sciences","1","0"
"W4399126384","10.18421/tem132-12","2024","article","Real-Time Threat Prevention System for Mitigating Intrusions by Dogs in Livestock Farming using IoT and Machine Learning","TEM Journal","journal","Aekarat Saeliw","3","TH","3","Smart Systems and Machine Learning","Computer Science","Physical Sciences","1","1"
"W3002077180","10.1016/j.biosystemseng.2019.12.013","2020","article","Internet of Things in arable farming: Implementation, applications, challenges and potential","Biosystems Engineering","journal","Andrés Villa‐Henriksen","5","DK;FI","388","Smart Agriculture and AI","Agricultural and Biological Sciences","Life Sciences","1","1"
"W4415383508","10.37349/edht.2025.101167","2025","article","The role of artificial intelligence (AI) in foodborne disease prevention and management—a mini literature review","Exploration of Digital Health Technologies","journal","Sabine Maritschnik","10","AT;CA;SE","1","Smart Agriculture and AI","Agricultural and Biological Sciences","Life Sciences","1","1"
"W4402357207","10.1007/s41976-024-00126-y","2024","article","Public Health Monitoring Based on Food Security Measures in Sustainable Smart City Development Using Machine Learning Techniques","Remote Sensing in Earth Systems Sciences","journal","Karri Sasi Kumar","7","IN;MY","4","Smart Agriculture and AI","Agricultural and Biological Sciences","Life Sciences","0","0"
"W7172334027","10.1016/j.cogsc.2026.101091","2026","review","Fermentelligence – Can AI-optimised fermentation of agri-food side streams deliver the sustainable protein promise?","Current Opinion in Green and Sustainable Chemistry","journal","Alexander Lewis Bowler","6","GB;AU;US","1","Agriculture Sustainability and Environmental Impact","Environmental Science","Physical Sciences","1","1"
"W4396506372","10.1109/access.2024.3395532","2024","article","Human-Centered AI in Smart Farming: Toward Agriculture 5.0","IEEE Access","journal","Andreas Holzinger","5","AT;SI","180","Smart Agriculture and AI","Agricultural and Biological Sciences","Life Sciences","1","1"
"W4327930467","10.1007/s13593-023-00880-1","2023","article","Using machine learning with case studies to identify practices that reduce greenhouse gas emissions across Australian grain production regions","Agronomy for Sustainable Development","journal","Elizabeth A. Meier","6","AU","5","Soil Carbon and Nitrogen Dynamics","Agricultural and Biological Sciences","Life Sciences","1","1"
"W4413964601","10.1016/j.compag.2025.110937","2025","article","Multi-feature image layers fusion for accurate detection of dairy cow mastitis using deep learning","Computers and Electronics in Agriculture","journal","Mengyuan Chu","5","CN","3","Milk Quality and Mastitis in Dairy Cows","Agricultural and Biological Sciences","Life Sciences","0","0"
"W4417507566","10.1080/10408398.2025.2605110","2025","article","Machine learning-driven intelligent transformation of food safety: from multi-source risk identification to whole-chain preventive control","Critical Reviews in Food Science and Nutrition","journal","Luyao Zhang","6","CN","4","Food Supply Chain Traceability","Agricultural and Biological Sciences","Life Sciences","1","1"
"W4404652309","10.1016/j.tifs.2024.104800","2024","article","Advances in smart food authentication for enhanced safety and quality","Trends in Food Science & Technology","journal","Mansoor Ahmad Bhat","5","GB;IN","50","Identification and Quantification in Food","Biochemistry, Genetics and Molecular Biology","Life Sciences","0","0"
"W7134121081","10.1108/bfj-10-2025-1430","2026","article","Digital transformation in agri-food cooperatives: AI and marketing strategies in case studies of first- and second-degree models","British Food Journal","journal","Sonia García-Lafuente","4","ES;FR","1","Cooperative Studies and Economics","Business, Management and Accounting","Social Sciences","1","0"
"W4414982103","10.30525/2256-0742/2025-11-4-238-251","2025","article","EXPERT SYSTEM FOR DETERMINING STRATEGIC DIRECTIONS FOR ENSURING THE STABLE FUNCTIONING OF AGRICULTURAL ENTERPRISES AND RURAL AREAS","Baltic Journal of Economic Studies","journal","Illia A. Chikov","2","UA","2","Economic and Business Development Strategies","Economics, Econometrics and Finance","Social Sciences","1","1"
"W2771050975","10.1016/j.foodcont.2017.11.022","2017","article","New trends in cold chain monitoring applications - A review","Food Control","journal","Ricardo Badia-Melis","5","ES;IE","249","Food Supply Chain Traceability","Agricultural and Biological Sciences","Life Sciences","0","0"
"W2948743012","10.3390/su11113173","2019","article","Monitoring Potato Waste in Food Manufacturing Using Image Processing and Internet of Things Approach","Sustainability","journal","Sandeep S. Jagtap","4","GB;IN","99","Food Waste Reduction and Sustainability","Agricultural and Biological Sciences","Life Sciences","1","0"
"W4396731798","10.3390/rs16101670","2024","article","Machine Learning-Based Fine Classification of Agricultural Crops in the Cross-Border Basin of the Heilongjiang River between China and Russia","Remote Sensing","journal","Meng Liu","6","CN;RU","3","Remote Sensing in Agriculture","Environmental Science","Physical Sciences","1","0"
"W7162814695","10.17221/40/2026-cjas","2026","article","Decision Support Systems in dairy cows farming: A 20-year scoping review of characteristics, applications, and future challenges","Czech Journal of Animal Science","journal","Jan Saro","4","CZ","1","Animal Behavior and Welfare Studies","Veterinary","Health Sciences","1","1"
"W4308126814","10.3390/s22218377","2022","article","Toward Better Food Security Using Concepts from Industry 5.0","Sensors","journal","Selvakumar Guruswamy","8","IN;RS","94","Food Waste Reduction and Sustainability","Agricultural and Biological Sciences","Life Sciences","1","0"
"W4415500993","10.3390/foods14213623","2025","article","Effect of Climate Change on Food Industry Supply Chain Resilience in China on the Basis of Double Machine Learning Models","Foods","journal","Shengtian Jin","3","CN;DE","3","Agricultural risk and resilience","Agricultural and Biological Sciences","Life Sciences","1","0"
"W3120536848","10.21314/jcr.2020.272","2020","article","The effects of customer segmentation, borrower behaviors and analytical methods on the performance of credit scoring models in the agribusiness sector","The Journal of Credit Risk","journal","Daniela Lazo","3","CL;GB;CA","3","Financial Distress and Bankruptcy Prediction","Business, Management and Accounting","Social Sciences","1","0"
"W4409449963","10.1007/s40996-025-01823-4","2025","article","Supply Chain Planning of Agricultural-Products Under Water Scarcity Using Deep Learning","Iranian Journal of Science and Technology Transactions of Civil Engineering","journal","P. Sampath","4","IN","2","Food Supply Chain Traceability","Agricultural and Biological Sciences","Life Sciences","0","1"
"W7117243762","10.1186/s12896-025-01092-z","2025","article","Explainable deep learning ensemble framework for accurate classification of wild poisonous mushroom species","BMC Biotechnology","journal","Aras Fahrettin Korkmaz","8","TR","2","Silymarin and Mushroom Poisoning","Medicine","Health Sciences","1","1"
"W4408716667","10.1109/tce.2025.3553395","2025","article","Employing Consumer Electronics and WSN for Low Carbon Emissions in Agri-Food Practices Through a Hybrid Whale-Wolf Nature-Inspired Model","IEEE Transactions on Consumer Electronics","journal","Khurram Hussain","4","CN","1","Digital Marketing and Social Media","Social Sciences","Social Sciences","1","1"
"W4413603986","10.14419/jf9cjx58","2025","article","A Study on Problems and Prospects of Agricultural Marketing in the Age of Artificial Intelligence and Smart Farming","International Journal of Accounting and Economics Studies","journal","S. Saravanan","2","IN","1","Smart Agriculture and AI","Agricultural and Biological Sciences","Life Sciences","1","0"
"W3114912046","10.26697/ijes.2020.3.2","2020","article","Deep Learning and Internet of things Integrated Farming during COVID-19 in India","International Journal of Education and Science","journal","Abhishek Pandey","2","IN","2","Smart Agriculture and AI","Agricultural and Biological Sciences","Life Sciences","1","1"
"W4405135765","10.48175/ijarsct-22535","2024","article","Crop Selection and Cultivation Using Machine Learning","International Journal of Advanced Research in Science Communication and Technology","journal","S. M.","2","IN","1","Smart Agriculture and AI","Agricultural and Biological Sciences","Life Sciences","1","0"
"W4404736154","10.56294/dm2025500","2024","article","Enhancing product predictive quality control using Machine Learning and Explainable AI","Data & Metadata","journal","Ahmed En-nhaili","4","MA","1","Explainable Artificial Intelligence (XAI)","Computer Science","Physical Sciences","1","1"
"W4416948184","10.3390/foods14234140","2025","article","Cross-Temporal Egg Variety and Storage Period Classifications via Multi-Task Deep Learning with Near-Infrared Hyperspectral Imaging","Foods","journal","Chongkai Liu","7","CN","2","Spectroscopy and Chemometric Analyses","Chemistry","Physical Sciences","1","0"
"W4283393608","10.1108/caer-01-2022-0009","2022","article","Digital technology in agriculture: a review of issues, applications and methodologies","China Agricultural Economic Review","journal","Xiaoxue Du","3","US","38","Food Supply Chain Traceability","Agricultural and Biological Sciences","Life Sciences","1","0"
"W3116070574","","2020","article","Prediction of environmental indicators in land levelling using artificial intelligence techniques","Journal of Electrical & Electronic Systems","journal","Isham Alzoubi","1","","1","Tunneling and Rock Mechanics","Engineering","Physical Sciences","1","1"
"W4406372104","10.55592/cilamce.v6i06.10159","2024","article","Machine Learning Techniques for Egg Production Prediction","Anais do ... Congresso Ibero-Latino-Americano de Métodos Computacionais em Engenharia","journal","Valdinéia Lemke","3","BR;US","1","Animal Nutrition and Physiology","Agricultural and Biological Sciences","Life Sciences","1","1"
"W2951974629","10.1088/1748-9326/ab29ae","2019","article","Food flows between counties in the United States","Environmental Research Letters","journal","Xiaowen Lin","4","US","89","Environmental Impact and Sustainability","Environmental Science","Physical Sciences","1","0"
"W4248656334","10.35940/ijeat.a1382.109119","2019","article","PNNCP- Parallel Nearest Neighbor Classification and Prediction for Big Data Application Based on Apache Spark and Machine Learning","International Journal of Engineering and Advanced Technology","journal","Anilkumar V. Brahmane","2","","3","Data Stream Mining Techniques","Computer Science","Physical Sciences","1","0"
"W4396670192","10.26562/ijiris.2024.v1003.44","2024","article","Freshness of Food Detection Using Iot and Machine Learning","International Journal of Innovative Research in Information Security","journal","Dr.Mamtha C R","1","","1","Advanced Chemical Sensor Technologies","Engineering","Physical Sciences","1","0"
"W4390732648","10.34302/si/238","2023","article","ARTIFICIAL INTELLIGENCE AND BIG DATA ANALYTICS-BASED OPTIMIZATION OF CROP YIELDS IN SUSTAINABLE AGRICULTURE","Carpathian Journal of Food Science and Technology","journal","","0","","1","Big Data and Business Intelligence","Business, Management and Accounting","Social Sciences","1","1"
"W2811398432","10.1016/j.scitotenv.2018.06.326","2018","article","Spatial variation in determinants of agricultural land abandonment in Europe","The Science of The Total Environment","journal","Christian Levers","5","DE;US;DK;RU","274","Land Use and Ecosystem Services","Environmental Science","Physical Sciences","0","0"
"W4280551819","10.3390/s22103710","2022","article","NIR Instruments and Prediction Methods for Rapid Access to Grain Protein Content in Multiple Cereals","Sensors","journal","Keerthi Chadalavada","12","IN;ML;KE;CZ","72","Spectroscopy and Chemometric Analyses","Chemistry","Physical Sciences","1","0"
"W4414591429","10.1080/23311916.2025.2555340","2025","article","Emotional design engineering for packaging of olive oil using machine learning techniques","Cogent Engineering","journal","Ana de las Heras","4","ES;IT","1","Color perception and design","Psychology","Social Sciences","1","0"
"W3170358213","10.1166/jctn.2021.9400","2021","article","Fuzzy C-Means (FCM) Clustering with Probabilistic Neural Network (PNN) Model for Detection and Classification of Rice Plant Diseases in Internet of Things-Cloud Centric Precision Agriculture","Journal of Computational and Theoretical Nanoscience","journal","P. Sindhu","3","IN","4","Smart Agriculture and AI","Agricultural and Biological Sciences","Life Sciences","1","1"
"W7161958959","10.1016/j.compag.2026.111905","2026","article","RT-BFE network: A lightweight deep learning model for real-time beef freshness evaluation and edge devices deployment","Computers and Electronics in Agriculture","journal","Wenying Xu","11","CN","3","Nutritional Studies and Diet","Medicine","Health Sciences","0","0"
"W4414400807","10.2478/jlst-2025-0005","2025","article","The Integration of Blockchain Technology and Internet of Things in realising Sustainable Agro food Supply Chains: An insight into small to medium scale Soya Beans farmers in Mashonaland Central Province, Zimbabwe","Logistics Supply Chain Sustainability and Global Challenges","journal","Judith Moyo","3","ZW","1","Blockchain Technology Applications and Security","Computer Science","Physical Sciences","1","0"
"W4387234646","10.3390/app131910904","2023","article","Machine Learning Applied to Logistics Decision Making: Improvements to the Soybean Seed Classification Process","Applied Sciences","journal","Djonathan Quadras","5","BR;DE","2","Agricultural and Food Sciences","Agricultural and Biological Sciences","Life Sciences","1","1"
"W4404888748","10.31098/lomr.v3i2.2824","2024","article","Advancing Sugarcane Farm Management Through NDVI-Based Color Mapping and Drone Imaging","Logistic and Operation Management Research (LOMR)","journal","M. M. Pawar","4","","1","Smart Agriculture and AI","Agricultural and Biological Sciences","Life Sciences","1","1"
"W4399344083","10.11591/ijeecs.v35.i2.pp1139-1150","2024","article","Forecasting livestock feed sales using machine learning techniques: an analysis of the Moroccan market","Indonesian Journal of Electrical Engineering and Computer Science","journal","Mohamed Amine Nebri","3","MA","2","Forecasting Techniques and Applications","Decision Sciences","Social Sciences","1","0"
"W4414011188","10.1016/j.atech.2025.101421","2025","article","Modelling the growth performance and thermal environment of broiler chicken houses via different machine learning algorithms assisted by a customized Internet of Things","Smart Agricultural Technology","journal","Danung Nur Adli","5","ID","4","Effects of Environmental Stressors on Livestock","Agricultural and Biological Sciences","Life Sciences","1","1"
"W4412607151","10.5937/ffr0-58161","2025","article","Emerging role of Artificial Intelligence and Big Data in driving sustainable growth in the global food industry","Food and Feed Research","journal","A Aditya","3","IN","1","Big Data and Business Intelligence","Business, Management and Accounting","Social Sciences","1","1"
"W4392122345","10.3390/fermentation10030126","2024","article","Bio-Driven Sustainable Extraction and AI-Optimized Recovery of Functional Compounds from Plant Waste: A Comprehensive Review","Fermentation","journal","Wiem Alloun","2","DZ;IT","42","Biofuel production and bioconversion","Engineering","Physical Sciences","1","0"
"W4415759438","10.1007/s11540-025-09945-y","2025","article","uvaNet: A Deep Learning Framework for Precise Detection of Potato Leaf Diseases in Sustainable Agricultural Production","Potato Research","journal","Amit Verma","5","IN;FI","2","Smart Agriculture and AI","Agricultural and Biological Sciences","Life Sciences","0","0"
"W7163058889","10.1016/j.tifs.2026.105850","2026","article","Edge deep learning empowering the evolution of food nondestructive detection technologies from lab to real-world: Principles, mechanisms and applications","Trends in Food Science & Technology","journal","Zifei Shi","8","CN","3","Advanced Chemical Sensor Technologies","Engineering","Physical Sciences","0","0"
"W4411889388","10.53759/7669/jmc202505126","2025","article","A Generalized Deep Learning Approach for Cross-Crop Plant Disease Detection Using the Plant Village Dataset","Journal of Machine and Computing","journal","R Roopa","6","IN","2","Smart Agriculture and AI","Agricultural and Biological Sciences","Life Sciences","1","0"
"W4406774145","10.61310/mjst.v22i2.2189","2024","article","SHRIMPAI: A Mobile Application for the Early Detection of White Spot Syndrome Virus in Shrimp Using Convolutional Neural Network","Mindanao Journal of Science and Technology","journal","Marylene S. Eder","5","PH","2","Aquaculture disease management and microbiota","Immunology and Microbiology","Life Sciences","1","1"
"W4407286613","10.24294/jipd8966","2025","article","Leveraging deep learning for agricultural market forecasting and supply chain optimization in Malaysia","Journal of Infrastructure Policy and Development","journal","Mirza Nurhaziq Mazatul Affendy","3","MY","1","Data Mining and Machine Learning Applications","Computer Science","Physical Sciences","1","1"
"W4412834752","10.1080/23302674.2025.2538652","2025","article","Analysis of agrifood delivery system for socioeconomic sustainability using integrated supply chain operations reference-based framework","International Journal of Systems Science Operations & Logistics","journal","Jettarat Janmontree","4","DE;TH","1","Advanced Manufacturing and Logistics Optimization","Engineering","Physical Sciences","1","1"
"W7115059493","10.1016/j.atech.2025.101710","2025","article","A comprehensive deep learning framework for rice variety classification with real-time deployment","Smart Agricultural Technology","journal","Md. Masudul Islam","4","BD","1","Smart Agriculture and AI","Agricultural and Biological Sciences","Life Sciences","1","1"
"W3200927123","","2021","article","Improving the efficiency of farm management using advanced software technology: Agriculture technology","SPAST Abstracts","journal","M. Raveendra Reddy","5","","1","Smart Agriculture and AI","Agricultural and Biological Sciences","Life Sciences","1","1"
"W3090116862","10.1080/10408398.2020.1825925","2020","article","Traceability in food processing: problems, methods, and performance evaluations—a review","Critical Reviews in Food Science and Nutrition","journal","Jianping Qian","5","CN","126","Food Supply Chain Traceability","Agricultural and Biological Sciences","Life Sciences","1","0"
"W4411987124","10.30598/barekengvol19iss3pp1853-1864","2025","article","COMPARATIVE ANALYSIS OF MACHINE LEARNING METHODS IN CLASSIFYING THE QUALITY OF PALU SHALLOTS","BAREKENG JURNAL ILMU MATEMATIKA DAN TERAPAN","journal","Desy Lusiyanti","4","ID","1","Shallot Cultivation and Analysis","Agricultural and Biological Sciences","Life Sciences","1","1"
"W7140149086","10.1016/j.tifs.2026.105711","2026","article","Trends in passive temperature management strategies and artificial intelligence-assisted design for the food cold chain","Trends in Food Science & Technology","journal","Chi Bing Hu","8","CN","1","Food Supply Chain Traceability","Agricultural and Biological Sciences","Life Sciences","0","1"
"W7161177247","10.1093/af/vfag010","2026","article","From isolated data to integrated ecosystems: the artificial intelligence revolution in precision livestock farming","Animal Frontiers","journal","Víctor E. Cabrera","2","US;CH","1","Smart Agriculture and AI","Agricultural and Biological Sciences","Life Sciences","1","1"
"W7154456037","10.64122/qsnc8599","2026","review","A global perspective on artificial intelligence applications and barriers in food safety: A systematic review (2018–2025)","Journal of Food and Nutrition Research","journal","Karlina Sari","6","ID","1","Food Supply Chain Traceability","Agricultural and Biological Sciences","Life Sciences","1","1"
"W4415151826","10.63125/p59krm34","2022","article","DATA DRIVEN BUSINESS INTELLIGENCE TOOLS IN AGRIBUSINESS A FRAMEWORK FOR EVIDENCE-BASED MARKETING DECISIONS","","","SM. Toufiqur Rahman","2","US","2","Big Data and Business Intelligence","Business, Management and Accounting","Social Sciences","1","1"
"W3102879358","10.4018/ijaec.2020100102","2020","article","Blockchain With IoT and AI","International Journal of Applied Evolutionary Computation","journal","Pushpa Singh","2","IN","82","Blockchain Technology Applications and Security","Computer Science","Physical Sciences","1","0"
"W3193752917","10.3390/en14165129","2021","article","Smart Agriculture Cloud Using AI Based Techniques","Energies","journal","Muhammad Junaid","7","PK;SA","66","Smart Agriculture and AI","Agricultural and Biological Sciences","Life Sciences","1","0"
"W4409566126","10.3390/foods14081403","2025","article","IoT-Enabled Biosensors in Food Packaging: A Breakthrough in Food Safety for Monitoring Risks in Real Time","Foods","journal","Abdus Sobhan","5","US;CA;BD","142","Biosensors and Analytical Detection","Engineering","Physical Sciences","1","1"
"W4414524332","10.47852/bonviewjcce52025984","2025","article","AI-Driven Prediction of Greenhouse Gas Emissions in Livestock Supply Chains: Towards a Data-Driven Model for Sustainable Agri-food Systems","Journal of Computational and Cognitive Engineering","journal","Baha M. Mohsen","2","AE;US","1","Food Supply Chain Traceability","Agricultural and Biological Sciences","Life Sciences","1","1"
"W4403620477","10.3390/forecast6040046","2024","article","Transforming Agricultural Productivity with AI-Driven Forecasting: Innovations in Food Security and Supply Chain Optimization","Forecasting","journal","Sambandh Bhusan Dhal","2","US","80","Innovations in Aquaponics and Hydroponics Systems","Agricultural and Biological Sciences","Life Sciences","1","1"
"W7165004102","10.1016/j.bspc.2026.110817","2026","article","CAT: A Concept Annotation Tool for supporting the development of interpretable deep learning models","Biomedical Signal Processing and Control","journal","Vincenzo Bevilacqua","5","IT","1","Explainable Artificial Intelligence (XAI)","Computer Science","Physical Sciences","1","0"
"W7170175903","10.1016/j.compag.2026.112193","2026","article","Technology Acceptance Level (TAL): A human-centred metric for evaluating trustworthy artificial intelligence in agriculture","Computers and Electronics in Agriculture","journal","Andreas Holzinger","6","AT","1","Knowledge Management and Technology","Decision Sciences","Social Sciences","1","1"
"W7166297988","10.1016/j.jspr.2026.103138","2026","article","Artificial intelligence–driven predictive modeling and smart surveillance systems for mycotoxin risk management in global food chains","Journal of Stored Products Research","journal","Samuel Ayofemi Olalekan Adeyeye","1","IN","1","Mycotoxins in Agriculture and Food","Agricultural and Biological Sciences","Life Sciences","0","1"
"W3213183036","10.24843/jik.2021.v14.i01.p04","2021","article","Impact of Machine Learning Applications For Price Prediction Of Onion In India","Jurnal Ilmu Komputer","journal","Sayed Mannan Ahmad","3","IN","1","Agricultural Economics and Practices","Agricultural and Biological Sciences","Life Sciences","1","0"
"W4292061349","10.22214/ijraset.2022.46317","2022","article","Yield Prediction and Reaping Recommendation System Using Machine Learning","International Journal for Research in Applied Science and Engineering Technology","journal","E Nirosha","3","IN","1","Smart Agriculture and AI","Agricultural and Biological Sciences","Life Sciences","1","1"
"W4412774987","10.3389/fpls.2025.1537990","2025","article","Analyses of crop yield dynamics and the development of a multimodal neural network prediction model with G×E×M interactions","Frontiers in Plant Science","journal","Saiara Samira Sajid","4","US","2","Greenhouse Technology and Climate Control","Agricultural and Biological Sciences","Life Sciences","1","1"
"W3093767281","10.3390/agronomy10111642","2020","article","Feature Extraction for Cocoa Bean Digital Image Classification Prediction for Smart Farming Application","Agronomy","journal","Yudhi Adhitya","4","JP;TW","60","Smart Agriculture and AI","Agricultural and Biological Sciences","Life Sciences","1","0"
"W4403632201","10.1111/1541-4337.70040","2024","article","From Food Industry 4.0 to Food Industry 5.0: Identifying technological enablers and potential future applications in the food sector","Comprehensive Reviews in Food Science and Food Safety","journal","Abdo Hassoun","13","ZA;GB;SE;ES;IN;NL;AT;IE;LB;FR;ID","131","IoT and Edge/Fog Computing","Computer Science","Physical Sciences","1","0"
"W4403377851","10.1016/j.scitotenv.2024.176872","2024","article","Transforming plant-based waste and by-products into valuable products using various “Food Industry 4.0” enabling technologies: A literature review","The Science of The Total Environment","journal","Abderrahmane Aït‐Kaddour","8","FR;ID;MA;TR;TN","127","Food Waste Reduction and Sustainability","Agricultural and Biological Sciences","Life Sciences","1","1"
"W7164158612","10.1371/journal.pone.0349782","2026","article","A machine learning–coupled APSIM model pipeline for projected oil palm yield in Surat Thani, Thailand","PLoS ONE","journal","Napat Jantaraprasit","10","TH;US;KR","2","Oil Palm Production and Sustainability","Environmental Science","Physical Sciences","1","1"
"W4206815340","10.3390/drones6010012","2022","article","A Review of Unmanned System Technologies with Its Application to Aquaculture Farm Monitoring and Management","Drones","journal","Naomi A. Ubina","2","PH;TW","147","Water Quality Monitoring Technologies","Environmental Science","Physical Sciences","1","1"
"W2893231663","10.1111/1467-8551.12333","2019","article","Big Data‐Savvy Teams’ Skills, Big Data‐Driven Actions and Business Performance","British Journal of Management","journal","Pervaiz Akhtar","4","FR;GB;PK","183","Big Data and Business Intelligence","Business, Management and Accounting","Social Sciences","1","0"
"W4367300148","10.3389/frai.2023.1145007","2023","article","Integrating collective know-how for multicriteria decision support in agrifood chains—application to cheesemaking","Frontiers in Artificial Intelligence","journal","Patrice Buche","5","FR","1","Semantic Web and Ontologies","Computer Science","Physical Sciences","1","1"
"W4225809689","10.3390/su14074313","2022","article","The Role of Blockchain in Revolutionizing the Agricultural Sector","Sustainability","journal","Mohannad Alobid","3","HU","41","Blockchain Technology Applications and Security","Computer Science","Physical Sciences","1","0"
"W7130424335","10.1016/j.cej.2026.174300","2026","article","A deep learning-assisted SMART label for food freshness monitoring and prediction under variable lighting conditions","Chemical Engineering Journal","journal","Di Zhang","8","CN;US","1","Listeria monocytogenes in Food Safety","Biochemistry, Genetics and Molecular Biology","Life Sciences","0","0"
"W3046084205","10.3390/soilsystems4030046","2020","article","Managing Soils for Recovering from the COVID-19 Pandemic","Soil Systems","journal","Rattan Lal","18","US;GB;AU;DE;JP;NO;AT;IT;MX","80","Zoonotic diseases and public health","Medicine","Health Sciences","1","1"
"W7127199692","10.3390/su18031467","2026","article","Experimental Data-Driven Machine Learning Analysis for Prediction of PCM Charging and Discharging Behavior in Portable Cold Storage Systems","Sustainability","journal","Raju R. Yenare","4","IN;GB","2","Phase Change Materials Research","Engineering","Physical Sciences","1","0"
"W4380841429","10.1016/j.compeleceng.2023.108799","2023","article","Smart and sustainable agriculture: Fundamentals, enabling technologies, and future directions","Computers & Electrical Engineering","journal","Yaser Jararweh","4","JO;US","157","Smart Agriculture and AI","Agricultural and Biological Sciences","Life Sciences","0","0"
"W2965762843","10.1016/j.ejor.2019.07.053","2019","article","A stochastic planning framework for the discovery of complementary, agricultural systems","European Journal of Operational Research","journal","Héctor Flores","2","US","43","Optimization and Mathematical Programming","Engineering","Physical Sciences","0","1"
"W7118180446","10.1016/j.apsoil.2025.106754","2026","article","DNDC-RF framework based regional soil organic carbon modeling and carbon sequestration potential prediction under climate and farm management scenarios","Applied Soil Ecology","journal","Yue Zhang","2","CN","2","Soil Geostatistics and Mapping","Environmental Science","Physical Sciences","0","1"
"W4410966633","10.3390/foods14111973","2025","article","AI-Powered Innovations in Food Safety from Farm to Fork","Foods","journal","Binfeng Yin","5","CN","47","Advanced Chemical Sensor Technologies","Engineering","Physical Sciences","1","0"
"W7151913611","10.1002/cpe.70599","2026","article","Transformer‐Enhanced Sentiment Analysis of Indian Farmers on Social Media Using Hybrid Deep Learning Models","Concurrency and Computation Practice and Experience","journal","Mohd. Danish","2","GB","1","Sentiment Analysis and Opinion Mining","Computer Science","Physical Sciences","1","0"
"W7110164186","10.1590/1806-9061-2025-2130","2025","article","Machine Learning-Based Decision Trees to Predict Egg Production Performance in Laying Hens under Heat Stress Conditions","Brazilian Journal of Poultry Science","journal","AF Cordeiro","4","BR","2","Animal Nutrition and Physiology","Agricultural and Biological Sciences","Life Sciences","1","1"
"W4408227870","10.1016/j.jfp.2025.100477","2025","article","A Machine–Learning Approach Reveals That Bacterial Spore Levels in Organic Bulk Tank Milk are Dependent on Farm Characteristics and Meteorological Factors","Journal of Food Protection","journal","Chenhao Qian","5","US","2","Milk Quality and Mastitis in Dairy Cows","Agricultural and Biological Sciences","Life Sciences","1","1"
"W4412980654","10.1016/j.afres.2025.101234","2025","article","A review on the impact of big data analytics in transforming agricultural practices, food processing, and preservation strategies","Applied Food Research","journal","Jelili Babatunde Hussein","6","ZA;CN;EG","21","Advanced Technology in Applications","Computer Science","Physical Sciences","1","1"
"W4402746045","10.1016/j.jafr.2024.101429","2024","article","Leveraging blockchain to tackle food fraud: Innovations and obstacles","Journal of Agriculture and Food Research","journal","Keru Duan","3","GB","72","Blockchain Technology Applications and Security","Computer Science","Physical Sciences","1","0"
"W4413403436","10.4236/jpee.2025.138004","2025","article","Development of Real-Time Crop Sorting System Based on Deep Learning and ESP32-CAM Integration","Journal of Power and Energy Engineering","journal","Zul Hasrizal Bohari","7","MY","1","Wireless Sensor Networks and IoT","Engineering","Physical Sciences","1","0"
"W4412096778","10.70102/ijares/v5s1/5-s1-05","2025","article","Unified GIS-based machine learning method for effective forecasting of disease propagation and resistance in aquatic farming","International Journal of Aquatic Research and Environmental Studies","journal","Zilola Alibekova","7","UZ;IQ","1","Water Quality Monitoring Technologies","Environmental Science","Physical Sciences","1","1"
"W4297175467","10.1007/s10479-022-04995-8","2022","article","Machine learning and optimization based decision-support tool for seed variety selection","Annals of Operations Research","journal","Durai Sundaramoorthi","2","US","1","Spectroscopy and Chemometric Analyses","Chemistry","Physical Sciences","0","1"
"W7120079740","10.1007/s41870-025-03051-5","2026","article","RETRACTED ARTICLE: Automatic grading of apples using cat-customized golden eagle optimizer (CC-GEO) and two-fold deep learning model","International Journal of Information Technology","journal","Yashwanth Pamu","2","US","1","Smart Agriculture and AI","Agricultural and Biological Sciences","Life Sciences","0","0"
"W4386990680","10.2478/amns.2023.2.00447","2023","article","Research on the influence factors and improvement path of rural e-commerce development based on neural network","Applied Mathematics and Nonlinear Sciences","journal","Qiao Zhao","1","CN","1","E-commerce and Technology Innovations","Business, Management and Accounting","Social Sciences","1","1"
"W4390694560","10.3390/agriculture14010113","2024","article","Impacts of Geographical Indications on Agricultural Growth and Farmers’ Income in Rural China","Agriculture","journal","Xiaoyu Yin","6","CN","21","Organic Food and Agriculture","Agricultural and Biological Sciences","Life Sciences","1","0"
"W7117156285","10.1016/j.omega.2025.103504","2025","article","Multi-objective optimization with order acceptance for the cumulative job shop scheduling problem in agribusiness","Omega","journal","Florian Linß","4","DE;US","1","Scheduling and Optimization Algorithms","Engineering","Physical Sciences","1","1"
"W7125681024","10.1016/j.foodres.2026.118523","2026","article","Machine learning–driven nanoparticle–enhanced paper chromogenic array sensor approach for detecting sub-lethally injured Salmonella in low moisture food","Food Research International","journal","Zhen Jia","9","US","2","Biosensors and Analytical Detection","Engineering","Physical Sciences","0","0"
"W3118662018","10.1016/j.compag.2020.105922","2021","article","Technological support for detection and prediction of plant diseases: A systematic mapping study","Computers and Electronics in Agriculture","journal","Vinícius Bischoff","4","BR","55","Smart Agriculture and AI","Agricultural and Biological Sciences","Life Sciences","0","0"
"W3095208260","10.1016/j.envres.2020.110416","2020","article","Analysis of the scientific production of the effect of COVID-19 on the environment: A bibliometric study","Environmental Research","journal","Luis‐Alberto Casado‐Aranda","3","ES","111","COVID-19 impact on air quality","Environmental Science","Physical Sciences","0","0"
"W4212885650","10.1016/j.compind.2022.103624","2022","article","A survey on smart farming data, applications and techniques","Computers in Industry","journal","Sandya De Alwis","6","AU;KR","151","Smart Agriculture and AI","Agricultural and Biological Sciences","Life Sciences","0","0"
"W4407678868","10.1016/j.tifs.2025.104925","2025","article","Integrating AI with detection methods, IoT, and blockchain to achieve food authenticity and traceability from farm-to-table","Trends in Food Science & Technology","journal","Zhaolong Liu","6","CN","86","Food Supply Chain Traceability","Agricultural and Biological Sciences","Life Sciences","0","0"
"W7133322468","10.1007/s11356-026-37529-x","2026","article","Valorization of agrifood wastes as sustainable bioadsorbents for pesticide removal from contaminated water: mechanisms, critical factors, challenges, and promising perspectives","Environmental Science and Pollution Research","journal","Masud Parvez","3","CA","1","Pesticide and Herbicide Environmental Studies","Environmental Science","Physical Sciences","0","0"
"W4406984927","10.32628/ijsrst25121170","2025","article","Post-Harvest Technologies and Automation: Al-Driven Innovations in Food Processing and Supply Chains","International Journal of Scientific Research in Science and Technology","journal","Barnavo Das","6","IN","24","Food Supply Chain Traceability","Agricultural and Biological Sciences","Life Sciences","1","1"
"W4382467984","10.1016/j.atech.2023.100275","2023","article","Tomato leaf disease identification via two–stage transfer learning approach","Smart Agricultural Technology","journal","Theodora Sanida","4","GR","76","Smart Agriculture and AI","Agricultural and Biological Sciences","Life Sciences","1","0"
"W4404293897","10.1109/access.2024.3496728","2024","article","Automated and Enhanced Classification of Persea Americana Using Optimized Deep Convolutional Neural Networks With Improved Training Strategies for Agro-Industrial Settings","IEEE Access","journal","Oscar Vera","6","PE;ES","1","Smart Agriculture and AI","Agricultural and Biological Sciences","Life Sciences","1","0"
"W4367626895","10.3390/metabo13050624","2023","article","Value Addition Employing Waste Bio-Materials in Environmental Remedies and Food Sector","Metabolites","journal","Akriti Taneja","10","IN;UZ","56","Food Waste Reduction and Sustainability","Agricultural and Biological Sciences","Life Sciences","1","1"
"W4396508686","10.1016/j.tifs.2024.104520","2024","article","Circular bioeconomy in carbon footprint components of nonthermal processing technologies towards sustainable food system: A review","Trends in Food Science & Technology","journal","Aarti Bains","7","IN;BE;GB;IE","25","Agriculture Sustainability and Environmental Impact","Environmental Science","Physical Sciences","0","0"
"W4395447877","10.5747/ca.2024.v20.h526","2024","article","MACHINE LEARNING INTEGRATION, REMOTE SENSING DATA PREPROCESSING TECHNIQUES TO MAP PESTS COTTON CROPS","Colloquium Agrariae","journal","Daniel Veras Corrêa","4","BR","1","Spectroscopy and Chemometric Analyses","Chemistry","Physical Sciences","1","0"
"W2897811020","10.1016/j.foodcont.2018.10.021","2018","article","Impact of drivers of change, including climatic factors, on the occurrence of chemical food safety hazards in fruits and vegetables: A Bayesian Network approach","Food Control","journal","Yamine Bouzembrak","2","NL","139","Food Safety and Hygiene","Agricultural and Biological Sciences","Life Sciences","1","0"
"W3205929478","10.15544/mts.2021.37","2021","article","Competitive Strategies of Personnel Management in Business Processes of Agricultural Enterprises Focused on Digitalization","Management Theory and Studies for Rural Business and Infrastructure Development","journal","Mykola Mykhailichenko","6","UA","51","Business and Economic Development","Environmental Science","Physical Sciences","1","1"
"W4401895565","10.1016/j.heliyon.2024.e36578","2024","article","A bibliometric analysis of IoT applications in logistics and supply chain management","Heliyon","journal","Imen Zrelli","2","SA;HU","80","Digital Transformation in Industry","Engineering","Physical Sciences","1","1"
"W4390744831","10.3389/fpls.2023.1303429","2024","article","Integrated web portal for non-destructive salt sensitivity detection of Camelina sativa seeds using fluorescent and visible light images coupled with machine learning algorithms","Frontiers in Plant Science","journal","Emilio Vello","4","CA","2","Spectroscopy and Chemometric Analyses","Chemistry","Physical Sciences","1","1"
"W4322773601","10.1111/poms.13967","2023","article","Opportunities in farming research from an operations management perspective","Production and Operations Management","journal","Sushil Kumar Gupta","4","US;GB","54","Sustainable Agricultural Systems Analysis","Environmental Science","Physical Sciences","1","1"
"W4399683238","10.1038/s41598-024-64664-7","2024","article","Development of a real-time cattle lameness detection system using a single side-view camera","Scientific Reports","journal","Bo Bo Myint","6","JP","47","Animal Behavior and Welfare Studies","Veterinary","Health Sciences","1","1"
"W4416724181","10.1007/s12530-025-09773-y","2025","article","A deep learning-based early warning model for food safety risks: evidence from the aquatic products sector in China","Evolving Systems","journal","Ke Qin","5","CN","1","Listeria monocytogenes in Food Safety","Biochemistry, Genetics and Molecular Biology","Life Sciences","0","0"
"W4389426169","10.1016/j.eswa.2023.122847","2023","article","Model pruning enables localized and efficient federated learning for yield forecasting and data sharing","Expert Systems with Applications","journal","Andy Li","4","GB","43","Privacy-Preserving Technologies in Data","Computer Science","Physical Sciences","1","0"
"W4309378304","10.1016/j.energy.2022.126138","2022","article","Biogas generation potential of discarded food waste residue from ultra-processing activities at food manufacturing and packaging industry","Energy","journal","Deval Jugraj Singh","4","IN","46","Food Waste Reduction and Sustainability","Agricultural and Biological Sciences","Life Sciences","0","0"
"W4405323571","10.24326/asphc.2024.5337","2024","article","Development and application of a model for the automatic evaluation and classification of onions (Allium cepa L.) using a Deep Neural Network (DNN)","Acta Scientiarum Polonorum Hortorum Cultus","journal","P. Rybacki","7","PL","1","Spectroscopy and Chemometric Analyses","Chemistry","Physical Sciences","1","0"
"W4393146533","10.1016/j.foodcont.2024.110471","2024","article","Quantitative and qualitative approach for accessing and predicting food safety using various web-based tools","Food Control","journal","Hafiz Muhammad Rizwan Abid","6","PK;AE","50","Food Safety and Hygiene","Agricultural and Biological Sciences","Life Sciences","0","0"
"W4391784388","10.3389/fsufs.2024.1347116","2024","review","Blockchain and agricultural sustainability in South America: a systematic review","Frontiers in Sustainable Food Systems","journal","Cristian Camilo Ordoñez","3","CO","26","Blockchain Technology Applications and Security","Computer Science","Physical Sciences","1","0"
"W3048734519","10.3390/drones4030041","2020","article","A Review on Drone-Based Data Solutions for Cereal Crops","Drones","journal","Uma Shankar Panday","4","NP;NL;AU","94","Smart Agriculture and AI","Agricultural and Biological Sciences","Life Sciences","1","0"
"W7165115192","10.1016/j.jprocont.2026.103776","2026","article","Physics-informed neural network modeling of purple non-sulfur bacteria growth and pH dynamics under varying light conditions","Journal of Process Control","journal","Matheus C.R. Nunes","6","BE","1","Microbial Metabolic Engineering and Bioproduction","Biochemistry, Genetics and Molecular Biology","Life Sciences","0","0"
"W4389946700","10.3390/foods13010011","2023","article","Combining AI Tools with Non-Destructive Technologies for Crop-Based Food Safety: A Comprehensive Review","Foods","journal","Hind Raki","4","MA","27","Smart Agriculture and AI","Agricultural and Biological Sciences","Life Sciences","1","0"
"W3048899190","10.1016/j.biosystemseng.2020.07.009","2020","article","A review of measuring, assessing and mitigating heat stress in dairy cattle","Biosystems Engineering","journal","Boyu Ji","7","AU;US;CN","122","Effects of Environmental Stressors on Livestock","Agricultural and Biological Sciences","Life Sciences","0","0"
"W4415042757","10.1016/j.sctalk.2025.100494","2025","article","Trustworthy AI knowledge systems for precision agriculture and agribusiness management: Detecting crop health using satellite imagery","Science Talks","journal","V. Dhilipkumar","4","IN;TR","1","Smart Agriculture and AI","Agricultural and Biological Sciences","Life Sciences","1","1"
"W7172214129","10.1007/s11947-026-04501-z","2026","article","Development of a Nano‑functionalized Biopolymer Film Using Deep Learning for Real‑Time Relative Humidity Monitoring in Fresh Food Packaging","Food and Bioprocess Technology","journal","Fangye Zeng","6","CN;AU","1","Nanocomposite Films for Food Packaging","Materials Science","Physical Sciences","0","0"
"W7164575268","10.1016/j.trip.2026.102100","2026","article","Modeling agricultural supply chain operations with a petri net-based decision support system: a case study of agribusiness","Transportation Research Interdisciplinary Perspectives","journal","Dmitriy Muzylyov","7","UA;PL;SK","0","Optimization and Mathematical Programming","Engineering","Physical Sciences","1","1"
"W4402117536","10.1007/s12083-024-01780-1","2024","article","Blockchain-based intelligent tracing of food grain crops from production to delivery","Peer-to-Peer Networking and Applications","journal","Udit Agarwal","5","IN;SA","32","Food Supply Chain Traceability","Agricultural and Biological Sciences","Life Sciences","0","0"
"W4411803028","10.1080/13675567.2025.2522198","2025","article","Resilience assessment and spatio-temporal effects in China’s agri-food supply chain based on PSO-BP neural network","International Journal of Logistics Research and Applications","journal","Hongzhi Wang","2","CN","0","Supply Chain Resilience and Risk Management","Business, Management and Accounting","Social Sciences","1","0"
"W4386307931","10.59796/jcst.v13n3.2023.1285","2023","article","Review of The Application of Digital Transformation in Food Industry","Journal of Current Science and Technology","journal","Galih Nugroho","6","ID","20","Digital Transformation in Industry","Engineering","Physical Sciences","1","1"
"W3017707823","10.1016/j.jag.2020.102126","2020","article","Assessing the benefit of satellite-based Solar-Induced Chlorophyll Fluorescence in crop yield prediction","International Journal of Applied Earth Observation and Geoinformation","journal","Bin Peng","8","US","165","Remote Sensing in Agriculture","Environmental Science","Physical Sciences","1","1"
"W4401526348","10.1039/d4ra04684f","2024","article","A comprehensive review on sustainable surfactants from CNSL: chemistry, key applications and research perspectives","RSC Advances","journal","Veeramanoharan Ashokkumar","2","KR","63","Environmental Chemistry and Analysis","Environmental Science","Physical Sciences","1","0"
"W4402096172","10.51594/farj.v5i12.1514","2023","article","Blockchain technology in agriculture: Enhancing supply chain transparency and traceability","Finance & Accounting Research Journal","journal","Adebunmi Okechukwu Adewusi","3","","30","Food Waste Reduction and Sustainability","Agricultural and Biological Sciences","Life Sciences","1","1"
"W7160231927","10.1016/j.biosystemseng.2026.104465","2026","article","Automated 24-h cattle feeding behaviour analysis using Raspberry Pi, infrared imaging, and deep learning-based head position and ID classification","Biosystems Engineering","journal","G.A. Wager-Jones","6","GB","1","Animal Behavior and Welfare Studies","Veterinary","Health Sciences","1","1"
"W7143370916","10.1021/acs.jafc.6c01313","2026","article","Convolutional Neural Network-Assisted Ultrasensitive Immunochromatographic Strips of Salmonella typhimurium through Bright Luminescence and Nano-Biointerfacial Affinity Leveraging Schiff-Base Chemistry-Confined Mechanism","Journal of Agricultural and Food Chemistry","journal","Yuechun Li","11","CN","1","Biosensors and Analytical Detection","Engineering","Physical Sciences","1","0"
"W4412403415","10.1038/s41598-025-10537-6","2025","article","AI-driven smart agriculture using hybrid transformer-CNN for real time disease detection in sustainable farming","Scientific Reports","journal","Zhuo Zeng","5","CN;PK;SA","31","Smart Agriculture and AI","Agricultural and Biological Sciences","Life Sciences","1","1"
"W3008924261","10.3390/rs12050750","2020","article","Identifying the Contributions of Multi-Source Data for Winter Wheat Yield Prediction in China","Remote Sensing","journal","Juan Cao","7","CN;FI","133","Remote Sensing in Agriculture","Environmental Science","Physical Sciences","1","0"
"W4304959477","10.1016/j.jrt.2022.100051","2022","article","Ethics by design: Responsible research & innovation for AI in the food sector","Journal of Responsible Technology","journal","Peter J. Craigon","11","GB","26","Innovative Human-Technology Interaction","Computer Science","Physical Sciences","1","1"
"W4411192302","10.30574/wjaets.2025.15.2.0925","2025","article","Enhancing agricultural supply chain efficiency through artificial intelligence","World Journal of Advanced Engineering Technology and Sciences","journal","Abayomi Taiwo Fashina","1","","0","Impact of AI and Big Data on Business and Society","Decision Sciences","Social Sciences","1","1"
"W3214511409","10.1108/bfj-08-2021-0905","2021","article","Exploring agricultural entrepreneurship and new technologies: academic and practitioners' views","British Food Journal","journal","Silvana Filomena Secinaro","4","IT;GB","52","FinTech, Crowdfunding, Digital Finance","Business, Management and Accounting","Social Sciences","1","1"
"W2739853341","10.1016/j.jpdc.2017.07.004","2017","article","Fast auto-clean CNN model for online prediction of food materials","Journal of Parallel and Distributed Computing","journal","Hao Chen","5","CN","40","Spectroscopy and Chemometric Analyses","Chemistry","Physical Sciences","0","0"
"W4367054177","10.1007/s12571-023-01363-7","2023","article","Crowdsourcing food security: introducing food choice derivatives for sustainability","Food Security","journal","Hana Trollman","3","GB","16","Environmental and Biological Research in Conflict Zones","Environmental Science","Physical Sciences","1","0"
"W4387582182","10.1016/j.jafr.2023.100819","2023","article","Forecasting disruptions in global food value chains to tackle food insecurity: The role of AI and big data analytics – A bibliometric and scientometric analysis","Journal of Agriculture and Food Research","journal","Phemelo Tamasiga","6","MA;GB;BW;FI;ZA","80","Food Waste Reduction and Sustainability","Agricultural and Biological Sciences","Life Sciences","1","1"
"W4387614120","10.1038/s41598-023-44669-4","2023","article","Cow detection and tracking system utilizing multi-feature tracking algorithm","Scientific Reports","journal","Cho Cho Mar","6","JP","65","Food Supply Chain Traceability","Agricultural and Biological Sciences","Life Sciences","1","1"
"W3173536371","10.1016/j.fcr.2021.108205","2021","article","How will the next-generation of sensor-based decision systems look in the context of intelligent agriculture? A case-study","Field Crops Research","journal","André Freitas Colaço","4","AU","39","Smart Agriculture and AI","Agricultural and Biological Sciences","Life Sciences","1","1"
"W4411137518","10.1016/j.trac.2025.118336","2025","article","Recent advances in wearable and implantable electrochemical (bio)sensors for plant health monitoring","TrAC Trends in Analytical Chemistry","journal","Narjiss Seddaoui","2","IT","27","Advanced Chemical Sensor Technologies","Engineering","Physical Sciences","1","0"
"W4205189207","10.1016/j.animal.2021.100432","2022","article","A machine vision system to predict individual cow feed intake of different feeds in a cowshed","animal","journal","M. Saar","6","IL","46","Effects of Environmental Stressors on Livestock","Agricultural and Biological Sciences","Life Sciences","1","1"
"W4410031875","10.1080/10408398.2025.2487134","2025","article","Hyperspectral imaging technology for nondestructive identification of quality deterioration in fruits and vegetables: a review","Critical Reviews in Food Science and Nutrition","journal","Guoling Wan","8","CN;ES","27","Spectroscopy and Chemometric Analyses","Chemistry","Physical Sciences","1","0"
"W4413787340","10.1016/j.foodres.2025.117406","2025","article","Challenges and future perspectives in postharvest cold storage: technological review on sustainable and efficient cold storage of fresh produce","Food Research International","journal","Tuany Gabriela Hoffmann","10","DE;BR","39","Postharvest Quality and Shelf Life Management","Agricultural and Biological Sciences","Life Sciences","1","0"
"W4395080574","10.1016/j.cogsc.2024.100927","2024","review","Leveraging the potential of fourth industrial revolution technologies to reduce and valorize waste and by-products in the dairy sector","Current Opinion in Green and Sustainable Chemistry","journal","Abdo Hassoun","3","FR;TN;ID","35","Food Waste Reduction and Sustainability","Agricultural and Biological Sciences","Life Sciences","0","0"
"W7202215055","10.1007/s43621-026-04029-4","2026","article","Role of artificial intelligence in transforming agricultural supply chain management in Bangladesh","Discover Sustainability","journal","M. Abeedur Rahman","7","BD;IT","0","Smart Agriculture and AI","Agricultural and Biological Sciences","Life Sciences","1","1"
"W7122705179","10.1051/itmconf/20257901006/pdf","2025","article","Role of AI and Blockchain Technology in Enhancing Performance in Agri-Food Supply Chain System","Springer Link (Chiba Institute of Technology)","repository","Sayeda Anjum Burburi","5","","0","Smart Agriculture and AI","Agricultural and Biological Sciences","Life Sciences","1","0"
"W3210673899","10.1016/j.compag.2021.106442","2021","article","IoT-Agro: A smart farming system to Colombian coffee farms","Computers and Electronics in Agriculture","journal","Jhonn Pablo Rodríguez","5","CO","65","Food Supply Chain Traceability","Agricultural and Biological Sciences","Life Sciences","0","0"
"W4391432493","10.3390/su16031244","2024","article","Digital Technologies, Sustainability, and Efficiency in Grain Post-Harvest Activities: A Bibliometric Analysis","Sustainability","journal","Daniel Schmidt","4","BR;IT","29","Food Waste Reduction and Sustainability","Agricultural and Biological Sciences","Life Sciences","1","1"
"W4409429878","10.1080/10408347.2025.2477535","2025","review","A Systematic Review of Spectroscopic Techniques for Detecting Milk Adulteration","Critical Reviews in Analytical Chemistry","journal","Parsa Joolaei Ahranjani","6","IR;IT","29","Identification and Quantification in Food","Biochemistry, Genetics and Molecular Biology","Life Sciences","1","0"
"W4225845188","10.1109/tem.2022.3154841","2022","article","Agriculture Digitalization: A Global Examination Based on Bibliometric Analysis","IEEE Transactions on Engineering Management","journal","Maria Elena Latino","3","IT","57","Smart Agriculture and AI","Agricultural and Biological Sciences","Life Sciences","1","1"
"W4402903027","10.3390/agronomy14102233","2024","article","Key Technologies for Autonomous Fruit- and Vegetable-Picking Robots: A Review","Agronomy","journal","Zhiqiang Chen","7","CN","38","Smart Agriculture and AI","Agricultural and Biological Sciences","Life Sciences","1","1"
"W4417042442","10.1504/ijpmb.2025.10074974","2025","article","Artificial Intelligence Predictive Analyticstools and Sustainable Perishable Food Supply Chain","International Journal of Process Management and Benchmarking","journal","Mangesh Madhavrao Deshpande","2","","0","Food Waste Reduction and Sustainability","Agricultural and Biological Sciences","Life Sciences","1","1"
"W3088527926","10.3390/robotics9040077","2020","article","Occupancy Grid and Topological Maps Extraction from Satellite Images for Path Planning in Agricultural Robots","Robotics","journal","Luís Carlos Santos","5","PT","44","Robotics and Sensor-Based Localization","Engineering","Physical Sciences","1","1"
"W4414259101","10.14419/b9w7t018","2025","article","Optimization of Food Supply Chain Management Using Machine Learning","International Journal of Basic and Applied Sciences","journal","Pujan Shailesh Kakkad","1","US","0","Big Data and Business Intelligence","Business, Management and Accounting","Social Sciences","1","1"
"W4413452009","10.1016/j.tifs.2025.105254","2025","article","From passive to self-aware packs: Flexible Sensor-AI integration powering intelligent, sustainable food packaging","Trends in Food Science & Technology","journal","Zhixin Jia","7","CN","21","Advanced Sensor and Energy Harvesting Materials","Engineering","Physical Sciences","0","0"
"W4406262931","10.1109/access.2025.3528035","2025","article","Convergence of Blockchain, IoT, and AI for Enhanced Traceability Systems: A Comprehensive Review","IEEE Access","journal","Yahaya Saidu","5","MY;NG","58","Food Supply Chain Traceability","Agricultural and Biological Sciences","Life Sciences","1","1"
"W3196215234","10.1111/tpj.15472","2021","article","The INCREASE project: Intelligent Collections of food‐legume genetic resources for European agrofood systems","The Plant Journal","journal","Elisa Bellucci","40","IT;AR;BG;DE;CA;US;ES;PL;FR;LB;SI;AU;IN;PT;RU","62","Genetic and Environmental Crop Studies","Agricultural and Biological Sciences","Life Sciences","1","1"
"W7118900416","10.1016/j.foodchem.2026.147854","2026","article","Current advances in LC-MS/MS and GC-MS/MS coupled with chemometrics for integrated food analysis and quality control","Food Chemistry","journal","Mourad Kharbach","5","FI;BE;CN;US","19","Spectroscopy and Chemometric Analyses","Chemistry","Physical Sciences","0","0"
"W4414567889","10.1016/j.ifacol.2025.09.044","2025","review","Quantitative Methods for Agri-Food Supply Chain Resilience: A Systematic Literature Review Using Text Mining","IFAC-PapersOnLine","journal","Sedef Çalı","3","TR;GB","0","Supply Chain Resilience and Risk Management","Business, Management and Accounting","Social Sciences","1","1"
"W2940504349","10.1371/journal.pone.0215521","2019","article","Quantifying the effect of Jacobiasca lybica pest on vineyards with UAVs by combining geometric and computer vision techniques","PLoS ONE","journal","Ana del","5","ES","49","Remote Sensing in Agriculture","Environmental Science","Physical Sciences","1","1"
"W4386439654","10.3390/s23187670","2023","article","Energy-Efficient IoT-Based Light Control System in Smart Indoor Agriculture","Sensors","journal","Oussama Hadj Abdelkader","4","PT","38","Greenhouse Technology and Climate Control","Agricultural and Biological Sciences","Life Sciences","1","1"
"W4393320926","10.1016/j.tifs.2024.104471","2024","article","Unlocking the potential of future version 3D food products with next generation microalgae blue protein integration: A review","Trends in Food Science & Technology","journal","Bhawna Bisht","11","IN;RU;CN","40","3D Printing in Biomedical Research","Engineering","Physical Sciences","0","0"
"W4412800478","10.18502/jnfs.v10i3.19232","2025","article","The Role of Artificial Intelligence in Food Supply Chain Management during Natural Disasters","Journal of Nutrition and Food Security","journal","Ameneh Marzban","2","IR","0","Supply Chain Resilience and Risk Management","Business, Management and Accounting","Social Sciences","1","1"
"W4401014925","10.1016/j.atech.2024.100512","2024","article","Current applications and potential future directions of reinforcement learning-based Digital Twins in agriculture","Smart Agricultural Technology","journal","Georg Goldenits","4","AT","66","Digital Transformation in Industry","Engineering","Physical Sciences","1","1"
"W4391357798","10.1016/j.fbio.2024.103671","2024","article","Visual early warning and prediction of fresh food quality deterioration: Research progress and application in supply chain","Food Bioscience","journal","Jiangshan Qiao","5","CN;CA","36","Food Waste Reduction and Sustainability","Agricultural and Biological Sciences","Life Sciences","0","0"
"W4407068824","10.1093/ijfood/vvaf034","2025","article","Food loss and waste reduction by using Industry 4.0 technologies: examples of promising strategies","International Journal of Food Science & Technology","journal","Rai Naveed Arshad","10","MY;GB;PK;ES;SE","27","Food Waste Reduction and Sustainability","Agricultural and Biological Sciences","Life Sciences","1","0"
"W7171714730","10.1007/s11694-026-04680-5","2026","article","Digital intelligence agri-food supply chain—tripartite breakthrough in harvest optimization, postharvest preservation, and stakeholder synergy","Journal of Food Measurement & Characterization","journal","Xinxing Li","6","CN","0","Food Supply Chain Traceability","Agricultural and Biological Sciences","Life Sciences","0","0"
"W4413122210","10.3390/agriengineering7080252","2025","article","Reinforcement Learning-Based Agricultural Fertilization and Irrigation Considering N2O Emissions and Uncertain Climate Variability","AgriEngineering","journal","Zhaoan Wang","5","US","16","Greenhouse Technology and Climate Control","Agricultural and Biological Sciences","Life Sciences","1","1"
"W4407878331","10.1007/s42979-025-03672-4","2025","article","A Blockchain-Assisted Trusted Federated Learning for Smart Agriculture","SN Computer Science","journal","T Manoj","3","IN","33","Privacy-Preserving Technologies in Data","Computer Science","Physical Sciences","1","1"
"W2730388259","10.1016/j.ijpe.2017.06.028","2017","article","Mitigating risks of perishable products in the cyber-physical systems based on the extended MRP model","International Journal of Production Economics","journal","David Bogataj","3","IT;SI","99","Food Supply Chain Traceability","Agricultural and Biological Sciences","Life Sciences","0","0"
"W4402192989","10.1016/j.foodhyd.2024.110601","2024","article","Carboxymethyl cellulose-based colorimetric sensor array incorporating ionic liquid-tuned anthocyanin and nano-silica coating for pork freshness monitoring","Food Hydrocolloids","journal","Yali Zhao","9","CN;EG","47","Advanced Chemical Sensor Technologies","Engineering","Physical Sciences","0","0"
"W4206381465","10.3390/s22030717","2022","article","Evaluation of Random Forests (RF) for Regional and Local-Scale Wheat Yield Prediction in Southeast Australia","Sensors","journal","Alexis Pang","3","AU;SG","78","Remote Sensing in Agriculture","Environmental Science","Physical Sciences","1","0"
"W4387401577","10.1016/j.compag.2023.108281","2023","article","Proposal for a framework to manage the barriers that hinder the development of agriculture 4.0 in the agricultural production chain","Computers and Electronics in Agriculture","journal","Franco da Silveira","4","BR","34","Smart Agriculture and AI","Agricultural and Biological Sciences","Life Sciences","0","0"
"W4409866872","10.33545/26180723.2025.v8.i4h.1827","2025","article","The role of artificial intelligence in agribusiness decision-making","International Journal of Agriculture Extension and Social Development","journal","Andukuri Raj Shravanthi","3","IN","0","Digitalization and Economic Development in Agriculture","Business, Management and Accounting","Social Sciences","1","1"
"W4410128569","10.3390/agriengineering7050137","2025","article","Advancing Precision Agriculture Through Digital Twins and Smart Farming Technologies: A Review","AgriEngineering","journal","Muhammad Usama Awais","5","CA;SA","71","Smart Agriculture and AI","Agricultural and Biological Sciences","Life Sciences","1","1"
"W2947675648","10.29297/orbit.v2i2.109","2019","article","Ethics of Using AI and Big Data in Agriculture: The Case of a Large Agriculture Multinational","ORBIT Journal","journal","Mark Ryan","1","NL","85","Smart Agriculture and AI","Agricultural and Biological Sciences","Life Sciences","1","1"
"W4410922694","10.1007/s44187-025-00461-z","2025","article","Food sustainability 4.0: harnessing fourth industrial revolution technologies for sustainable food systems","Discover Food","journal","Abdo Hassoun","1","SY","40","Food Waste Reduction and Sustainability","Agricultural and Biological Sciences","Life Sciences","1","0"
"W4403773469","10.3390/ani14213071","2024","article","Internet of Things (IoT): Sensors Application in Dairy Cattle Farming","Animals","journal","F.M. Tangorra","5","IT","54","Effects of Environmental Stressors on Livestock","Agricultural and Biological Sciences","Life Sciences","1","1"
"W4323519750","10.1071/cp21624","2023","article","Whither digital agriculture in India?","Australian Journal of Agricultural Research","journal","Rupak Goswami","11","IN;MA;AU","24","Smart Agriculture and AI","Agricultural and Biological Sciences","Life Sciences","1","0"
"W4403409759","10.1016/j.heliyon.2024.e39388","2024","article","RETRACTED: Unveiling the relationship between food unit operations and food industry 4.0: A short review","Heliyon","journal","Abdo Hassoun","4","LB;IN;NL","30","Digital Transformation in Industry","Engineering","Physical Sciences","1","0"
"W7169727500","10.1007/s44163-026-01805-z","2026","article","Explainable machine learning for agricultural supply chain price volatility risk screening","Discover Artificial Intelligence","journal","Md Raisul Islam Khan","3","US;SA","0","Agricultural risk and resilience","Agricultural and Biological Sciences","Life Sciences","1","0"
"W4392892989","10.51594/imsrj.v4i3.919","2024","article","ADVANCING FOOD SAFETY THROUGH IOT: REAL-TIME MONITORING AND CONTROL SYSTEMS","International Medical Science Research Journal","journal","Temilade Abass","4","","46","Food Supply Chain Traceability","Agricultural and Biological Sciences","Life Sciences","1","1"
"W4409449375","10.59879/fhnej","2025","article","Optimization of Food Supply Chain and Forecasting Unsustainable Waste Disposal Using Machine Learning","Sylwan","journal","K. Rajalashmi","4","","0","Food Waste Reduction and Sustainability","Agricultural and Biological Sciences","Life Sciences","1","1"
"W7164388738","10.1080/09537287.2026.2683319","2026","article","Machine learning–enabled decision support for planning and control in sustainable agricultural supply chains","Production Planning & Control","journal","Sandeep Kumar","2","","0","Food Supply Chain Traceability","Agricultural and Biological Sciences","Life Sciences","1","1"
"W7135389847","10.1007/s10668-026-07507-x","2026","article","An optimized and explainable artificial intelligence approach for environmental impact of the agri-food industry","Environment Development and Sustainability","journal","Dalia Ezzat","4","EG;BH","0","Agriculture Sustainability and Environmental Impact","Environmental Science","Physical Sciences","0","0"
"W4247505283","10.1504/ijdss.2019.10026315","2019","article","Strategic decision support systems for short supply chain development in the agrifood sector","International Journal of Decision Support Systems","journal","Fotis Kitsios","3","GR","0","Global Trade and Competitiveness","Business, Management and Accounting","Social Sciences","1","1"
"W7212381015","10.1016/j.tifs.2026.106084","2026","article","Digitalization pathways for food loss and waste prevention in agri-food supply chains: Current evidence, challenges and future directions","Trends in Food Science & Technology","journal","Esteban Pérez-García","9","ES;SA;PT","0","Food Waste Reduction and Sustainability","Agricultural and Biological Sciences","Life Sciences","1","1"
"W4385586792","10.14569/ijacsa.2023.01407107","2023","article","Smart-Agri: A Smart Agricultural Management with IoT-ML-Blockchain Integrated Framework","International Journal of Advanced Computer Science and Applications","journal","Md. Mamun Hossain","9","BD","28","Smart Agriculture and AI","Agricultural and Biological Sciences","Life Sciences","1","1"
"W7201900822","10.1016/j.jare.2026.08.019","2026","article","Artificial intelligence of things-enhanced automated surveillance system for global antimicrobial resistance in food supply chain","Journal of Advanced Research","journal","Jinxin Liu","14","CA;US;DE;CN","0","Food Supply Chain Traceability","Agricultural and Biological Sciences","Life Sciences","1","0"
"W7166824212","10.56557/jobari/2026/v32i410784","2026","article","Artificial Intelligence Adoption in Smart Agriculture: A Review of Convolutional Neural Networks for Plant Disease Detection and Agribusiness Sustainability","Journal of basic and applied research international","journal","Anggi Oktaviani","3","ID","0","Smart Agriculture and AI","Agricultural and Biological Sciences","Life Sciences","1","0"
"W4283220273","10.3389/fsufs.2022.884187","2022","article","On-Farm Data Security: Practical Recommendations for Securing Farm Data","Frontiers in Sustainable Food Systems","journal","Mehdi Hazrati","3","CA","34","Smart Agriculture and AI","Agricultural and Biological Sciences","Life Sciences","1","0"
"W4226363237","10.1038/s43016-022-00481-3","2022","article","Data-driven projections suggest large opportunities to improve Europe’s soybean self-sufficiency under climate change","Nature Food","journal","Nicolas Guilpart","3","FR;JP","91","Climate change impacts on agriculture","Agricultural and Biological Sciences","Life Sciences","0","0"
"W4367156484","10.13031/ja.14924","2023","article","The Role of Digitalization in Facilitating Circular Economy","Journal of the ASABE","journal","Ziynet Boz","2","US","17","Digitalization and Economic Development in Agriculture","Business, Management and Accounting","Social Sciences","1","0"
"W4404307212","10.1109/ojcs.2024.3497335","2024","article","The Metaverse for Industry 5.0 in NextG Communications: Potential Applications and Future Challenges","IEEE Open Journal of the Computer Society","journal","B. Prabadevi","10","IN;CN;IE;VN","21","Digital Transformation in Industry","Engineering","Physical Sciences","1","1"
"W4214772877","10.1016/j.jag.2022.102725","2022","article","Operational framework to predict field level crop biomass using remote sensing and data driven models","International Journal of Applied Earth Observation and Geoinformation","journal","Hemant Servia","5","NL","37","Remote Sensing in Agriculture","Environmental Science","Physical Sciences","1","1"
"W7204115211","10.1002/jctb.70256","2026","article","Circular bioeconomy using artificial intelligence: valorizing agri‐food waste into sustainable bioplastics","Journal of Chemical Technology & Biotechnology","journal","Ashish Kapoor","6","IN","0","Food Waste Reduction and Sustainability","Agricultural and Biological Sciences","Life Sciences","1","1"
"W7214185269","10.1016/j.atech.2026.102596","2026","article","Artificial intelligence in agri-food production and supply chains: Applications, implementation barriers, and opportunities","Smart Agricultural Technology","journal","Wei Liu","4","CN","0","Food Supply Chain Traceability","Agricultural and Biological Sciences","Life Sciences","1","1"
"W3197763710","10.1021/acssensors.1c01453","2021","article","Next-Generation Antimicrobial Resistance Surveillance System Based on the Internet-of-Things and Microfluidic Technique","ACS Sensors","journal","Luyao Ma","5","CA;CN","24","Biosensors and Analytical Detection","Engineering","Physical Sciences","1","0"
"W4394064974","10.53022/oarjbp.2024.10.2.0017","2024","article","Vertical farming in urban environments: A review of architectural integration and food security","Open Access Research Journal of Biology and Pharmacy","journal","Olabimpe Banke Akintuyi","1","NG","58","Architecture and Computational Design","Engineering","Physical Sciences","1","0"
"W7116851361","10.1108/bfj-08-2025-1013","2025","review","How digital solutions are transforming food traceability: a systematic literature review of managerial perspectives, advantages and challenges","British Food Journal","journal","Nino Adamashvili","5","GE;IT","5","Food Supply Chain Traceability","Agricultural and Biological Sciences","Life Sciences","1","1"
"W3144425717","10.20900/cbgg20210005","2021","article","Implementation of Genomic Selection in the CIMMYT Global Wheat Program, Findings from the Past 10 Years","Crop Breeding Genetics and Genomics","journal","Susanne Dreisigacker","11","","45","Wheat and Barley Genetics and Pathology","Agricultural and Biological Sciences","Life Sciences","1","0"
"W7214761153","10.3390/su18199953","2026","article","Application of AI-Driven Clustering to Address Territorial Heterogeneity and Enhance Socio-Economic Resilience in Ecuadorian Agri-Food Supply Chains","Sustainability","journal","Israel D. Herrera-Granda","1","EC;ES","0","Urban Agriculture and Sustainability","Agricultural and Biological Sciences","Life Sciences","1","1"
"W4308582359","10.1016/j.jclepro.2022.134862","2022","article","Modelling and analyzing the GHG emissions in the VUCA world: Evidence from tomato production in Morocco","Journal of Cleaner Production","journal","Zakaria El Hathat","6","MA;GB;FR;AU","21","Agriculture Sustainability and Environmental Impact","Environmental Science","Physical Sciences","0","0"
"W7171526044","10.1016/j.tifs.2026.105973","2026","article","Artificial intelligence and digital twins: pathways to climate-resilient, traceable and equitable global food supply chains","Trends in Food Science & Technology","journal","Orlando Borrás-Hidalgo","3","CN;CA","0","Supply Chain Resilience and Risk Management","Business, Management and Accounting","Social Sciences","0","0"
"W4363674985","10.3390/antibiotics12040724","2023","article","Personal Care Products as a Contributing Factor to Antimicrobial Resistance: Current State and Novel Approach to Investigation","Antibiotics","journal","Giulia Caioni","5","IT","34","Pharmaceutical and Antibiotic Environmental Impacts","Environmental Science","Physical Sciences","1","0"
"W7211954581","10.1007/s43994-026-00357-3","2026","article","Advances in artificial intelligence and geomatics technology for the transformation of global agri-food systems: A review","Journal of Umm Al-Qura University for Applied Sciences","journal","Paulo César Escandón Panchana","6","EC;ES;BR","0","Smart Agriculture and AI","Agricultural and Biological Sciences","Life Sciences","1","1"
"W3215916015","10.1139/facets-2021-0017","2021","article","A scoping review of the digital agricultural revolution and ecosystem services: implications for Canadian policy and research agendas","FACETS","journal","Arthur G. Green","11","CA","42","Land Use and Ecosystem Services","Environmental Science","Physical Sciences","1","1"
"W4375950860","10.1002/bse.3436","2023","article","Analyzing the greenhouse gas emissions in the palm oil supply chain in the VUCA world: A blockchain initiative","Business Strategy and the Environment","journal","Zakaria El Hathat","6","MA;FR;GB;IN;AU","22","Oil Palm Production and Sustainability","Environmental Science","Physical Sciences","1","0"
"W2971475047","10.1016/j.jclepro.2019.118225","2019","article","Forecasting accuracy influence on logistics clusters activities: The case of the food industry","Journal of Cleaner Production","journal","Valentas Gružauskas","3","LT","57","Sustainable Supply Chain Management","Business, Management and Accounting","Social Sciences","1","1"
"W3200873846","10.1016/j.scs.2021.103331","2021","article","An integrated optimization approach using a collaborative strategy for sustainable cities freight transportation: A Case study","Sustainable Cities and Society","journal","Aymen Aloui","3","FR","46","Urban and Freight Transport Logistics","Engineering","Physical Sciences","0","1"
"W4406092438","10.1016/j.prime.2025.100896","2025","article","Developing an IoT and ML-driven platform for fruit ripeness evaluation and spoilage detection: A case study on bananas","e-Prime - Advances in Electrical Engineering Electronics and Energy","journal","M Rajini.","2","","17","Smart Agriculture and AI","Agricultural and Biological Sciences","Life Sciences","1","0"
"W4410966506","10.9734/ajahr/2025/v12i2388","2025","article","Artificial Intelligence and Machine Learning Applications in the Postharvest Storage of Tomato","Asian Journal of Agricultural and Horticultural Research","journal","Elvan Ekinci","2","TR","0","Smart Agriculture and AI","Agricultural and Biological Sciences","Life Sciences","1","1"
"W4383312533","10.1016/j.ecoinf.2023.102194","2023","article","Winter wheat yield prediction in the conterminous United States using solar-induced chlorophyll fluorescence data and XGBoost and random forest algorithm","Ecological Informatics","journal","Abhasha Joshi","4","AU;MY;IN","91","Remote Sensing in Agriculture","Environmental Science","Physical Sciences","0","0"
"W3013255332","10.1109/mitp.2020.2978043","2020","article","Food for Thought: Fighting Fake News and Online Disinformation","IT Professional","journal","Konstantinos P. Demestichas","3","GR","22","Misinformation and Its Impacts","Social Sciences","Social Sciences","1","0"
"W4404257502","10.1016/j.foodcont.2024.111030","2024","article","Industry 4.0 digital transformation: Shaping the future of food quality","Food Control","journal","Bhawna Bisht","9","IN;CN;RU","19","Advanced Chemical Sensor Technologies","Engineering","Physical Sciences","0","0"
"W4318269821","10.1016/j.techsoc.2023.102202","2023","article","Adoption of computer-based technology (CBT) in agriculture in Kentucky, USA: Opportunities and barriers","Technology in Society","journal","Buddhi Gyawali","4","US","23","Agricultural Innovations and Practices","Agricultural and Biological Sciences","Life Sciences","0","0"
"W3128318510","10.1016/j.procir.2021.01.073","2021","article","Wasting less food: smart mass customisation of food provision","Procedia CIRP","journal","Elliot Woolley","3","GB;CN","19","Food Waste Reduction and Sustainability","Agricultural and Biological Sciences","Life Sciences","1","1"
"W4231352105","10.35940/ijrte.b1779.078219","2019","article","Machine Learning for Agribusiness Using GIS","International Journal of Recent Technology and Engineering (IJRTE)","journal","Sahana D Gowda","4","","0","Smart Agriculture and AI","Agricultural and Biological Sciences","Life Sciences","1","0"
"W4403339266","10.36956/rwae.v5i3.1276","2024","article","Sustainable Food and Agriculture Production: Reducing Food Waste through Technological Advancements and Assessing its Economic Impact","Research on World Agricultural Economy","journal","Oznur Oztuna Taner","1","TR","17","Food Waste Reduction and Sustainability","Agricultural and Biological Sciences","Life Sciences","1","0"
"W3003458833","10.1016/j.scitotenv.2020.136956","2020","article","May smart technologies reduce the environmental impact of nitrogen fertilization? A case study for paddy rice","The Science of The Total Environment","journal","Jacopo Bacenetti","12","IT","72","Remote Sensing in Agriculture","Environmental Science","Physical Sciences","0","0"
"W4293220966","10.3390/microorganisms10091703","2022","article","Preharvest Environmental and Management Drivers of Multidrug Resistance in Major Bacterial Zoonotic Pathogens in Pastured Poultry Flocks","Microorganisms","journal","Moses Babatunde Ayoola","5","US","13","Pharmaceutical and Antibiotic Environmental Impacts","Environmental Science","Physical Sciences","1","1"
"W4403064276","10.1080/10408398.2024.2405840","2024","article","A review of the emerging technologies and systems to mitigate food fraud in supply chains","Critical Reviews in Food Science and Nutrition","journal","Indika Fernando","4","AU","33","Identification and Quantification in Food","Biochemistry, Genetics and Molecular Biology","Life Sciences","1","0"
"W4367188725","10.3991/ijim.v17i08.39467","2023","article","Improving Opportunities in Supply Chain Processes Using the Internet of Things and Blockchain Technology","International Journal of Interactive Mobile Technologies (iJIM)","journal","Samar Raza Talpur","5","PK;MY;BH","21","Supply Chain Resilience and Risk Management","Business, Management and Accounting","Social Sciences","1","1"
"W3209135349","","2019","article","Agrifood Ecosystem: exploiting convergence between Artificial Intelligence and Blockchain.","","","Cristina Mele","3","","0","Blockchain Technology Applications and Security","Computer Science","Physical Sciences","0","0"
"W4388767536","10.36956/rwae.v4i4.887","2023","article","Examining the Linkages of Technology Adoption Enablers in Context of Dairy Farming Using ISM-MICMAC Approach","Research on World Agricultural Economy","journal","Hans Kaushik","2","IN","19","Digitalization and Economic Development in Agriculture","Business, Management and Accounting","Social Sciences","1","1"
"W7118976570","10.3390/fermentation12010033","2026","article","Precision Biomanufacturing with Lactic Acid Bacteria: From Ancestral Fermentations to Technological Innovation and Future Prospects for Next-Generation Functional Foods","Fermentation","journal","Ana Yanina Bustos","2","AR","13","Probiotics and Fermented Foods","Agricultural and Biological Sciences","Life Sciences","1","0"
"W4308314560","10.1007/s10460-022-10388-1","2022","article","Can a robot be an expert? The social meaning of skill and its expression through the prospect of autonomous AgTech","Agriculture and Human Values","journal","Katharine Legun","3","NL;NZ;CL","33","CRISPR and Genetic Engineering","Biochemistry, Genetics and Molecular Biology","Life Sciences","1","0"
"W7155632110","10.9734/jeai/2026/v48i54211","2026","article","Artificial Intelligence and Machine Learning for Resource Optimization in Agriculture: A Review","Journal of Experimental Agriculture International","journal","Shyam Kumar Nunna","7","","0","Smart Agriculture and AI","Agricultural and Biological Sciences","Life Sciences","1","1"
"W3037097725","10.1371/journal.pone.0234703","2020","article","The potential of UAV-borne spectral and textural information for predicting aboveground biomass and N fixation in legume-grass mixtures","PLoS ONE","journal","Esther Grüner","3","DE","76","Remote Sensing in Agriculture","Environmental Science","Physical Sciences","1","1"
"W4321497982","10.3390/s23052382","2023","article","Robust Multi-Sensor Consensus Plant Disease Detection Using the Choquet Integral","Sensors","journal","Cédric Marco-Detchart","4","ES","11","Smart Agriculture and AI","Agricultural and Biological Sciences","Life Sciences","1","1"
"W4414171508","10.1021/acsagscitech.5c00706","2025","article","Integrating Artificial Intelligence, Circular Engineering, and Circular Economy for Sustainable Agri-Food System Transformation","ACS Agricultural Science & Technology","journal","Fernando E. Alejandro Ruiz","5","EC;CL;MX;US","0","Food Industry and Aquatic Biology","Agricultural and Biological Sciences","Life Sciences","0","0"
"W4402508160","10.1016/j.postharvbio.2024.113203","2024","article","Large-scale data-driven uniformity analysis and sensory prediction of commercial banana ripening process","Postharvest Biology and Technology","journal","Ria Kanjilal","3","US","14","Spectroscopy and Chemometric Analyses","Chemistry","Physical Sciences","0","0"
"W4409860921","10.55041/ijsrem46227","2025","article","AI & ML for Livestock Welfare: Analysing Behaviour and Stress Patterns for Better Care","INTERANTIONAL JOURNAL OF SCIENTIFIC RESEARCH IN ENGINEERING AND MANAGEMENT","journal","Devyess Buchha","1","IN","2","Human-Animal Interaction Studies","Biochemistry, Genetics and Molecular Biology","Life Sciences","1","1"
"W2795020760","10.12791/ksbec.2018.27.1.27","2018","article","Research-platform Design for the Korean Smart Greenhouse Based on Cloud Computing","Protected horticulture and Plant Factory","journal","Jeonghyun Baek","5","KR","7","Energy and Environmental Systems","Social Sciences","Social Sciences","1","1"
"W4382278681","10.1108/ijrdm-10-2022-0400","2023","article","Investigating crowd logistics platform operations for local food distribution","International Journal of Retail & Distribution Management","journal","Florian Cramer","2","DE","19","Urban and Freight Transport Logistics","Engineering","Physical Sciences","1","1"
"W4407654134","10.33938/2412-126","2024","article","METHODOLOGICAL ASPECTS OF THE USE OF ARTIFICIAL NEURAL NETWORKS IN FORECASTING AGRI-FOOD ECONOMIC SYSTEMS","Economy labor management in agriculture","journal","Aleksandr Alekseevich Dubovitskii","3","","0","Food Industry and Aquatic Biology","Agricultural and Biological Sciences","Life Sciences","1","0"
"W4244311075","10.35940/ijeat.f8539.088619","2019","article","Agribusiness Innovation Utilizing Gis with Machine Learning","International Journal of Engineering and Advanced Technology","journal","A L Vidyashree","2","","0","Smart Agriculture and AI","Agricultural and Biological Sciences","Life Sciences","1","0"
"W4409000469","10.1007/s10462-025-11191-0","2025","article","Sustainable AI-driven wind energy forecasting: advancing zero-carbon cities and environmental computation","Artificial Intelligence Review","journal","Haytham H. Elmousalami","3","AU;SA","24","Energy Load and Power Forecasting","Engineering","Physical Sciences","1","1"
"W4405402379","10.1007/s00146-024-02146-0","2024","article","AI through the looking glass: an empirical study of structural social and ethical challenges in AI","AI & Society","journal","Mark Ryan","5","NL","22","Ethics and Social Impacts of AI","Social Sciences","Social Sciences","1","0"
"W4309458065","10.3390/su142215249","2022","review","A Systematic Review of Knowledge Representation Techniques in Smart Agriculture (Urban)","Sustainability","journal","Bikram Pratim Bhuyan","3","FR;IN","26","Smart Agriculture and AI","Agricultural and Biological Sciences","Life Sciences","1","1"
"W4391306284","10.23947/2413-1474-2023-7-3-6-12","2024","article","Implementation of the Artificial Intelligence Technologies in the Agribusiness: State of the Art and Prospects","Economy and ecology of territorial educations","journal","Vyacheslav V. Polyakov","1","RU","0","Digitalization and Economic Development in Agriculture","Business, Management and Accounting","Social Sciences","1","0"
"W4390840353","10.6007/ijarems/v13-i1/19413","2024","article","How Can Deep Learning and Strategic Thinking Transform Agri-Business Research in Malaysian Academic Libraries?","International Journal of Academic Research in Economics and Management Sciences","journal","Haziah Sa’ari","3","MY;GB;NZ","0","Organizational and Employee Performance","Computer Science","Physical Sciences","1","1"
"W7143519384","10.18494/sam5803","2026","article","Sensor-driven AI Framework for Sustainable Agri-food Supply Chain: Policy Gradient Optimization with IoT and Twin Delayed Deep Deterministic Policy Gradient Algorithm","Sensors and Materials","journal","Haidong Li","1","CN","0","Food Supply Chain Traceability","Agricultural and Biological Sciences","Life Sciences","1","0"
"W4414245293","10.1016/j.trac.2025.118462","2025","article","Advances in lateral flow assays for sensitive detection of antibiotic residues: An intelligent tool for food safety monitoring","TrAC Trends in Analytical Chemistry","journal","Peifang Chen","7","CN","17","Biosensors and Analytical Detection","Engineering","Physical Sciences","0","0"
"W2942564721","10.36378/jtos.v1i1.12","2018","article","JARINGAN SYARAF TIRUAN MENGGUNAKAN ALGORITMA BACKPROPAGATION UNTUK MEMPREDIKSI PRESTASI SISWA","JURNAL TEKNOLOGI DAN OPEN SOURCE","journal","Fatmi Zola","1","","26","Data Mining and Machine Learning Applications","Computer Science","Physical Sciences","1","0"
"W4407356855","10.1016/j.atech.2025.100829","2025","article","IoT and AI-driven solutions for human-wildlife conflict: Advancing sustainable agriculture and biodiversity conservation","Smart Agricultural Technology","journal","Niloofar Abed","5","IN","32","Wildlife Ecology and Conservation","Environmental Science","Physical Sciences","1","1"
"W4311973921","10.1109/jsen.2022.3221960","2022","article","A Self-Supervised Learning-Based Intelligent Greenhouse Orchid Growth Inspection System for Precision Agriculture","IEEE Sensors Journal","journal","Liang-Bi Chen","4","TW;AU","37","Smart Agriculture and AI","Agricultural and Biological Sciences","Life Sciences","1","1"
"W4390800197","10.1016/j.procir.2023.09.063","2023","article","Preventing waste in food supply networks - a platform architecture for AI-driven forecasting based on heterogeneous big data","Procedia CIRP","journal","Alexandra Birkmaier","4","AT","22","Food Waste Reduction and Sustainability","Agricultural and Biological Sciences","Life Sciences","1","1"
"W2999846061","10.3390/agriculture10010025","2020","article","Neural Visual Detection of Grain Weevil (Sitophilus granarius L.)","Agriculture","journal","Piotr Boniecki","6","PL","26","Surface Treatment and Coatings","Engineering","Physical Sciences","1","1"
"W4403133043","10.55524/ijircst.2024.12.5.10","2024","article","A Study of the Application Domain of a Large Language Models in the Agricultural Sector","International Journal of Innovative Research in Computer Science & Technology","journal","Saikat Banerjee","3","IN","6","Diverse Approaches in Healthcare and Education Studies","Medicine","Health Sciences","1","1"
"W4409896436","10.56082/annalsarsciagr.2024.2.31","2024","article","ENHANCING DAIRY FARM MANAGEMENT THROUGH PRECISION LIVESTOCK FARMING AND ARTIFICIAL INTELLIGENCE","Annals of the Academy of Romanian Scientists Series on Agriculture Silviculture and Veterinary Medicine","journal","Cătălina SĂNDULEANU","6","RO","0","Effects of Environmental Stressors on Livestock","Agricultural and Biological Sciences","Life Sciences","1","1"
"W3124222757","10.1109/access.2021.3054006","2021","article","Heuristic and Backtracking Algorithms for Improving the Performance of Efficiency Analysis Trees","IEEE Access","journal","Miriam Esteve","4","ES","23","Efficiency Analysis Using DEA","Decision Sciences","Social Sciences","1","1"
"W4413781144","10.1016/j.jafr.2025.102310","2025","article","Integrating remote sensing and AI in smart greenhouse solar dryers: Enhancing efficiency, traceability, and sustainability in the drying of fruits and spices","Journal of Agriculture and Food Research","journal","Azmirul Hoque","7","IN","8","Greenhouse Technology and Climate Control","Agricultural and Biological Sciences","Life Sciences","1","0"
"W4401249821","10.1016/j.rser.2024.114781","2024","article","Dynamic non-constraint ensemble model for probabilistic wind power and wind speed forecasting","Renewable and Sustainable Energy Reviews","journal","Yun Wang","5","CN","38","Energy Load and Power Forecasting","Engineering","Physical Sciences","0","0"
"W4392465872","10.1016/j.agwat.2024.108758","2024","review","Towards efficient irrigation management at field scale using new technologies: A systematic literature review","Agricultural Water Management","journal","Afaf Bounajra","4","MA","36","Irrigation Practices and Water Management","Agricultural and Biological Sciences","Life Sciences","1","1"
"W4377944296","10.1016/j.foodcont.2023.109849","2023","article","Recent advances of application of optical imaging techniques for disease detection in fruits and vegetables: A review","Food Control","journal","Sudau Eh Teet","2","MY","43","Spectroscopy and Chemometric Analyses","Chemistry","Physical Sciences","0","0"
"W4401664811","10.1016/j.compag.2024.109339","2024","article","Computer Vision-Based cybernetics systems for promoting modern poultry Farming: A critical review","Computers and Electronics in Agriculture","journal","Xiao Yan Yang","9","US","32","Smart Agriculture and AI","Agricultural and Biological Sciences","Life Sciences","0","0"
"W7118761686","10.1002/agr.70062","2026","article","Artificial Intelligence (AI) and Agribusiness: From Automation to Augmentation in a Global Context","Agribusiness","journal","Alexis H. Villacís","1","EC;US","0","Smart Agriculture and AI","Agricultural and Biological Sciences","Life Sciences","0","0"
"W4306631508","10.5281/zenodo.7215189","2022","article","Industry 4.0 Concept for Nepal - Operating Virtual Farming Industry","Zenodo (CERN European Organization for Nuclear Research)","repository","A. K. Mishra","3","IN;NP;JP","17","Digital Transformation in Industry","Engineering","Physical Sciences","1","0"
"W4220925683","10.3390/s22072689","2022","article","EmbeddedPigCount: Pig Counting with Video Object Detection and Tracking on an Embedded Board","Sensors","journal","김종관","7","KR","39","Industrial Vision Systems and Defect Detection","Engineering","Physical Sciences","1","1"
"W7118183568","10.3390/cleantechnol8010005","2026","article","Life Cycle Optimization of Circular Industrial Processes: Advances in By-Product Recovery for Renewable Energy Applications","Clean Technologies","journal","Kyriaki Kiskira","7","GR;BE;IT","24","Sustainable Industrial Ecology","Engineering","Physical Sciences","1","1"
"W7167336247","10.9734/ijecc/2026/v16i75540","2026","article","Artificial Intelligence and Machine Learning in Precision Agriculture: Applications, Challenges, and Future Directions","International Journal of Environment and Climate Change","journal","S Vishnupriya","8","IN","0","Smart Agriculture and AI","Agricultural and Biological Sciences","Life Sciences","1","1"
"W7212224590","10.3390/foods15183215","2026","article","Prioritizing Artificial Intelligence Opportunities for Food as Health in the U.S. Agrifood Value Chain","Foods","journal","Lourival Carmo Mônaco Neto","2","US","0","Food Waste Reduction and Sustainability","Agricultural and Biological Sciences","Life Sciences","1","0"
"W4280547046","10.3390/drones6050128","2022","article","Autonomous UAS-Based Agriculture Applications: General Overview and Relevant European Case Studies","Drones","journal","Mariann Merz","13","NO;PT;SE;FI","37","Smart Agriculture and AI","Agricultural and Biological Sciences","Life Sciences","1","1"
"W4413795948","10.3390/foods14173004","2025","article","Generative AI and Blockchain-Integrated Multi-Agent Framework for Resilient and Sustainable Fruit Cold-Chain Logistics","Foods","journal","Abhirup Khanna","8","IN;MY;CN;IE","23","Blockchain Technology Applications and Security","Computer Science","Physical Sciences","1","0"
"W4396827557","10.1016/j.applanim.2024.106286","2024","article","A scoping review of the use of bioacoustics to assess various components of farm animal welfare","Applied Animal Behaviour Science","journal","Mathilde Pauline Coutant","3","DK;FR","44","Animal Behavior and Welfare Studies","Veterinary","Health Sciences","1","1"
"W4390523543","10.3390/foods13010150","2024","article","A Conceptual Model Relationship between Industry 4.0—Food-Agriculture Nexus and Agroecosystem: A Literature Review and Knowledge Gaps","Foods","journal","Chee Kong Yap","2","MY;SA","35","Digital Transformation in Industry","Engineering","Physical Sciences","1","0"
"W4379792983","10.1007/s11277-023-10521-1","2023","article","Application of Green IoT in Agriculture 4.0 and Beyond: Requirements, Challenges and Research Trends in the Era of 5G, LPWANs and Internet of UAV Things","Wireless Personal Communications","journal","Parijata Majumdar","4","IN","61","IoT Networks and Protocols","Engineering","Physical Sciences","0","0"
"W4415104369","10.29141/2658-5081-2025-26-3-7","2025","article","Neural network forecasting of the agrifood system performance: Theoretical and methodological foundations","Journal of New Economy","journal","Aleksandr Dubovitsky","3","RU","0","Economic and Business Development Strategies","Economics, Econometrics and Finance","Social Sciences","1","0"
"W4406230540","10.3390/logistics9010008","2025","article","Critical Analysis of Technologies Enhancing Supply Chain Collaboration in the Food Industry: A Nigerian Survey","Logistics","journal","Ebenezer Akinbamini","5","GB;ES","19","Blockchain Technology Applications and Security","Computer Science","Physical Sciences","1","1"
"W4401511380","10.1021/acssensors.4c00957","2024","article","Cost-Effective and Wireless Portable Device for Rapid and Sensitive Quantification of Micro/Nanoplastics","ACS Sensors","journal","Haoxin Leo Ye","12","CA;HK","40","Microplastics and Plastic Pollution","Environmental Science","Physical Sciences","1","1"
"W4417302568","10.1016/j.tifs.2025.105491","2025","article","Digital twin technology in AI-operated metaverse for food processing: A pathway to sustainability, efficiency and innovation","Trends in Food Science & Technology","journal","Batuhan İnanlar","2","TR","16","Digital Transformation in Industry","Engineering","Physical Sciences","0","0"
"W4401125160","10.9734/jsrr/2024/v30i82263","2024","article","Revolutionizing Agriculture: Innovative Techniques, Applications, and Future Prospects in Precision Farming","Journal of Scientific Research and Reports","journal","K S Somashekar","7","IN","13","Smart Agriculture and AI","Agricultural and Biological Sciences","Life Sciences","1","1"
"W7154009440","10.25673/122972","2026","article","Success factors of agrifood start-ups : perspectives from machine learning","Digitalen Hochschulbibliothek Sachsen-Anhalt (Universitäts- und Landesbibliothek Sachsen-Anhalt)","repository","Sibylle Gerlach","3","","0","Entrepreneurship Studies and Influences","Business, Management and Accounting","Social Sciences","1","1"
"W4406526589","10.3390/agriculture15020195","2025","article","Raman Spectroscopy and Its Application in Fruit Quality Detection","Agriculture","journal","Yong Huang","7","CN","16","Spectroscopy and Chemometric Analyses","Chemistry","Physical Sciences","1","0"
"W4390238894","10.1016/j.jfoodeng.2023.111914","2023","article","A cost-effective over-temperature alarm system for cold chain delivery","Journal of Food Engineering","journal","Xiangchao Meng","5","CN","23","Food Supply Chain Traceability","Agricultural and Biological Sciences","Life Sciences","0","0"
"W4402297965","10.13031/ja.15660","2024","article","A Scoping Review of Postharvest Losses, Supply Chain Management, and Technology: Implications for Produce Quality in Developing Countries","Journal of the ASABE","journal","Raminder Kaur","2","","56","Food Waste Reduction and Sustainability","Agricultural and Biological Sciences","Life Sciences","1","1"
"W3037368822","10.3390/rs12122017","2020","article","The Fusion of Spectral and Structural Datasets Derived from an Airborne Multispectral Sensor for Estimation of Pasture Dry Matter Yield at Paddock Scale with Time","Remote Sensing","journal","Senani B. Karunaratne","7","AU;DE","46","Remote Sensing in Agriculture","Environmental Science","Physical Sciences","1","1"
"W4409083800","10.52783/cana.v32.4101","2025","article","An Automated Framework Blockchain-Based Agriculture Supply Chain","Communications on Applied Nonlinear Analysis","journal","Ankita K. Tiwari, Seema Mahajan","1","","0","Blockchain Technology Applications and Security","Computer Science","Physical Sciences","1","1"
"W4387532505","10.3389/fhort.2023.1282615","2023","review","New developments and opportunities for AI in viticulture, pomology, and soft-fruit research: a mini-review and invitation to contribute articles","Frontiers in Horticulture","journal","Sigfredo Fuentes","3","AU;MX","7","Horticultural and Viticultural Research","Agricultural and Biological Sciences","Life Sciences","1","1"
"W4406397548","10.22214/ijraset.2025.66494","2025","article","Transformative Approaches to Agricultural Sustainability: Automation, Smart Greenhouses, and AI","International Journal for Research in Applied Science and Engineering Technology","journal","Azmirul Hoque","1","IN","14","Smart Agriculture and AI","Agricultural and Biological Sciences","Life Sciences","1","1"
"W3160461401","10.18371/fcaptp.v2i37.230255","2021","article","MANAGEMENT AND ORGANIZATIONAL AND ECONOMIC CONDITIONS OF STRENGTHENING THE MARKETING ACTIVITY OF THE ENTERPRISE AND MAINTAINING EFFICIENT AGRO BUSINESS","Financial and credit activity problems of theory and practice","journal","Liudmyla Lomovskykh","5","UA","19","Economic and Business Development Strategies","Economics, Econometrics and Finance","Social Sciences","1","1"
"W4386631551","10.1016/j.foodcont.2023.110092","2023","article","BraeNet: Internal disorder detection in ‘Braeburn’ apple using X-ray imaging data","Food Control","journal","Astrid Tempelaere","5","BE","30","Spectroscopy and Chemometric Analyses","Chemistry","Physical Sciences","0","0"
"W4392894986","10.51594/estj.v5i3.907","2024","article","ADVANCING FOOD SAFETY THROUGH IOT: REAL-TIME MONITORING AND CONTROL SYSTEMS","Engineering Science & Technology Journal","journal","Michael Alurame Eruaga","1","","25","Food Supply Chain Traceability","Agricultural and Biological Sciences","Life Sciences","1","1"
"W3095311477","10.24247/ijmperdoct202026","2020","article","Drought Risk Analysis using Neural Networks for Agri-Businesses and Projects in Lejweleputswa District Municipality, South Africa","International journal of mechanical and production engineering research and development","journal","Bernard Moeketsi Hlalele","2","ZA","0","Hydrology and Drought Analysis","Environmental Science","Physical Sciences","1","0"
"W4400039175","10.54033/cadpedv21n6-264","2024","article","Expert system as a tool for management of thermal comfort in heat environments in agribusiness","Caderno Pedagógico","journal","Graciel Souza de Oliveira","10","BR","0","Mechanical and Thermal Properties Analysis","Engineering","Physical Sciences","1","1"
"W4406915663","10.33545/26180723.2025.v8.i1g.1563","2025","article","Application of artificial intelligence and machine learning approaches for predicting farmers behaviour during agricultural drought","International Journal of Agriculture Extension and Social Development","journal","Alagesan Arumugam","3","IN","0","Agricultural Economics and Practices","Agricultural and Biological Sciences","Life Sciences","1","1"
"W4389262845","10.1016/j.trac.2023.117473","2023","article","State-of-the-art sensor technologies for tracking SARS-CoV-2 in contaminated food and packaging: Towards the future techniques of food safety assurance","TrAC Trends in Analytical Chemistry","journal","Seyed Mohammad Taghi Gharibzahedi","2","DE","23","SARS-CoV-2 detection and testing","Medicine","Health Sciences","1","0"
"W7201968382","10.1007/s41660-026-00847-1","2026","article","A Process-Integrated Machine Learning Framework for Food Loss and Waste Reduction Across Producer and Consumer Actors in Circular Food Supply Chains","Process Integration and Optimization for Sustainability","journal","Dwi Adi Purnama","8","ID;US","0","Food Waste Reduction and Sustainability","Agricultural and Biological Sciences","Life Sciences","0","0"
"W3002450309","10.1016/j.scitotenv.2019.136430","2020","article","Integrated valuation of alternative land use scenarios in the agricultural ecosystem of a watershed with limited available data, in the Pampas region of Argentina","The Science of The Total Environment","journal","Gisela Maydana","4","AR;PT","23","Sustainable Agricultural Systems Analysis","Environmental Science","Physical Sciences","0","0"
"W4312175631","10.3390/foods12010061","2022","article","Spatial-Temporal Event Analysis as a Prospective Approach for Signalling Emerging Food Fraud-Related Anomalies in Supply Chains","Foods","journal","Ana María Jiménez-Carvelo","5","ES;NL;GB;IE","12","Identification and Quantification in Food","Biochemistry, Genetics and Molecular Biology","Life Sciences","1","0"
"W4319041395","10.37934/araset.29.2.268275","2023","article","Adoption of Smart Farming Technology Among Rice Farmers","Journal of Advanced Research in Applied Sciences and Engineering Technology","journal","Nur Badriyah Kamarul Zaman","6","MY","26","Smart Agriculture and AI","Agricultural and Biological Sciences","Life Sciences","1","1"
"W7170093521","10.3389/frai.2026.1881767","2026","article","How U.S. Federal Artificial Intelligence (AI) policy is shaping agrifood systems: an integrative review","Frontiers in Artificial Intelligence","journal","Cole Baerlocher","6","US","0","Smart Agriculture and AI","Agricultural and Biological Sciences","Life Sciences","1","1"
"W3157098686","10.3168/jds.2020-20051","2021","article","Comparison of methods to predict feed intake and residual feed intake using behavioral and metabolite data in addition to classical performance variables","Journal of Dairy Science","journal","Malia J. Martin","8","US","43","Genetic and phenotypic traits in livestock","Biochemistry, Genetics and Molecular Biology","Life Sciences","1","1"
"W7125602852","10.5281/zenodo.18362945","2026","article","NANOTECHNOLOGY AND ARTIFICIAL INTELLIGENCE IN AGRIBUSINESS: LOW-COST, SUSTAINABLE, AND SCALABLE SOLUTIONS FOR MODERN AGRICULTURE","Zenodo (CERN European Organization for Nuclear Research)","repository","Iara Gomes de Oliveira","1","","0","Smart Agriculture and AI","Agricultural and Biological Sciences","Life Sciences","1","1"
"W7125613360","10.5281/zenodo.18362946","2026","article","NANOTECHNOLOGY AND ARTIFICIAL INTELLIGENCE IN AGRIBUSINESS: LOW-COST, SUSTAINABLE, AND SCALABLE SOLUTIONS FOR MODERN AGRICULTURE","Zenodo (CERN European Organization for Nuclear Research)","repository","Iara Gomes de Oliveira","1","","0","Smart Agriculture and AI","Agricultural and Biological Sciences","Life Sciences","1","1"
"W7164545800","10.32997/pe-2025-5913","2025","article","Management strategies and technological innovation in agribusiness: Optimization with Machine Learning (ML)","Panorama Económico","journal","Anibal Toscano Hernandez","3","CO;MX;ES","0","Business, Innovation, and Economy","Economics, Econometrics and Finance","Social Sciences","1","1"
"W4408079674","10.1016/j.compag.2025.110212","2025","article","AI-driven time series analysis for predicting strawberry weekly yields integrating fruit monitoring and weather data for optimized harvest planning","Computers and Electronics in Agriculture","journal","Shiyu Liu","4","US","29","Greenhouse Technology and Climate Control","Agricultural and Biological Sciences","Life Sciences","1","1"
"W7154860865","10.5281/zenodo.18517175","2026","article","""Emerging Role of Artificial Intelligence in Promoting Sustainable Agribusiness in the Indian Economy: Special Reference to Maharashtra State""","Zenodo (CERN European Organization for Nuclear Research)","repository","Sandip Bhausaheb Vanjari","1","","0","Smart Agriculture and AI","Agricultural and Biological Sciences","Life Sciences","1","1"
"W7154856481","10.5281/zenodo.18517176","2026","article","""Emerging Role of Artificial Intelligence in Promoting Sustainable Agribusiness in the Indian Economy: Special Reference to Maharashtra State""","Zenodo (CERN European Organization for Nuclear Research)","repository","Sandip Bhausaheb Vanjari","1","","0","Smart Agriculture and AI","Agricultural and Biological Sciences","Life Sciences","1","1"
"W4407816220","10.1142/s0218126625502585","2025","article","Blockchain-Enhanced Data Storage for Agricultural Supply Chain Finance","Journal of Circuits Systems and Computers","journal","Kai Liu","2","","0","Blockchain Technology Applications and Security","Computer Science","Physical Sciences","1","1"
"W3169604919","10.3390/rs13112123","2021","article","Detection of Banana Plants Using Multi-Temporal Multispectral UAV Imagery","Remote Sensing","journal","Aaron Aeberli","5","AU;SA","42","Smart Agriculture and AI","Agricultural and Biological Sciences","Life Sciences","1","1"
"W4391569166","10.9734/ijecc/2024/v14i23943","2024","article","AgriTech Revolution: Next-Generation Supply Chain in America's Agriculture","International Journal of Environment and Climate Change","journal","Joseph Seun Adesiyan","2","US","7","Smart Agriculture and AI","Agricultural and Biological Sciences","Life Sciences","1","1"
"W3156919428","10.3390/agronomy11040809","2021","article","Identification and Analysis of Strawberries’ Consumer Opinions on Twitter for Marketing Purposes","Agronomy","journal","Juan D. Borrero","2","ES","21","Plant and Fungal Interactions Research","Biochemistry, Genetics and Molecular Biology","Life Sciences","1","0"
"W4381332458","10.22306/al.v10i2.369","2023","article","Methodologies for characterization, evaluation, and improvement of logistics in the food supply chain","Acta Logistica","journal","Paula Rodriguez","3","CO","0","Food Waste Reduction and Sustainability","Agricultural and Biological Sciences","Life Sciences","1","1"
"W4399506353","10.1080/00036846.2024.2364095","2024","article","NFTs for certified products: a heritage to protect on the “table” of the metaverse","Applied Economics","journal","Chiara Colamartino","3","IT","6","Digital Transformation in Industry","Engineering","Physical Sciences","1","0"
"W4413148863","10.1016/j.atech.2025.101304","2025","article","Automated dairy cow identification and feeding behaviour analysis using a computer vision model based on YOLOv8","Smart Agricultural Technology","journal","Claudia Giannone","8","IT","34","Food Supply Chain Traceability","Agricultural and Biological Sciences","Life Sciences","1","1"
"W4415813031","10.3390/photonics12111081","2025","article","Optical Sensor Technologies for Enhanced Food Safety Monitoring: Advances in Detection of Chemical and Biological Contaminants","Photonics","journal","Furong Fan","6","CN","11","Gold and Silver Nanoparticles Synthesis and Applications","Materials Science","Physical Sciences","1","0"
"W4213060272","10.1186/s40168-021-01217-4","2022","article","Development of a rational framework for the therapeutic efficacy of fecal microbiota transplantation for calf diarrhea treatment","Microbiome","journal","Jahidul Islam","20","JP","48","Clostridium difficile and Clostridium perfringens research","Medicine","Health Sciences","1","1"
"W4406227170","10.1142/s2737599424300046","2024","article","Innovations in precision agriculture and smart farming: Emerging technologies driving agricultural transformation","Innovation and Emerging Technologies","journal","Naeem Ahmad Khan","2","US","10","Smart Agriculture and AI","Agricultural and Biological Sciences","Life Sciences","1","1"
"W4414067826","10.54660/ijmfd.2022.3.1.43-53","2022","article","The Role of Digital Monitoring Systems in Improving Food Quality and Safety","International Journal of Multidisciplinary Futuristic Development","journal","Olasumbo Esther Olagoke-Komolafe","2","","16","Food Supply Chain Traceability","Agricultural and Biological Sciences","Life Sciences","1","0"
"W4411704991","10.22434/ifamr.0001","2025","article","Machine learning in applied economics and agribusiness: emerging applications and integration with traditional methods","The International Food and Agribusiness Management Review","journal","Lucie Maruejols","3","DE;US","0","Impact of AI and Big Data on Business and Society","Decision Sciences","Social Sciences","0","0"
"W4223919939","10.33267/2072-9642-2022-3-2-9","2022","article","The Results of Scientific Research of Agro-engineering Scientific Organizations on the Development of Digital Systems in Agriculture","Machinery and Equipment for Rural Area","journal","RAS","8","","13","Agricultural Development and Policies","Agricultural and Biological Sciences","Life Sciences","1","0"
"W7201834638","10.64388/irev10i2-1722120","2026","article","Agricultural Supply Chain Management: Transforming Food Systems Using Blockchain","Iconic Research and Engineering Journals","journal","Jay Dixit","1","","0","Food Supply Chain Traceability","Agricultural and Biological Sciences","Life Sciences","1","1"
"W4386319496","10.1016/s1473-3099(23)00367-5","2023","article","Antimicrobial treatment imprecision: an outcome-based model to close the data-to-action loop","The Lancet Infectious Diseases","journal","Alex Howard","8","GB","9","Antibiotic Use and Resistance","Immunology and Microbiology","Life Sciences","0","0"
"W4387197178","10.47974/jsms-1164","2023","article","Digital solutions and interventions in agriculture value chain and their measurable effectiveness","Journal of Statistics and Management Systems","journal","Aurobind Upadhyaya","3","","0","Smart Agriculture and AI","Agricultural and Biological Sciences","Life Sciences","1","1"
"W4413681874","10.63654/icms.2025.02107","2025","article","Electrochemical Sensors for Quality Control in the Food and Beverage Industry","Innovation of Chemistry & Materials for Sustainability","journal","K. Mukherjee","3","IN","10","Advanced Chemical Sensor Technologies","Engineering","Physical Sciences","1","0"
"W2952549223","10.1080/19440049.2019.1619940","2019","article","NIR-based Sudan I to IV and Para-Red food adulterants screening","Food Additives & Contaminants Part A","journal","Gimena J. Trentanni Hansen","6","AR","16","Dye analysis and toxicity","Chemistry","Physical Sciences","1","0"
"W4403189815","10.46609/ijsser.2024.v09i09.047","2024","article","Leveraging Block Chain, Artificial Intelligence, and Machine Learning to Mitigate Food Loss and Waste: Impact on the Circular Economy in India","International Journal of Social Science and Economic Research","journal","Inayatt Gogia","1","","0","Food Waste Reduction and Sustainability","Agricultural and Biological Sciences","Life Sciences","1","0"
"W4414440796","10.33545/2664844x.2025.v7.i8j.674","2025","article","Using computer vision for automated grading and sorting of fruits and vegetables","International Journal of Agriculture and Food Science","journal","Zaiba Khan","4","","4","Spectroscopy and Chemometric Analyses","Chemistry","Physical Sciences","1","1"
"W4313597578","10.1016/j.chemolab.2023.104751","2023","article","Evaluation of the potential of near infrared hyperspectral imaging for monitoring the invasive brown marmorated stink bug","Chemometrics and Intelligent Laboratory Systems","journal","Veronica Ferrari","8","IT;NL","26","Insect and Arachnid Ecology and Behavior","Biochemistry, Genetics and Molecular Biology","Life Sciences","1","1"
"W4322632501","10.5281/zenodo.7683000","2023","article","The Metaverse in Supply Chain Management: Application and Benefits","Zenodo (CERN European Organization for Nuclear Research)","repository","Shantanu Trivedi","2","IN;OM","15","Virtual Reality Applications and Impacts","Computer Science","Physical Sciences","1","1"
"W4411251279","10.1049/tje2.70102","2025","article","Rice Variety Classification Using Next Generation Convolutional Networks","The Journal of Engineering","journal","Md. Masudul Islam","4","BD","7","Spectroscopy and Chemometric Analyses","Chemistry","Physical Sciences","1","0"
"W4416892291","10.1016/j.carbpol.2025.124770","2025","article","Emerging strategies for polysaccharide modification and functional enhancement in food systems","Carbohydrate Polymers","journal","Abhishek Bisht","5","TH;LT;KR","16","Polysaccharides Composition and Applications","Agricultural and Biological Sciences","Life Sciences","0","0"
"W2954888750","10.3390/agronomy9060337","2019","article","Methods for the Identification of Microclimates for Olive Fruit Fly","Agronomy","journal","Romanos Kalamatianos","3","GR","8","Spectroscopy and Chemometric Analyses","Chemistry","Physical Sciences","1","1"
"W4413252710","10.34306/bfront.v5i1.740","2025","article","Optimizing Agricultural Supply Chain Transparency in Indonesia through Blockchain and Smart Contracts","Blockchain Frontier Technology","journal","Konita Oktaviani Lutfiyah","5","ID","0","SMEs Development and Digital Marketing","Social Sciences","Social Sciences","1","0"
"W7126419248","10.1016/j.jdec.2026.01.002","2026","article","Supply chain intelligence: Integration of emerging digital innovations to promote sustainable supply chain practices","Journal of Digital Economy","journal","Kingsley Kofi Arthur","5","GH","2","Food Supply Chain Traceability","Agricultural and Biological Sciences","Life Sciences","1","1"
"W7213929050","10.5281/zenodo.22754953","2026","article","Artificial Intelligence in Digital Agribusiness: A Content Analysis of Generative AI Skits and Agritech Narratives on TikTok and Instagram Reels","DOAJ (DOAJ: Directory of Open Access Journals)","repository","Osuafor O.O. et al.","1","","0","Smart Agriculture and AI","Agricultural and Biological Sciences","Life Sciences","1","1"
"W4411673503","10.3390/foods14132271","2025","article","Recent Insights into Eco-Friendly Extraction Techniques for Obtaining Bioactive Compounds from Fruit Seed Oils","Foods","journal","Sandra Rodríguez-Blázquez","4","ES","16","Edible Oils Quality and Analysis","Chemistry","Physical Sciences","1","0"
"W7213760763","10.24191/aej.v11i2.14106","2025","article","An Integrated Layered Framework for Digital Transformations in the Agricultural Supply Chain: A Strategic Conceptual Perspective","ASEAN Entrepreneurship Journal","journal","Chen Ting Ting","2","MY","0","Smart Agriculture and AI","Agricultural and Biological Sciences","Life Sciences","1","1"
"W4387904328","10.18523/2519-4739.2023.8.1.94-100","2023","article","Digital transformation of the agricultural sector: prospects, challenges and solutions","Scientific Papers NaUKMA Economics","journal","Maryna Nehrey","1","UA","35","Digitalization and Economic Development in Agriculture","Business, Management and Accounting","Social Sciences","1","1"
"W4404553435","10.5187/jast.2024.e113","2024","article","A review of sound-based pig monitoring for enhanced precision production","Journal of Animal Science and Technology","journal","Md Nasim Reza","8","KR","17","Animal Behavior and Welfare Studies","Veterinary","Health Sciences","1","1"
"W7119190600","10.1051/bioconf/202620801006/pdf","2026","article","Economic Resilience of Indonesian Farmers: Statistical and Machine Learning Approach for Sustainable Agribusiness Strategy","Springer Link (Chiba Institute of Technology)","repository","Achmad Fitro","4","ID","0","Agriculture, Land Use, Rural Development","Agricultural and Biological Sciences","Life Sciences","1","1"
"W4309859123","10.1002/jsfa.12349","2022","article","Extraction of anthocyanins from haskap using cold plasma‐assisted enzyme","Journal of the Science of Food and Agriculture","journal","Yajun Zhou","5","CN","19","Protein Hydrolysis and Bioactive Peptides","Biochemistry, Genetics and Molecular Biology","Life Sciences","1","0"
"W4221021307","10.1016/j.compag.2022.106819","2022","article","Special report: AI Institute for next generation food systems (AIFS)","Computers and Electronics in Agriculture","journal","Ilias Tagkopoulos","13","US","15","Food Waste Reduction and Sustainability","Agricultural and Biological Sciences","Life Sciences","1","1"
"W4413844390","10.62643/ijerst.v21.n3(1).pp1501-1506","2025","article","ENHANCING FOOD SUPPLY CHAIN EFFICIENCY USING AI-BASED DEMAND FORECASTING","International Journal of Engineering Research and Science & Technology","journal","Md. Nusrath Begum","5","","0","Big Data and Business Intelligence","Business, Management and Accounting","Social Sciences","1","1"
"W4401062853","10.30574/ijsra.2024.12.2.1371","2024","article","Precision agriculture: Leveraging data science for sustainable farming","International Journal of Science and Research Archive","journal","Adeleye Yusuff Adewuyi","6","US","19","Smart Agriculture and AI","Agricultural and Biological Sciences","Life Sciences","1","1"
"W7165377606","10.9734/jerr/2026/v28i61937","2026","article","AI in Agriculture: Predictive Irrigation, Crop Yield Monitoring, Smart Fertilization and Agricultural Supply Chain","Journal of Engineering Research and Reports","journal","José Antonio Valles Romero","3","","0","Smart Agriculture and AI","Agricultural and Biological Sciences","Life Sciences","1","1"
"W4404604499","10.3389/frobt.2024.1441960","2024","article","Design of an intelligent wearable device for real-time cattle health monitoring","Frontiers in Robotics and AI","journal","Zhenhua Yu","6","GB;DE","29","Effects of Environmental Stressors on Livestock","Agricultural and Biological Sciences","Life Sciences","1","1"
"W4285183451","10.4018/ijaeis.302908","2022","article","Development of an Information Research Platform for Data-Driven Agriculture","International Journal of Agricultural and Environmental Information Systems","journal","Takahiro Kawamura","6","JP","12","Research Data Management Practices","Computer Science","Physical Sciences","1","1"
"W7165612703","10.5281/zenodo.20806210","2024","article","Aerospace Telemetry and Computer Vision for Precision Agriculture Supply Chains: A Central American Case Study","Zenodo (CERN European Organization for Nuclear Research)","repository","Luis A. Alfaro","3","","0","Smart Agriculture and AI","Agricultural and Biological Sciences","Life Sciences","1","1"
"W7165623188","10.5281/zenodo.20806211","2024","article","Aerospace Telemetry and Computer Vision for Precision Agriculture Supply Chains: A Central American Case Study","Zenodo (CERN European Organization for Nuclear Research)","repository","Luis A. Alfaro","3","","0","Smart Agriculture and AI","Agricultural and Biological Sciences","Life Sciences","1","1"
"W4416972380","10.1016/j.techsoc.2025.103188","2025","article","Digital communities of practice and the knowledge transformation cycle: Enabling sustainable food systems through AI and Metaverse technologies","Technology in Society","journal","Luca A. Cacciolatti","5","DE;GB;LT;VN","8","Agriculture, Land Use, Rural Development","Agricultural and Biological Sciences","Life Sciences","1","1"
"W4388162216","10.1016/j.soh.2023.100044","2023","article","Triple-crises-induced food insecurity: systematic understanding and resilience building approaches in Africa","Science in One Health","journal","Ernest Tambo","13","CM;RW;CN;NG","25","Zoonotic diseases and public health","Medicine","Health Sciences","1","0"
"W4378421900","10.1109/jsen.2023.3278719","2023","article","Optimized Dissolved Oxygen Prediction Using Genetic Algorithm and Bagging Ensemble Learning for Smart Fish Farm","IEEE Sensors Journal","journal","Prince Waqas Khan","2","KR","36","Water Quality Monitoring Technologies","Environmental Science","Physical Sciences","1","1"
"W7105204551","10.1504/ijsse.2025.149713","2025","article","A secure blockchain based food supply chain management framework using hybrid IDEA algorithm","International Journal of System of Systems Engineering","journal","I. Mohammed Musthafa Sheriff","2","IN","0","Blockchain Technology Applications and Security","Computer Science","Physical Sciences","1","1"
"W7123358858","10.1016/j.fpsl.2026.101701","2026","article","Carbon quantum dot-enhanced stimulus-responsive hydrogels for smart food packaging: Sensing, preservation, and AI-enabled predictive quality management","Food Packaging and Shelf Life","journal","Mingna Li","6","CN","16","Carbon and Quantum Dots Applications","Materials Science","Physical Sciences","0","1"
"W4416816181","10.28991/esj-2025-09-05-011","2025","article","Integrated AI, IoT, and Blockchain for Enhancing Security and Traceability in Perishable Logistics","Emerging Science Journal","journal","William Eduardo Villegas-Ch","4","EC","9","Food Supply Chain Traceability","Agricultural and Biological Sciences","Life Sciences","1","1"
"W4404074795","10.1007/s43393-024-00312-5","2024","article","Emerging technologies for occurrence, fate, effect and remediation of organic contaminants in soil and sludge","Systems Microbiology and Biomanufacturing","journal","Annu Khatri","3","IN","8","Heavy metals in environment","Environmental Science","Physical Sciences","0","0"
"W4400614546","10.1007/s10479-024-06126-x","2024","article","Resilience in supply chain risk management in disruptive world: rerouting research directions during and after pandemic","Annals of Operations Research","journal","Peter Madzík","4","SK","21","Supply Chain Resilience and Risk Management","Business, Management and Accounting","Social Sciences","1","1"
"W4400676619","10.1016/j.isprsjprs.2024.07.007","2024","article","EMET: An emergence-based thermal phenological framework for near real-time crop type mapping","ISPRS Journal of Photogrammetry and Remote Sensing","journal","Zijun Yang","4","US","16","Remote Sensing in Agriculture","Environmental Science","Physical Sciences","1","1"
"W4415225432","10.1016/j.bios.2025.118111","2025","article","Molecularly imprinted polymers for mycotoxin biosensing: Rational design, advanced applications, and future horizons","Biosensors and Bioelectronics","journal","Qi Sun","7","CN","14","Analytical chemistry methods development","Chemistry","Physical Sciences","0","0"
"W3178480960","10.1016/j.compag.2021.106307","2021","article","Integration of vibration and optical techniques for watermelon firmness assessment","Computers and Electronics in Agriculture","journal","Chengqiao Ding","5","CN","27","Spectroscopy and Chemometric Analyses","Chemistry","Physical Sciences","0","0"
"W4386967391","10.17762/ijritcc.v11i8.7923","2023","article","AIoT-Driven Edge Computing for Rural Small-Scale Poultry Farming: Smart Environmental Monitoring and Anomaly Detection for Enhanced Productivity","International Journal on Recent and Innovation Trends in Computing and Communication","journal","Indra Gandhi K","1","IN","7","Smart Agriculture and AI","Agricultural and Biological Sciences","Life Sciences","1","1"
"W7134193349","10.1007/s11694-026-04135-x","2026","article","Next-generation food safety: Terahertz and AI for non-destructive testing of food products","Journal of Food Measurement & Characterization","journal","E. Vinodhini Shanmugapriya","3","IN","3","Terahertz technology and applications","Engineering","Physical Sciences","0","0"
"W4292566383","10.56669/ueix9487","2022","article","Applications of the Internet of Things (IoT) and Blockchain for Agriculture in Indonesia","FFTC Journal of Agricultural Policy","journal","","0","","6","Information Retrieval and Data Mining","Computer Science","Physical Sciences","1","0"
"W4320179523","10.1016/j.atech.2023.100198","2023","article","Comparison of the energy and exergy parameters in cantaloupe (Cucurbita maxima) drying using hot air","Smart Agricultural Technology","journal","Safoura Zadhossein","5","IR;IQ;CA","28","Food Drying and Modeling","Agricultural and Biological Sciences","Life Sciences","1","0"
"W2950458880","10.33857/patj.v1i2.70","2017","article","EXPERT SYSTEM IDENTIFICATION OF A PERSONALITY GRADE XI AGRIBUSINESS AGRICULTURAL TECHNOLOGY AT SMK NEGERI 6 TAKALAR","Patria Artha Technological Journal","journal","Syamsumarlin Taha","2","","0","Edcuational Technology Systems","Computer Science","Physical Sciences","1","0"
"W4417348915","10.1111/jfpe.70281","2025","article","Recent Advances in Electronic Eye, Electronic Nose, and Electronic Tongue in Sensory Evaluation of Food: A Review","Journal of Food Process Engineering","journal","Samuel Ayofemi Olalekan Adeyeye","2","IN;NG","7","Advanced Chemical Sensor Technologies","Engineering","Physical Sciences","1","0"
"W4285099376","10.21622/resd.2022.08.1.030","2022","article","RESILINK: increasing resilience of smallholders with multi-platforms linking localized resource sharing","Renewable Energy and Sustainable Development","journal","Congduc Pham","1","FR","3","Agriculture and Rural Development Research","Agricultural and Biological Sciences","Life Sciences","1","1"
"W4213258479","10.3390/rs14040945","2022","article","Rice False Smut Detection and Prescription Map Generation in a Complex Planting Environment, with Mixed Methods, Based on Near Earth Remote Sensing","Remote Sensing","journal","Fengnong Chen","5","CN","18","Spectroscopy and Chemometric Analyses","Chemistry","Physical Sciences","1","1"
"W2602857068","10.1002/ep.12533","2017","article","A novel hybrid approach based on cuckoo search optimization algorithm for short‐term wind speed forecasting","Environmental Progress & Sustainable Energy","journal","Kequan Zhang","5","CN","23","Energy Load and Power Forecasting","Engineering","Physical Sciences","1","1"
"W4415849002","10.1039/d5ra06960b","2025","article","Emerging nano sensing technologies for the detection of biological and chemical food toxins","RSC Advances","journal","Mohsin Javed","5","PK","12","Melamine detection and toxicity","Agricultural and Biological Sciences","Life Sciences","1","0"
"W4282947087","10.1016/j.landusepol.2022.106215","2022","article","The contribution of urban garden cultivation to food self-sufficiency in areas at risk of food desertification during the Covid-19 pandemic","Land Use Policy","journal","Valentina Cattivelli","1","IT","26","Urban Agriculture and Sustainability","Agricultural and Biological Sciences","Life Sciences","0","0"
"W7127200809","10.5281/zenodo.18456034","2026","article","AI-Driven Risk Forecasting for Strengthening the United States Food Supply Chain Resilience: Case Study: A National AI-Enabled Food Supply Chain Risk Forecasting Framework and a Data Analytics Approach to Predicting Disruptions","International Journal of Science and Research Archive","journal","Sarah Onyeche Usoro","4","US","0","Supply Chain Resilience and Risk Management","Business, Management and Accounting","Social Sciences","1","1"
"W7127132148","10.5281/zenodo.18456033","2026","article","AI-Driven Risk Forecasting for Strengthening the United States Food Supply Chain Resilience: Case Study: A National AI-Enabled Food Supply Chain Risk Forecasting Framework and a Data Analytics Approach to Predicting Disruptions","International Journal of Science and Research Archive","journal","Sarah Onyeche Usoro","4","US","0","Supply Chain Resilience and Risk Management","Business, Management and Accounting","Social Sciences","1","1"
"W3037449108","10.5311/josis.2020.20.669","2020","article","Data-driven agriculture for rural smallholdings","Journal of Spatial Information Science","journal","Kerry Taylor","2","AU","7","Smart Agriculture and AI","Agricultural and Biological Sciences","Life Sciences","1","1"
"W4407869675","10.1016/j.jspr.2025.102597","2025","article","Research progress and future trends in smart response packaging for food preservation","Journal of Stored Products Research","journal","Xiaowei Xu","7","CN","17","Nanocomposite Films for Food Packaging","Materials Science","Physical Sciences","0","0"
"W4410462649","10.36948/ijfmr.2025.v07i03.45042","2025","article","Innovative Technologies for Climate-Smart Food Supply Chains: Solutions for Climate Change Challenges","International Journal For Multidisciplinary Research","journal","Reeba Khan","2","IN","0","Food Waste Reduction and Sustainability","Agricultural and Biological Sciences","Life Sciences","1","1"
"W4408552636","10.9734/arja/2025/v18i1665","2025","article","Climate-Smart Agriculture: AI-Based Solutions for Enhancing Crop Resilience and Reducing Environmental Impact","Asian Research Journal of Agriculture","journal","Suranjit Roy","4","IN","6","Smart Agriculture and AI","Agricultural and Biological Sciences","Life Sciences","1","0"
"W7140115670","10.1016/j.agsy.2026.104720","2026","article","Innovation heterogeneity and resilience pathways in South African Agri-businesses","Agricultural Systems","journal","Saul Ngarava","1","GB","0","Supply Chain Resilience and Risk Management","Business, Management and Accounting","Social Sciences","1","1"
"W4239909052","10.1016/j.ijpe.2017.11.004","2017","article","Reprint of “Mitigating risks of perishable products in the cyber-physical systems based on the extended MRP model”","International Journal of Production Economics","journal","David Bogataj","3","IT;SI","33","Food Supply Chain Traceability","Agricultural and Biological Sciences","Life Sciences","0","0"
"W4402424133","10.1016/j.bios.2024.116770","2024","article","Supervised learning-based artificial senses for non-destructive fish quality classification","Biosensors and Bioelectronics","journal","Rehan Saeed","5","CN;HR;VN","13","Advanced Chemical Sensor Technologies","Engineering","Physical Sciences","0","0"
"W7160522901","10.22004/ag.econ.400054","2025","article","Use of AI in Agricultural Supply Chain: A Case of Gujarat Warehouse Owners and Bhusari Cold Storage","AgEcon Search (University of Minnesota, USA)","repository","Varun Miglani","1","","0","Smart Agriculture and AI","Agricultural and Biological Sciences","Life Sciences","1","1"
"W7204134801","10.1108/bfj-03-2026-0352","2026","article","A bibliometric analysis of food supply chain research: trends, themes, and future directions (1995–2026)","British Food Journal","journal","Issam M. Qrunfleh","3","JO;US","0","Food Waste Reduction and Sustainability","Agricultural and Biological Sciences","Life Sciences","1","1"
"W4408415968","10.21048/ijnd.2024.61.1.34685","2024","article","A Review on the Potencies of AI-Driven Nutritional Assessment Studies in Enhancing Public Health","The Indian Journal of Nutrition and Dietetics","journal","Prasun Roychowdhury","4","IN","6","Nutritional Studies and Diet","Medicine","Health Sciences","1","0"
"W4393944496","10.56781/ijsrms.2024.4.1.0027","2024","article","Enhancing global food safety standards through international collaboration and policy harmonization","International Journal of Scholarly Research in Multidisciplinary Studies","journal","Michael Alurame Eruaga","1","","47","Food Safety and Hygiene","Agricultural and Biological Sciences","Life Sciences","1","1"
"W4414677666","10.1016/j.energy.2025.138644","2025","article","A Digital Twin model for predicting wind turbine performance using federated learning","Energy","journal","Mehmet Ali Ertürk","4","GB;TR","12","Digital Transformation in Industry","Engineering","Physical Sciences","0","0"
"W7164158536","10.3390/agriculture16121288","2026","article","Unveiling the Effects of Digital Transformation on Agribusiness Green Innovation in China: An Explainable Machine Learning-Based Approach","Agriculture","journal","Wanqi Liang","2","CN","0","Digital Transformation in Industry","Engineering","Physical Sciences","1","0"
"W4401835412","10.1007/s13042-024-02304-2","2024","article","Extraction of entity relationships serving the field of agriculture food safety regulation","International Journal of Machine Learning and Cybernetics","journal","Zhihua Zhao","6","CN","5","Computational and Text Analysis Methods","Social Sciences","Social Sciences","0","0"
"W4412667104","10.51470/fab.2024.5.2.13","2024","article","Artificial Intelligence in Food Analysis and Nutritional Surveillance: Current Applications and Future Potential Updated July 17, 2025 24 mins read Tagged as Artificial Intelligence , Dietary Assessment , Food Analysis , Machine Learning , Nutritional Surveillance","journal of food and biotechnology","journal","Jelang Jelku D. Sangma","1","","0","Nutritional Studies and Diet","Medicine","Health Sciences","1","0"
"W4409180650","10.63332/joph.v5i2.437","2025","article","Halal Food Traceability System using AI and Blockchain","Journal of Posthumanism","journal","Abdullah Alourani","2","SA;BH","7","Halal products and consumer behavior","Social Sciences","Social Sciences","1","0"
"W4415489593","10.3390/toxins17110524","2025","article","AI and Biotechnology to Combat Aflatoxins: Future Directions for Modern Technologies in Reducing Aflatoxin Risk","Toxins","journal","Charitha J. Gamlath","2","US","5","Mycotoxins in Agriculture and Food","Agricultural and Biological Sciences","Life Sciences","1","0"
"W7131296004","10.5281/zenodo.18755081","2026","article","Smart Decision Support System for Organic Farming and AI Analytics","Zenodo (CERN European Organization for Nuclear Research)","repository","Mr.C.Radhakrishnan","3","","0","Smart Agriculture and AI","Agricultural and Biological Sciences","Life Sciences","1","1"
"W7131250355","10.5281/zenodo.18755082","2026","article","Smart Decision Support System for Organic Farming and AI Analytics","Zenodo (CERN European Organization for Nuclear Research)","repository","Mr.C.Radhakrishnan","3","","0","Smart Agriculture and AI","Agricultural and Biological Sciences","Life Sciences","1","1"
"W4390549377","10.26577/fjss.2023.v9.i2.09","2023","article","EXAMINING THE USE OF TRACEABILITY WITHIN FOOD SUPPLY CHAINS FOR THE PURPOSE OF SMART FARMING AND AGRICULTURAL LOGISTICS","Farabi Journal of Social Sciences","journal","N. Mukhangali","2","KZ","0","Food Supply Chain Traceability","Agricultural and Biological Sciences","Life Sciences","1","1"
"W4281645834","10.5281/zenodo.6601104","2022","article","Smart Farm Management","Zenodo (CERN European Organization for Nuclear Research)","repository","M Lokesh","3","","0","Smart Agriculture and AI","Agricultural and Biological Sciences","Life Sciences","1","1"
"W4295414206","10.3390/rs14184540","2022","article","Impact of Training Set Size and Lead Time on Early Tomato Crop Mapping Accuracy","Remote Sensing","journal","Michele Croci","5","IT","10","Smart Agriculture and AI","Agricultural and Biological Sciences","Life Sciences","1","0"
"W4392381056","10.1016/j.aiia.2024.03.001","2024","article","A novel approach based on a modified mask R-CNN for the weight prediction of live pigs","Artificial Intelligence in Agriculture","journal","Chuanqi Xie","7","CN","13","Smart Agriculture and AI","Agricultural and Biological Sciences","Life Sciences","1","1"
"W7116952487","10.55779/ng54461","2025","article","Environmental protection by minimizing food waste using AI driven food supply chain framework","Nova Geodesia","journal","Ameya Uchil","2","US","0","Food Waste Reduction and Sustainability","Agricultural and Biological Sciences","Life Sciences","1","1"
"W7117543485","10.1016/j.jspr.2025.102939","2025","article","Deep optimizer-informed empirical twin for cold plasma jet-assisted carrot drying: Towards a smarter alternative to black-box AI-based models","Journal of Stored Products Research","journal","Bobby Shekarau Luka","5","IN","4","Food Drying and Modeling","Agricultural and Biological Sciences","Life Sciences","0","0"
"W4408006647","10.22214/ijraset.2025.67087","2025","article","Artificial Intelligence in Agriculture and Allied Sciences","International Journal for Research in Applied Science and Engineering Technology","journal","Dr. Akhilesh Saini","1","","0","Smart Agriculture and AI","Agricultural and Biological Sciences","Life Sciences","1","1"
"W4408019884","10.1016/j.aiia.2025.02.004","2025","article","Prediction of sugar beet yield and quality parameters using Stacked-LSTM model with pre-harvest UAV time series data and meteorological factors","Artificial Intelligence in Agriculture","journal","Qing Wang","10","CN","13","Spectroscopy and Chemometric Analyses","Chemistry","Physical Sciences","1","1"
"W7135094804","10.1016/j.tifs.2026.105686","2026","article","From visual perception to digitizing assessment: A review of smartphone-based colorimetric and fluorescent sensing for food freshness monitoring","Trends in Food Science & Technology","journal","Jingwen Li","5","CN","8","Biosensors and Analytical Detection","Engineering","Physical Sciences","0","0"
"W4394924442","10.1080/17509653.2024.2331501","2024","article","Sustainable cold supply chain design for livestock and perishable products using data-driven robust optimization","International Journal of Management Science and Engineering Management","journal","Amir Arabsheybani","3","IR","18","Food Supply Chain Traceability","Agricultural and Biological Sciences","Life Sciences","1","0"
"W4386332419","10.14719/pst.2555","2023","article","Physiological and AI-based study of endophytes on medicinal plants: A mini review","Plant Science Today","journal","Saloni Kunwar","5","IN","12","Chemical synthesis and alkaloids","Chemistry","Physical Sciences","1","0"
"W4414866772","10.1016/j.prevetmed.2025.106713","2025","article","Analyzing multidrug resistance patterns across the food supply chain using association rule mining","Preventive Veterinary Medicine","journal","Joshua C. Glass","6","US","0","Animal Disease Management and Epidemiology","Agricultural and Biological Sciences","Life Sciences","1","0"
"W2595423374","10.1002/agr.21507","2017","article","Quantifying Federal Regulatory Burdens in the Beer Value Chain","Agribusiness","journal","Trey Malone","2","US","12","Wine Industry and Tourism","Business, Management and Accounting","Social Sciences","1","0"
"W4417118466","10.9734/jsrr/2025/v31i123787","2025","article","Blockchain-Enabled Circular Agri-food Systems: Advances and Applications","Journal of Scientific Research and Reports","journal","Shanmugam Gokul","5","IN;IT","0","Blockchain Technology Applications and Security","Computer Science","Physical Sciences","1","0"
"W4375846352","10.51419/202132243.","2023","article","Application of expert systems in tasks modeling and evaluation of protective measures against pests (insects, rodents, birds) at agribusiness facilities","АгроЭкоИнфо","journal","Dmitry Olegovich Surinsky","3","","0","Aerospace, Electronics, Mathematical Modeling","Environmental Science","Physical Sciences","1","0"
"W7106527454","10.35716/ijed-24096","2025","article","A Review on Digitalisation in the Agri-food Industry: Prospects, Challenges and Implications","Indian Journal of Economics and Development","journal","","0","","0","Smart Agriculture and AI","Agricultural and Biological Sciences","Life Sciences","1","1"
"W4387028534","10.1017/eds.2023.28","2023","article","Nitrogen management with reinforcement learning and crop growth models","Environmental Data Science","journal","Michiel Kallenberg","4","NL","16","Greenhouse Technology and Climate Control","Agricultural and Biological Sciences","Life Sciences","1","1"
"W4413355263","10.56975/jetnr.v3i8.232377","2025","article","A Conceptual Framework for AI Enabled Agricultural Supply Chain Management: Leveraging PVTG Knowledge for an Inclusive Viksit Bharat","JOURNAL OF EMERGING TRENDS AND NOVEL RESEARCH","journal","B. Janardhan Reddy Y. Shankar Naik","3","IN","0","Smart Agriculture and AI","Agricultural and Biological Sciences","Life Sciences","1","1"
"W4206968502","10.1016/j.agrformet.2022.108832","2022","article","Improving early-season wheat yield forecasts driven by probabilistic seasonal climate forecasts","Agricultural and Forest Meteorology","journal","Huidong Jin","5","AU","37","Climate change impacts on agriculture","Agricultural and Biological Sciences","Life Sciences","1","1"
"W7214623502","10.1108/jadee-06-2026-0507","2026","article","AI-driven business analytics for sustainable supply chain management in African agribusiness: a PLS-SEM and machine learning approach","Journal of Agribusiness in Developing and Emerging Economies","journal","Wisdom Edem Drah","3","CN","0","Supply Chain Resilience and Risk Management","Business, Management and Accounting","Social Sciences","1","1"
"W4407426073","10.1016/j.aiia.2025.02.003","2025","article","End-to-end deep fusion of hyperspectral imaging and computer vision techniques for rapid detection of wheat seed quality","Artificial Intelligence in Agriculture","journal","Tingting Zhang","11","CN","13","Spectroscopy and Chemometric Analyses","Chemistry","Physical Sciences","1","1"
"W7108206570","10.17169/refubium-50252","2025","article","Farm-Specific Effects in Predicting Mastitis by Applying Machine Learning Models to Automated Milking System and Other Farm Management Data","Refubium (Universitätsbibliothek der Freien Universität Berlin)","repository","Dharejo, Muhammad N.","5","","0","Milk Quality and Mastitis in Dairy Cows","Agricultural and Biological Sciences","Life Sciences","1","1"
"W7213863411","10.1016/j.sbr.2026.100303","2026","article","When does artificial intelligence drive sustainability in African agribusiness? The mediating role of supply chain performance and the moderating role of digital infrastructure","Strategic Business Research","journal","Wisdom Edem Drah","5","CN","0","Economic Growth and Development","Computer Science","Physical Sciences","0","0"
"W7104176305","10.1016/j.foohum.2025.100889","2025","article","Generative AI in agriculture 4.0: Applications, challenges, and integration in the Indian context","Food and Humanity","journal","Ayan Paul","2","IN","15","Smart Agriculture and AI","Agricultural and Biological Sciences","Life Sciences","0","0"
"W4205689220","10.18371/fcaptp.v6i41.251440","2022","article","DIGITAL TECHNOLOGIES IN AGRICULTURAL ENTERPRISE MANAGEMENT","Financial and credit activity problems of theory and practice","journal","Larysa Lazebnyk","2","UA","14","Digital Transformation in Financial Services","Economics, Econometrics and Finance","Social Sciences","1","1"
"W4411863993","10.1016/j.frl.2025.107867","2025","article","Digital transformation and profitability in rural commercial banks","Finance research letters","journal","Qing He","5","CN","8","FinTech, Crowdfunding, Digital Finance","Business, Management and Accounting","Social Sciences","0","0"
"W4320932944","10.13590/j.cjfh.2022.05.004","2022","article","Knowledge map and intelligent rapid screening technology of harmful factors in food supply chain of Winter Olympics","DOAJ (DOAJ: Directory of Open Access Journals)","repository","ZHANG Chaozheng","6","CN","0","Food Supply Chain Traceability","Agricultural and Biological Sciences","Life Sciences","1","1"
"W4412159090","10.3389/fsufs.2025.1462328","2025","article","Digital technologies to accelerate the impact of climate smart agriculture by next-generation farmers in Africa","Frontiers in Sustainable Food Systems","journal","Margaret H.N. Mollel","15","IE;IT","24","Agricultural Innovations and Practices","Agricultural and Biological Sciences","Life Sciences","1","1"
"W2901297067","10.1016/j.geoderma.2018.11.003","2018","article","Semi-automatic disaggregation of a national resource inventory into a farm-scale soil depth class map","Geoderma","journal","Trevan Flynn","5","ZA","31","Soil Geostatistics and Mapping","Environmental Science","Physical Sciences","0","0"
"W7171728451","10.1007/s43621-026-04096-7","2026","review","Blockchain technology for food supply chain traceability using a systematic literature review and co-word analysis","Discover Sustainability","journal","Abderahman Rejeb","5","HU;TN;AT","0","Food Supply Chain Traceability","Agricultural and Biological Sciences","Life Sciences","1","1"
"W4405981862","10.12928/biste.v6i2.10954","2024","article","Precision Agriculture 4.0: Implementation of IoT, AI, and Sensor Networks for Tomato Crop Prediction","Buletin Ilmiah Sarjana Teknik Elektro","journal","Miguel Ángel Giménez Pérez","5","ES","4","Smart Agriculture and AI","Agricultural and Biological Sciences","Life Sciences","1","1"
"W4408763009","10.1016/j.aiia.2025.03.005","2025","article","A new tool to improve the computation of animal kinetic activity indices in precision poultry farming","Artificial Intelligence in Agriculture","journal","Alberto Carraro","7","IT","4","Animal Nutrition and Physiology","Agricultural and Biological Sciences","Life Sciences","1","1"
"W4285495642","10.1088/1748-9326/ac810e","2022","article","Multi-tier archetypes to characterise British landscapes, farmland and farming practices","Environmental Research Letters","journal","Cecily E. D. Goodwin","11","GB","19","Land Use and Ecosystem Services","Environmental Science","Physical Sciences","1","1"
"W4396700679","10.1111/1746-692x.12427","2024","article","Innovation in the Farm Office for Smart Sustainability Reporting","EuroChoices","journal","Krijn J. Poppe","3","NL","3","Food Supply Chain Traceability","Agricultural and Biological Sciences","Life Sciences","1","1"
"W4409389636","10.55041/ijsrem44407","2025","article","AGRO TECH AI: Agriculture with Artificial Intelligence","INTERANTIONAL JOURNAL OF SCIENTIFIC RESEARCH IN ENGINEERING AND MANAGEMENT","journal","Satyam Sinha","4","","0","Smart Agriculture and AI","Agricultural and Biological Sciences","Life Sciences","1","1"
"W7160103768","10.21273/jashs05597-26","2026","article","Use of Artificial Intelligence in Controlled Environment Agriculture: A Review","Journal of the American Society for Horticultural Science","journal","Alex Kofi","6","US","0","Smart Agriculture and AI","Agricultural and Biological Sciences","Life Sciences","1","1"
"W4413797555","10.61363/w9z29p39","2024","article","AI-driven food safety: transforming food inspection, traceability, and compliance in food industry and regulatory bodies: A mini review","Food Science & Applied Microbiology Reports","journal","Hafiz Khuram Wasim Aslam","8","PK","4","Food Supply Chain Traceability","Agricultural and Biological Sciences","Life Sciences","1","1"
"W4415722508","10.3390/su17219642","2025","article","AI-Driven Supply Chain Decarbonization: Strategies for Sustainable Carbon Reduction","Sustainability","journal","Mohamed Amine Frikha","2","SA;TN","15","Sustainable Supply Chain Management","Business, Management and Accounting","Social Sciences","1","1"
"W4403158925","10.57219/crrms.2024.2.1.0039","2024","article","Advancing food safety standards through technology integration and policy development","Comprehensive research and reviews in multidisciplinary studies","journal","Olagoke Ayeni","2","","7","Food Safety and Hygiene","Agricultural and Biological Sciences","Life Sciences","1","0"
"W4411607303","10.3390/app15137024","2025","article","YOLOv8m for Automated Pepper Variety Identification: Improving Accuracy with Data Augmentation","Applied Sciences","journal","Madalena de Oliveira Barbosa","6","BR","6","Advanced Chemical Sensor Technologies","Engineering","Physical Sciences","1","1"
"W4284898702","10.33267/2072-9642-2022-4-2-6","2022","article","The Results of Scientific Research of Agro-engineering Scientific Organizations on the Development of Digital Systems in Agriculture","Machinery and Equipment for Rural Area","journal","RAS","8","","8","Agricultural Development and Policies","Agricultural and Biological Sciences","Life Sciences","1","0"
"W7150934923","10.1016/j.foodcont.2026.112183","2026","review","Sensor technologies in the food industry under industry 4.0: A systematic review","Food Control","journal","Mattia Braggio","5","IT","7","Food Supply Chain Traceability","Agricultural and Biological Sciences","Life Sciences","1","0"
"W4407959059","10.1016/j.heliyon.2025.e43015","2025","article","A bibliometric analysis of computational and mathematical techniques in the cocoa sustainable food value chain","Heliyon","journal","Leonardo Hernán Talero Sarmiento","3","CO","6","Food Chemistry and Fat Analysis","Agricultural and Biological Sciences","Life Sciences","1","1"
"W4399311760","10.21608/ijaiet.2024.275187.1007","2023","article","Utilizing Digital Technologies to Ensure Food Safety","International Journal of Artificial Intelligence and Emerging Technology","journal","Ramadan Ali Eltabey","1","LY","10","Food Industry and Aquatic Biology","Agricultural and Biological Sciences","Life Sciences","1","0"
"W4406697484","10.3390/agriculture15030234","2025","article","Sustainable Agriculture with Self-Powered Wireless Sensing","Agriculture","journal","Xinqing Xiao","1","CN","10","Smart Agriculture and AI","Agricultural and Biological Sciences","Life Sciences","1","1"
"W7167244022","10.3389/fsufs.2026.1867930","2026","article","AI capability and organizational performance in halal food supply chains: the role of compliance and health-related quality assurance","Frontiers in Sustainable Food Systems","journal","Khaliphani Ndlovu","7","CN;ID","0","Halal products and consumer behavior","Social Sciences","Social Sciences","1","1"
"W2777464018","","2017","article","Agronomic Disaster Management using Artificial Intelligence - A Case Study","International Journal of Computer Science and business informatics/International journal of computer science and business informatics","journal","M. Sudha","1","","0","Smart Agriculture and AI","Agricultural and Biological Sciences","Life Sciences","1","1"
"W4415679380","10.1016/j.foodchem.2025.146804","2025","article","Hybrid plant-dairy cheese: Effects of lactic acid bacteria and plant proteins on composition, proteolysis, and flavor profile","Food Chemistry","journal","Huabin Luo","7","BE;NL","9","Probiotics and Fermented Foods","Agricultural and Biological Sciences","Life Sciences","1","0"
"W4388571792","10.1016/j.atech.2023.100352","2023","article","Depth video data-enabled predictions of longitudinal dairy cow body weight using thresholding and Mask R-CNN algorithms","Smart Agricultural Technology","journal","Ye Bi","6","US","22","Effects of Environmental Stressors on Livestock","Agricultural and Biological Sciences","Life Sciences","1","1"
"W4381233691","10.21608/ijmae.2023.214684.1000","2022","article","Modern Trends in the Development of Smart Agriculture Projects","International Journal of Modern Agriculture and Environment","journal","Hassan Abd El Kareem Gomaa","1","EG","5","Digitalization and Economic Development in Agriculture","Business, Management and Accounting","Social Sciences","1","1"
"W4405995794","10.5958/0976-2442.2024.00001.5","2024","article","A review: Artificial intelligence (AI) imminent in food industries","Journal of Global Communication","journal","N.D. Joshi","6","US","0","Big Data and Business Intelligence","Business, Management and Accounting","Social Sciences","1","0"
"W4409894319","10.52783/jisem.v10i37s.6377","2025","article","Deep Learning based Rice Plant Disease detection and classification using Densely Convolution Neural Network (DenseNet) with Multi-Layer Perceptron (MLP)","Journal of Information Systems Engineering & Management","journal","Srividya Karakanti","1","IN","0","Smart Agriculture and AI","Agricultural and Biological Sciences","Life Sciences","1","1"
"W2904051659","10.15761/ahdvs.1000140","2018","article","A review of three important points that can improve the beef cattle productivity in Brazil","Animal Husbandry Dairy and Veterinary Science","journal","Eliéder Prates Romanzini","5","BR","8","Genetic and phenotypic traits in livestock","Biochemistry, Genetics and Molecular Biology","Life Sciences","1","1"
"W7127412879","10.5958/2249-7137.2021.02090.5","2021","article","Application of deep learning in food","ACADEMICIA An International Multidisciplinary Research Journal","journal","Ajay Rana","3","IN","0","Nutritional Studies and Diet","Medicine","Health Sciences","1","0"
"W7123733929","10.1016/j.microc.2026.116942","2026","article","Instrumental-analytical integration in food sensory evaluation: Current trends and future horizons","Microchemical Journal","journal","Mehmet Melikoğlu","1","TR","5","Advanced Chemical Sensor Technologies","Engineering","Physical Sciences","0","0"
"W3163213399","10.1016/j.agrformet.2021.108449","2021","article","Probabilistic yield forecasting of robusta coffee at the farm scale using agroclimatic and remote sensing derived indices","Agricultural and Forest Meteorology","journal","Louis Amani Kouadio","4","AU;TR;CA","30","Coffee research and impacts","Medicine","Health Sciences","0","0"
"W7203637813","10.1016/j.cie.2026.112304","2026","article","A blockchain-verified explainable AI pipeline for multi-scale agri-food carbon accounting","Computers & Industrial Engineering","journal","Sunusi Bala Abdullahi","2","TR","0","Agriculture Sustainability and Environmental Impact","Environmental Science","Physical Sciences","0","0"
"W4411322864","10.61784/jbfs3006","2025","article","INTEGRATION OF IOT AND ARTIFICIAL INTELLIGENCE FOR AUTOMATED FOOD HAZARD MONITORING","Journal of Biotechnology and Food Science","journal","Tomasz Kowalski","1","PL","0","Smart Agriculture and AI","Agricultural and Biological Sciences","Life Sciences","1","0"
"W4408764426","10.21083/ruralreview.v9i1.8330","2025","article","Enabling Responsible AI-Driven Agri-Food Innovation in Ontario: Challenges and Opportunities","Rural Review Ontario Rural Planning Development and Policy","journal","Uduak Ita Edet","2","CA","0","Smart Agriculture and AI","Agricultural and Biological Sciences","Life Sciences","1","1"
"W4412396902","10.1007/s42979-025-04174-z","2025","article","Development of an Intelligent Electronic-Nose Framework for Perishable Food Quality Assessment","SN Computer Science","journal","Kanak Kumar","3","IN","5","Advanced Chemical Sensor Technologies","Engineering","Physical Sciences","0","0"
"W7164045545","10.1016/j.eng.2026.05.015","2026","article","Integrating Subseasonal-to-Seasonal Forecasts into Agricultural Decision Support Systems: A Critical Review and Research Agenda","Engineering","journal","Xin‐Zhong Liang","1","US","0","Climate change impacts on agriculture","Agricultural and Biological Sciences","Life Sciences","1","1"
"W7167726083","10.9734/jsrr/2026/v32i74330","2026","article","Application Areas of Artificial Intelligence in Agriculture: A Critical Review and Analysis","Journal of Scientific Research and Reports","journal","Harsh Saharan","7","IN","0","Smart Agriculture and AI","Agricultural and Biological Sciences","Life Sciences","1","1"
"W4404733349","10.1016/j.tifs.2024.104805","2024","article","Causal inference in food safety: Methods, applications, and future prospects","Trends in Food Science & Technology","journal","Xin Dou","3","CN","8","Identification and Quantification in Food","Biochemistry, Genetics and Molecular Biology","Life Sciences","0","0"
"W7133842188","10.1016/j.compag.2026.111602","2026","article","Tech-driven evolution of animal housing: an in-depth analysis of the impact of digital technologies, AI, and GenAI in the Era of precision livestock farming","Computers and Electronics in Agriculture","journal","Andrea Silvestri","6","","10","Animal Behavior and Welfare Studies","Veterinary","Health Sciences","1","1"
"W4400767603","10.1016/j.atech.2024.100511","2024","article","A data-driven approach to agricultural machinery working states analysis during ploughing operations","Smart Agricultural Technology","journal","Francesco Bettucci","4","IT","13","Agricultural Engineering and Mechanization","Engineering","Physical Sciences","1","1"
"W4413060562","10.3390/rs17142500","2025","article","Kolmogorov–Arnold Networks for Interpretable Crop Yield Prediction Across the U.S. Corn Belt","Remote Sensing","journal","Mustafa Serkan Ișık","3","TR;NL","8","Remote Sensing in Agriculture","Environmental Science","Physical Sciences","1","1"
"W7172131531","10.1057/s41599-026-08314-5","2026","article","Analysis of innovative strategies to alleviate the influence of COVID-19 on sustainable supply chain performance: PLS-SEM and deep learning artificial neural network analysis","Humanities and Social Sciences Communications","journal","Abdul Basit","5","CN;JO;PK;HU","0","Supply Chain Resilience and Risk Management","Business, Management and Accounting","Social Sciences","1","0"
"W4281987036","10.1016/j.bej.2022.108499","2022","article","Data-driven modelling for resource recovery: Data volume, variability, and visualisation for an industrial bioprocess","Biochemical Engineering Journal","journal","Oliver J. Fisher","6","GB","16","Spectroscopy and Chemometric Analyses","Chemistry","Physical Sciences","1","0"
"W7203541998","10.1016/j.agsy.2026.104933","2026","article","When the advisor is an algorithm: governing agri-food knowledge in the age of AI and misinformation","Agricultural Systems","journal","Khondokar Humayun Kabir","1","CA","0","Smart Agriculture and AI","Agricultural and Biological Sciences","Life Sciences","1","1"
"W2762485061","10.1108/imds-10-2016-0457","2017","article","Traffic flow routing and scheduling in a food supply network","Industrial Management & Data Systems","journal","Grzegorz Bocewicz","4","PL;DK","10","Vehicle Routing Optimization Methods","Engineering","Physical Sciences","1","1"
"W3204902099","","2020","article","Contributions to case-based reasoning enabled decision support system for smart agriculture","Dialnet (Universidad de la Rioja)","repository","Shaoyu Zhao","1","","0","Smart Agriculture and AI","Agricultural and Biological Sciences","Life Sciences","1","1"
"W7169553739","10.1016/j.ijpe.2026.110146","2026","article","Analyzing barriers to AI-HI integration for food loss and waste reduction: A multi-actor study of food supply chains","International Journal of Production Economics","journal","Zhengyan Yang","5","CN;TR;US;AZ;KR","0","Food Waste Reduction and Sustainability","Agricultural and Biological Sciences","Life Sciences","0","0"
"W7204816269","10.1080/27685241.2026.2725457","2026","article","Digital innovation ecosystems in agri-food: An expert assessment of global trends and developments","NJAS Impact in Agricultural and Life Sciences","journal","J. Wolfert","17","NL;CL;AU;US;AT;CA;NZ;IT;GB","0","Agriculture, Land Use, Rural Development","Agricultural and Biological Sciences","Life Sciences","1","0"
"W4410395497","10.1016/j.aej.2025.05.044","2025","article","Hybrid TCN-transformer model for predicting sustainable food supply and ensuring resilience","Alexandria Engineering Journal","journal","Ibrahim Alrashdi","4","SA","9","Forecasting Techniques and Applications","Decision Sciences","Social Sciences","1","1"
"W4408319294","10.15637/jlecon.2682","2025","article","A study on the impact of artificial intelligence on demand forecasting in food industries","Journal of Life Economics","journal","Sadeeya Khan","2","TR","0","Big Data and Business Intelligence","Business, Management and Accounting","Social Sciences","1","1"
"W4399253223","10.1016/j.agwat.2024.108892","2024","review","Systematic review of the detection of subsurface drainage systems in agricultural fields using remote sensing systems","Agricultural Water Management","journal","Ask Holm Carlsen","6","DK","5","Soil erosion and sediment transport","Agricultural and Biological Sciences","Life Sciences","1","1"
"W4411056924","10.33545/26180723.2025.v8.i6a.1987","2025","article","Artificial intelligence: Transforming the farming community for a sustainable future","International Journal of Agriculture Extension and Social Development","journal","Raghavendra Chourad","5","IN","0","COVID-19 Pandemic Impacts","Economics, Econometrics and Finance","Social Sciences","1","1"
"W7170872646","10.9734/jeai/2026/v48i84385","2026","article","Digital Twins in Agriculture: Transforming Farm Management with Virtual Models","Journal of Experimental Agriculture International","journal","K. C. Megha","2","IN","0","Smart Agriculture and AI","Agricultural and Biological Sciences","Life Sciences","1","1"
"W4312991101","10.1079/cabireviews202217053","2022","article","Innovative trends in reducing food waste and ensuring a more sustainable food system and environment","CABI Reviews","journal","Franklin Oré Areche","9","PE;PK","13","Food Waste Reduction and Sustainability","Agricultural and Biological Sciences","Life Sciences","1","0"
"W7167208894","10.1007/s10668-026-07858-5","2026","article","Configuring a viable agricultural supply chain network based on the circular economy aspects: a multi-stage data-driven decision framework","Environment Development and Sustainability","journal","Mohammad Vahidi","3","IR","0","Sustainable Supply Chain Management","Business, Management and Accounting","Social Sciences","0","1"
"W4410152873","10.1109/access.2025.3567903","2025","article","Computationally Efficient Single Layer Transformer Convolutional Encoder for Accurate Price Prediction of Agriculture Commodities","IEEE Access","journal","Caceja Elyca Anak Bundak","8","MY;ID","7","Spectroscopy and Chemometric Analyses","Chemistry","Physical Sciences","1","0"
"W4392048461","10.61180/vegsci.2023.v50.spl.01","2023","article","Vegetable Breeding: Status and Strategies","Vegetable Science","journal","T.K. Behera","4","IN","8","Plant Physiology and Cultivation Studies","Agricultural and Biological Sciences","Life Sciences","1","0"
"W4406063133","10.1016/j.psep.2024.12.118","2025","article","Bioprospecting of microbial L-asparaginase: Sustainable production from waste and its application for acrylamide reduction in food industry","Process Safety and Environmental Protection","journal","Shivangi Mudaliar","3","IN","13","Potato Plant Research","Agricultural and Biological Sciences","Life Sciences","0","0"
"W7126112401","10.63737/jhl.25.0044","2025","article","Technological innovations of edible coating using natural biopolymers for combating food loss and food waste","Journal of Hazard Literacy","journal","Woohyun Kwon","2","KR","1","Nanocomposite Films for Food Packaging","Materials Science","Physical Sciences","1","0"
"W7203664097","10.1016/j.meadig.2026.100051","2026","article","Integrating artificial intelligence in shelf-life prediction and packaging design for sustainable food systems","Measurement Digitalization","journal","Harshitha Penugonda","3","IN","0","Consumer Packaging Perceptions and Trends","Business, Management and Accounting","Social Sciences","1","1"
"W4392203627","10.1016/j.scitotenv.2024.171240","2024","article","Evaluating the environmental impacts of smart vineyards through the Life Cycle Assessment","The Science of The Total Environment","journal","Valentino Tascione","4","IT","16","Agriculture Sustainability and Environmental Impact","Environmental Science","Physical Sciences","1","1"
"W7170654302","10.1007/s00217-026-05237-y","2026","article","Use of Artificial Intelligence in post-harvest losses management: a current insight","European Food Research and Technology","journal","Hafiz Muhammad Abdullah","15","PK;IN","0","Food Waste Reduction and Sustainability","Agricultural and Biological Sciences","Life Sciences","0","1"
"W7129150872","10.1111/1541-4337.70431","2026","article","Enabling the Circular Food Economy Through Industry 4.0: A Review of Applications, Challenges, and Policies in the European Union","Comprehensive Reviews in Food Science and Food Safety","journal","Carlos Parra-López","2","ES","5","Food Waste Reduction and Sustainability","Agricultural and Biological Sciences","Life Sciences","1","1"
"W4412186628","10.61784/jtfe3051","2025","article","EMPOWERING THE ENTIRE AGRICULTURAL VALUE CHAIN WITH DIGITAL TECHNOLOGIES: A MECHANISM STUDY ON DRIVING LEAPS IN NEW QUALITY AGRICULTURAL PRODUCTIVITY","Journal of trends in financial and economics.","journal","JiaQi Zhang","1","CN","0","Digitalization and Economic Development in Agriculture","Business, Management and Accounting","Social Sciences","1","1"
"W4399027201","10.55248/gengpi.5.0524.1276","2024","article","Artificial Intelligence Applications for Innovative Farming and IoT-based Agriculture","International Journal of Research Publication and Reviews","journal","Riya Pandey","2","IN","0","Smart Agriculture and AI","Agricultural and Biological Sciences","Life Sciences","1","1"
"W2966074842","10.5194/isprs-archives-xlii-3-w6-545-2019","2019","article","GEO BIG DATA AND DIGITAL AUGMENTATION FOR ACCELERATING AGROECOLOGICAL INTENSIFICATION IN DRYLANDS","The international archives of the photogrammetry, remote sensing and spatial information sciences/International archives of the photogrammetry, remote sensing and spatial information sciences","journal","Çhandrashekhar Biradar","16","LB;KE;PH;IN;CN","5","Smart Agriculture and AI","Agricultural and Biological Sciences","Life Sciences","1","1"
"W7155210807","10.1108/asr-03-2026-0010","2026","article","Artificial intelligence in agricultural sector supply chains: transforming strategic decision-making","Annals in Social Responsibility","journal","","0","","0","Food Waste Reduction and Sustainability","Agricultural and Biological Sciences","Life Sciences","1","1"
"W7160981756","10.3389/frfst.2026.1813819","2026","article","Digital twins for food processing and shelf-life: linking mechanistic models, sensors, and AI to predict quality, safety, and waste through near-real-time decision support","Frontiers in Food Science and Technology","journal","Chinyere Nneoma Ugwu","5","TZ;UG","9","Food Supply Chain Traceability","Agricultural and Biological Sciences","Life Sciences","1","1"
"W4409412882","10.1080/14620316.2025.2489974","2025","article","An overview of non-destructive technologies for postharvest quality assessment in horticultural crops","The Journal of Horticultural Science and Biotechnology","journal","Ciara O’Brien","2","GB","7","Spectroscopy and Chemometric Analyses","Chemistry","Physical Sciences","1","1"
"W3160239131","10.47059/alinteri/v36i1/ajas21029","2021","article","Optimized Warehouse Management of Perishable Goods","Alınteri Zirai Bilimler Dergisi","journal","M.N. Vimal Kumar","5","","5","Food Supply Chain Traceability","Agricultural and Biological Sciences","Life Sciences","1","1"
"W7202212654","10.1177/00307270261476235","2026","review","Assessments of digital technologies in agri-food systems: A systematic review of the (promised) sustainability effects","Outlook on Agriculture","journal","Maria Katharina Gerullis","5","DE;NL","0","Agriculture Sustainability and Environmental Impact","Environmental Science","Physical Sciences","1","0"
"W4414958515","10.55041/ijsrem52922","2025","article","Integrated IOT-Driven Decision Support System for Sustainable Soil and Crop Management in Indian Agriculture","INTERANTIONAL JOURNAL OF SCIENTIFIC RESEARCH IN ENGINEERING AND MANAGEMENT","journal",",Student,B.Tech(IT) & CIT","4","","0","Smart Agriculture and AI","Agricultural and Biological Sciences","Life Sciences","1","1"
"W3211005364","10.1007/s12571-021-01223-2","2021","article","Food systems and structural and rural transformation: a quantitative synthesis for low and middle-income countries","Food Security","journal","Aslıhan Arslan","3","IT","14","Agriculture Sustainability and Environmental Impact","Environmental Science","Physical Sciences","0","0"
"W7134197741","10.1002/uar2.70043","2026","article","Blockchain and artificial intelligence in agriculture: Building resilient and sustainable food systems","Urban Agriculture & Regional Food Systems","journal","Helen N. Onyeaka","3","GB;NG","0","Blockchain Technology Applications and Security","Computer Science","Physical Sciences","1","1"
"W4298142695","10.33267/2072-9642-2022-9-2-5","2022","article","Agrocyborg as a Biomachine System","Machinery and Equipment for Rural Area","journal","VIM","4","","5","Plant and Biological Electrophysiology Studies","Agricultural and Biological Sciences","Life Sciences","1","0"
"W4226495054","10.32604/csse.2022.023792","2022","article","Soil Nutrient Detection and Recommendation Using IoT and Fuzzy Logic","Computer Systems Science and Engineering","journal","Ramasamy Madhumathi","3","IN","16","Smart Agriculture and AI","Agricultural and Biological Sciences","Life Sciences","1","1"
"W2990826863","10.1016/j.wdp.2019.100149","2019","article","Designing interventions in local value chains for improved health and nutrition: Insights from Malawi","World Development Perspectives","journal","Jason Donovan","2","MX;US","11","Innovation and Socioeconomic Development","Business, Management and Accounting","Social Sciences","1","0"
"W4399043999","10.3390/s24113409","2024","article","A Video Mosaicing-Based Sensing Method for Chicken Behavior Recognition on Edge Computing Devices","Sensors","journal","Dmitrij Teterja","9","ES;RS","11","Animal Behavior and Welfare Studies","Veterinary","Health Sciences","1","1"
"W4413961760","10.7753/ijsea1012.1003","2025","article","Integrating IoT Sensor Networks with Predictive Modeling to Reduce Post-Harvest Losses and Strengthen Sustainable Agricultural Value Chains","International Journal of Science and Engineering Applications","journal","","0","","0","Food Supply Chain Traceability","Agricultural and Biological Sciences","Life Sciences","1","1"
"W4409281067","10.52783/jisem.v10i32s.5319","2025","article","Agricultural Process Optimization and Supply Chain Management Enhancing Sustainable Agriculture Through AI Technology","Journal of Information Systems Engineering & Management","journal","A. Angayarkanni","1","","1","Digital Transformation in Industry","Engineering","Physical Sciences","1","1"
"W4404852196","10.11591/ijeecs.v37.i2.pp968-975","2024","article","Evaluating low-cost internet of things and artificial intelligence in agriculture","Indonesian Journal of Electrical Engineering and Computer Science","journal","Kamal Elhattab","2","MA","0","Smart Agriculture and AI","Agricultural and Biological Sciences","Life Sciences","1","1"
"W4415203843","10.3390/foods14203510","2025","article","Authentication of Maltese Pork Meat Unveiling Insights Through ATR-FTIR and Chemometric Analysis","Foods","journal","Frederick Lia","4","MT","4","Identification and Quantification in Food","Biochemistry, Genetics and Molecular Biology","Life Sciences","1","1"
"W4410308570","10.47278/journal.ijab/2025.062","2025","article","The Role of Artificial Intelligence in Enhancing the Agricultural Extension and Marketing","International Journal of Agriculture and Biosciences","journal","","0","","0","COVID-19 Pandemic Impacts","Economics, Econometrics and Finance","Social Sciences","1","1"
"W4408415954","10.9734/ajrcos/2025/v18i4611","2025","article","Harnessing AI and Emerging Technologies for Sustainable Food Systems: Innovations in Automation and Intelligent Production","Asian Journal of Research in Computer Science","journal","P. Deb Roy","3","IN","7","Food Supply Chain Traceability","Agricultural and Biological Sciences","Life Sciences","1","1"
"W4415225486","10.3897/ejfa.2025.168820","2025","article","Applications of blockchain technology for enhancing traceability and food safety management in the beef supply chain","Emirates Journal of Food and Agriculture","journal","Jiaohui Tang","1","KR","4","Food Supply Chain Traceability","Agricultural and Biological Sciences","Life Sciences","1","1"
"W4399630324","10.9734/jabb/2024/v27i71003","2024","article","Revolutionary Technologies in Horticultural Crops: A Review","Journal of Advances in Biology & Biotechnology","journal","Satishkumar Kale","8","IN","3","Smart Agriculture and AI","Agricultural and Biological Sciences","Life Sciences","1","1"
"W7135016230","10.3390/ai7030108","2026","article","AI-Enabled Digital Twins in Agriculture","AI","journal","Marios Tsaousidis","4","GR","5","Smart Agriculture and AI","Agricultural and Biological Sciences","Life Sciences","1","1"
"W7160150453","10.1155/jfq/2405451","2026","article","Leveraging Artificial Intelligence for Enhanced Food Security: Innovations in Farm and Warehouse Management","Journal of Food Quality","journal","Azam Amiri","1","IR","0","Smart Agriculture and AI","Agricultural and Biological Sciences","Life Sciences","1","1"
"W4410248144","10.1002/fci2.3","2025","article","Use of Future‐Oriented Smart Sensors in Food Distribution and Safety Networks","Food Chemistry International","journal","Vivek Gupta","4","KR;ES","3","Advanced Chemical Sensor Technologies","Engineering","Physical Sciences","1","1"
"W7117419689","10.1016/j.foodres.2025.118270","2025","article","Engineering microbial cell factories for the production of lycopene: Advances and perspectives","Food Research International","journal","Guangxi Huang","4","CN","6","Plant biochemistry and biosynthesis","Biochemistry, Genetics and Molecular Biology","Life Sciences","0","0"
"W4397031589","10.1016/j.anireprosci.2024.107501","2024","article","Artificial insemination and optimization of the use of seminal doses in swine","Animal Reproduction Science","journal","Fernando Pandolfo Bortolozzo","6","BR","14","Effects of Environmental Stressors on Livestock","Agricultural and Biological Sciences","Life Sciences","0","0"
"W7155546203","10.5281/zenodo.19730811","2026","article","Automation and Artificial Intelligence: Transforming to Future Dairy Farming","Zenodo (CERN European Organization for Nuclear Research)","repository","Guruswamy A.","2","IN","0","Milk Quality and Mastitis in Dairy Cows","Agricultural and Biological Sciences","Life Sciences","1","1"
"W7160791237","","2026","article","AI-Assisted Business Strategies and Markets for Products Derived from Agri-Food Waste and By-Products","CINECA IRIS Institutial research information system (University of Pisa)","repository","Bartolomeo Cosenza","2","","0","Food Waste Reduction and Sustainability","Agricultural and Biological Sciences","Life Sciences","1","1"
"W7155527079","10.5281/zenodo.19730812","2026","article","Automation and Artificial Intelligence: Transforming to Future Dairy Farming","Zenodo (CERN European Organization for Nuclear Research)","repository","Guruswamy A.","2","IN","0","Milk Quality and Mastitis in Dairy Cows","Agricultural and Biological Sciences","Life Sciences","1","1"
"W7126013700","10.1016/j.tifs.2026.105592","2026","article","Knowledge graph and large language model synergy for food safety: Approaches and perspectives","Trends in Food Science & Technology","journal","Haoxin An","6","CN;GR","7","Advanced Graph Neural Networks","Computer Science","Physical Sciences","0","0"
"W4410872890","10.1186/s13007-025-01386-5","2025","article","Mobile based deep CNN model for maize leaf disease detection and classification","Plant Methods","journal","Getnet Tigabie Askale","4","ET","22","Smart Agriculture and AI","Agricultural and Biological Sciences","Life Sciences","1","1"
"W7166077091","10.1038/s41538-026-00944-y","2026","article","Underlying export characteristics and projected country positions in the agri-food trade: A global system analysis","npj Science of Food","journal","Amirhosein Ghozatfar","3","GB;US","0","Global trade and economics","Economics, Econometrics and Finance","Social Sciences","1","1"
"W4411476315","10.1016/j.atech.2025.101114","2025","article","Optimized ensemble learning for non-destructive avocado ripeness classification","Smart Agricultural Technology","journal","Panudech Tipauksorn","6","TH;JP","8","Industrial Vision Systems and Defect Detection","Engineering","Physical Sciences","1","1"
"W4396604392","10.69471/gsd-8","2024","article","AGRICULTURAL FIELD MANAGEMENT PROBLEMS: FROM CLASSIC AGRO-TECHNOLOGIES TO ARTIFICIAL INTELLIGENCE","Global sustainable development.","journal","Sabina Valiyeva","1","AZ","0","Smart Agriculture and AI","Agricultural and Biological Sciences","Life Sciences","1","1"
"W7203733468","10.1007/s44282-026-00546-9","2026","review","Systematic review of artificial intelligence in precision agriculture for smallholder farmers","Discover Global Society","journal","Sandip Satpati","1","IN","0","Smart Agriculture and AI","Agricultural and Biological Sciences","Life Sciences","1","1"
"W4416702058","10.1016/j.jastp.2025.106693","2025","article","Improved sparrow search algorithm optimized extreme learning machine for ultra-short-term wind speed prediction","Journal of Atmospheric and Solar-Terrestrial Physics","journal","Lian Lian","1","CN","5","Energy Load and Power Forecasting","Engineering","Physical Sciences","0","0"
"W3083678074","10.3390/ani10091584","2020","article","Genetic Characterization of the Local Pirenaica Cattle for Parentage and Traceability Purposes","Animals","journal","David Gamarra","6","ES;JP","10","Genetic and phenotypic traits in livestock","Biochemistry, Genetics and Molecular Biology","Life Sciences","1","0"
"W4406130070","10.1016/j.atech.2025.100770","2025","article","AI-powered cow detection in complex farm environments","Smart Agricultural Technology","journal","Voncarlos M. Araújo","7","CA","23","Animal Behavior and Welfare Studies","Veterinary","Health Sciences","1","1"
"W7161835289","10.3390/foods15101814","2026","article","Near-Infrared Spectroscopy in Food Analysis: Applications, Chemometric Strategies, and Technological Advances","Foods","journal","Limin Dai","5","CN","12","Spectroscopy and Chemometric Analyses","Chemistry","Physical Sciences","1","0"
"W3181877638","10.14569/ijacsa.2021.0120684","2021","article","MAGITS: A Mobile-based Information Sharing Framework for Integrating Intelligent Transport System in Agro-Goods e-Commerce in Developing Countries","International Journal of Advanced Computer Science and Applications","journal","Stivin Aloyce Nchimbi","5","BE;TZ","10","Digital Platforms and Economics","Business, Management and Accounting","Social Sciences","1","0"
"W4411804538","10.58970/jsr.1119","2025","article","Geospatial big data analytics for Precision Agriculture: Enhancing Productivity and Sustainability","Journal of Scientific Reports","journal","Lodu Bosco John","2","SS","3","Smart Agriculture and AI","Agricultural and Biological Sciences","Life Sciences","1","1"
"W4414422411","10.1016/j.bios.2025.117977","2025","article","Dynamic forecasting of beef freshness using multi-step time series analysis of electronic nose signals","Biosensors and Bioelectronics","journal","Xinxing Li","5","CN","14","Advanced Chemical Sensor Technologies","Engineering","Physical Sciences","0","0"
"W7165757090","10.18254/s207751800038665-0","2026","article","Digital Transformation and Artificial Intelligence Technology: Evidence from China and Russia","Artificial Societies","journal","Yulia Sergeevna Otmakhova","1","RU","0","E-commerce and Technology Innovations","Business, Management and Accounting","Social Sciences","1","1"
"W4409895289","10.36948/ijfmr.2025.v07i02.41577","2025","article","The Role of AI and OCR-Based Label Verification Systems in Enhancing Food Traceability and Supply Chain Transparency","International Journal For Multidisciplinary Research","journal","Luis Polo","1","","6","Food Supply Chain Traceability","Agricultural and Biological Sciences","Life Sciences","1","0"
"W4411379793","10.26897/2687-1149-2025-3-15-22","2025","article","Ways of developing artificial intelligence in biomachine systems for animal husbandry","Agroinženeriâ","journal","Timirâzevskaâ selʹskohozâjstvennaâ akademiâ","2","RU","0","Food Industry and Aquatic Biology","Agricultural and Biological Sciences","Life Sciences","1","1"
"W4404799004","10.1108/ijpcc-05-2024-0178","2024","review","The potential of Industry 4.0 technologies in transforming agricultural and livestock practices: a systematic review","International Journal of Pervasive Computing and Communications","journal","Aline Luiza Brusco Pletsch","3","BR","11","IoT and Edge/Fog Computing","Computer Science","Physical Sciences","1","1"
"W7160082308","10.1016/j.fpsl.2026.101762","2026","article","AI-integrated intelligent food packaging: Trigger mechanisms, application analysis, associated challenges and future perspectives under Industry 4.0","Food Packaging and Shelf Life","journal","Hui Sun","7","CN;CA","4","Nanocomposite Films for Food Packaging","Materials Science","Physical Sciences","0","0"
"W7109108633","10.9734/acri/2025/v25i121653","2025","article","Artificial Intelligence of Things (AIoT) in Agricultural Engineering Systems: Opportunities and Challenges","Archives of Current Research International","journal","Madineni Lokesh","7","IN","0","Smart Agriculture and AI","Agricultural and Biological Sciences","Life Sciences","1","1"
"W4391150604","10.36887/2415-8453-2022-4-50","2022","article","Agribusiness digitalization software concept","Ukrainian Journal of Applied Economics and Technology","journal","Lilia Buiak","1","UA","0","Economic Issues in Ukraine","Economics, Econometrics and Finance","Social Sciences","1","1"
"W4399497981","10.30525/2256-0742/2024-10-2-196-210","2024","article","CONCEPTUAL POLYCOMPONENT MODEL OF AN INNOVATIVE MECHANISM FOR IMPROVING THE COMPETITIVENESS OF AGRO-INDUSTRIAL COMPLEX ENTERPRISES","Baltic Journal of Economic Studies","journal","Yuliia Okhota","3","UA","12","Economic and Business Development Strategies","Economics, Econometrics and Finance","Social Sciences","1","1"
"W7212390267","10.1016/j.omega.2026.103663","2026","article","From terroir to quality: Handling the run for efficiency across time and space for Italian agri-food firms","Omega","journal","Anna Rita Dipierro","2","IT","0","Wine Industry and Tourism","Business, Management and Accounting","Social Sciences","1","0"
"W4400132109","10.37801/ajad2024.21.1.6","2024","article","Digitalization in Indonesia’s Agrifood Sector in the Wake of the COVID-19 Pandemic","Asian Journal of Agriculture and Development","journal","Silvia Uthari Nuzaverra Mayang Mangurai","8","","0","SMEs Development and Digital Marketing","Social Sciences","Social Sciences","1","1"
"W7141120460","10.1016/j.aiia.2026.03.008","2026","article","Can generative AI make farming decisions? Current status and future pathways – A case study in row crop production with ChatGPT","Artificial Intelligence in Agriculture","journal","Nipuna Chamara","9","US","6","Smart Agriculture and AI","Agricultural and Biological Sciences","Life Sciences","1","1"
"W4413509164","10.1016/j.atech.2025.101376","2025","article","Digital and Industry 4.0 technologies in olive farming and industry: Recent applications and future outlook","Smart Agricultural Technology","journal","Carlos Parra-López","9","ES;TN;SY;GB;SE;QA","6","Date Palm Research Studies","Agricultural and Biological Sciences","Life Sciences","1","1"
"W4415881159","10.37433/aad.v6i4.609","2025","article","Enabling responsible AI-driven agri-food innovation in Ontario: A framework for analysis of adoption challenges and opportunities","Advancements in Agricultural Development","journal","Ataharul Huq Chowdhury","2","CA","0","Smart Agriculture and AI","Agricultural and Biological Sciences","Life Sciences","1","0"
"W7214089346","10.5281/zenodo.22913515","2026","article","AI-Supported Creativity in the EU Agri-Food Sector: Skills, Challenges and Opportunities under the Triple Transition","Zenodo (CERN European Organization for Nuclear Research)","repository","Andreas Almpanis","1","","0","Digital Transformation in Industry","Engineering","Physical Sciences","1","1"
"W3213403863","10.22517/23447214.24538","2021","article","Image-based Animal Recognition based on Transfer Learning","Scientia et technica","journal","Diego Fabian Collazos Huertas","3","CO","4","Video Surveillance and Tracking Methods","Computer Science","Physical Sciences","1","1"
"W4384827735","10.3390/plants12142683","2023","article","Low-Cost Sensor for Lycopene Content Measurement in Tomato Based on Raspberry Pi 4","Plants","journal","Marcos Jesús Villaseñor-Aguilar","6","MX","8","Spectroscopy and Chemometric Analyses","Chemistry","Physical Sciences","1","0"
"W7214084551","10.5281/zenodo.22913516","2026","article","AI-Supported Creativity in the EU Agri-Food Sector: Skills, Challenges and Opportunities under the Triple Transition","Zenodo (CERN European Organization for Nuclear Research)","repository","Andreas Almpanis","1","","0","Digital Transformation in Industry","Engineering","Physical Sciences","1","1"
"W4414618167","10.11002/fppi.2025.24.1.58","2025","article","Recent advances in spectroscopy combined with artificial intelligence for detection of food contaminants","Food Preservation and Processing Industry","journal","Eunghee Kim","1","KR","0","Spectroscopy and Chemometric Analyses","Chemistry","Physical Sciences","1","1"
"W4405769631","10.71143/6m3z1250","2024","article","Sorting Machine for Fruits and Vegetables for Agricultural Advancements using IoT","International Journal of Research and Review in Applied Science Humanities and Technology","journal","Ashutosh Mishra","3","","4","Smart Agriculture and AI","Agricultural and Biological Sciences","Life Sciences","1","0"
"W7140178196","10.15832/ankutbd.1748223","2026","article","The Expert System Approach in Dairy Farm Design","Tarım Bilimleri Dergisi","journal","Ilkay Alkan","2","TR","0","Animal Behavior and Welfare Studies","Veterinary","Health Sciences","1","1"
"W4406113615","10.1093/af/vfae045","2024","article","Guiding principles of AI: application in animal husbandry and other considerations","Animal Frontiers","journal","Andrea Rosati","1","IT","17","Smart Agriculture and AI","Agricultural and Biological Sciences","Life Sciences","1","1"
"W4400939681","10.1007/s13198-024-02437-1","2024","article","Intelligent transportation storage condition assessment system for fruits and vegetables supply chain using internet of things enabled sensor network","International Journal of Systems Assurance Engineering and Management","journal","Saureng Kumar","2","IN","7","Smart Agriculture and AI","Agricultural and Biological Sciences","Life Sciences","0","0"
"W4415268761","10.1007/s12572-025-00412-y","2025","article","Harvesting intelligence: the impact of artificial intelligence technologies on agricultural practices","International Journal of Advances in Engineering Sciences and Applied Mathematics","journal","Shivani Gaykwad","2","","0","Smart Agriculture and AI","Agricultural and Biological Sciences","Life Sciences","0","0"
"W7203911227","10.1007/s44163-026-01955-0","2026","review","A systematic review of artificial intelligence and internet of things applications in precision agriculture","Discover Artificial Intelligence","journal","Anita Veerappa Karkikatti","5","IN","0","Smart Agriculture and AI","Agricultural and Biological Sciences","Life Sciences","1","1"
"W7214118553","10.3389/fsufs.2026.1957657","2026","article","Supply chain digitalization and proactive green innovation in agri-food enterprises: evidence from source-reduction patent bias","Frontiers in Sustainable Food Systems","journal","Siliang Guo","4","CN","0","Sustainable Supply Chain Management","Business, Management and Accounting","Social Sciences","1","0"
"W4416138460","10.3390/agronomy15112600","2025","article","Review and Assessment of Crop-Related Digital Tools for Agroecology","Agronomy","journal","Evangelos Anastasiou","21","GR;AT;DE;GB;DK;FI","3","Smart Agriculture and AI","Agricultural and Biological Sciences","Life Sciences","1","1"
"W2583213121","10.17221/321/2015-agricecon","2017","article","The current state of the issue of information needs and dispositions among small Czech farms","Agricultural Economics (Zemědělská ekonomika)","journal","Jan Tyrychtr","2","CZ","16","Information Retrieval and Data Mining","Computer Science","Physical Sciences","1","1"
"W4396885841","10.48175/ijarsct-18248","2024","article","AI Driven IoT(AIIoT) for Smart Agriculture","International Journal of Advanced Research in Science Communication and Technology","journal","Arati Amol Kale","3","","2","Network Security and Intrusion Detection","Computer Science","Physical Sciences","1","1"
"W7106664874","10.5281/zenodo.17709218","2025","article","Leveraging Artificial Intelligence to Minimise Food Waste and Enhance Global Food Security","International Journal of Science and Research Archive","journal","KORIE, Chukwuebuka Anthony","1","GB","0","Food Waste Reduction and Sustainability","Agricultural and Biological Sciences","Life Sciences","1","1"
"W4392188094","10.1109/les.2024.3370634","2024","article","Real-Time Tomato Quality Assessment Using Hybrid CNN-SVM Model","IEEE Embedded Systems Letters","journal","Hassan Shabani Mputu","4","EG;JP","8","Spectroscopy and Chemometric Analyses","Chemistry","Physical Sciences","1","1"
"W7125382442","10.31548/machinery/4.2025.43","2025","article","Digitalisation of field research data – the basis of farm management","Naukovij žurnal «Tehnìka ta energetika»","journal","Stanislav Nikolayenko","2","UA","0","Smart Agriculture and AI","Agricultural and Biological Sciences","Life Sciences","1","1"
"W4405741940","10.1109/iotm.001.2400036","2024","article","PestGPT: Leveraging Large Language Models and IoT for Timely and Customized Recommendation Generation in Sustainable Pest Management","IEEE Internet of Things Magazine","journal","Zhipeng Yuan","8","GB;HK;CN","10","Technology Adoption and User Behaviour","Decision Sciences","Social Sciences","1","1"
"W4417162423","10.1007/s44163-025-00645-7","2025","article","An integrated conceptual framework for AI-driven fruit supply chain quality management: pathways toward circularity and sustainability","Discover Artificial Intelligence","journal","H. M. Shrestha","6","IN;GB","4","Food Waste Reduction and Sustainability","Agricultural and Biological Sciences","Life Sciences","1","1"
"W3003970387","10.17694/bajece.555680","2020","article","Improving Farm Management Information Systems with Data Mining","Balkan Journal of Electrical and Computer Engineering","journal","Cagatay Catal","3","NL","0","Food Supply Chain Traceability","Agricultural and Biological Sciences","Life Sciences","1","1"
"W7106702839","10.5281/zenodo.17709217","2025","article","Leveraging Artificial Intelligence to Minimise Food Waste and Enhance Global Food Security","International Journal of Science and Research Archive","journal","KORIE, Chukwuebuka Anthony","1","GB","0","Food Waste Reduction and Sustainability","Agricultural and Biological Sciences","Life Sciences","1","1"
"W7213521462","10.5281/zenodo.22809113","2026","article","Strategic Agrifood, Governance and Hospitality Research Frameworks 2026 - Polticchia","Zenodo (CERN European Organization for Nuclear Research)","repository","Mauro Virginio Polticchia","1","","0","Culinary Culture and Tourism","Agricultural and Biological Sciences","Life Sciences","1","1"
"W3156471774","10.5120/ijca2021921182","2021","review","Internet of Things (IoT) for Smart Farming: A Systematic Review","International Journal of Computer Applications","journal","Safianu Omar","1","GH","6","Smart Agriculture and AI","Agricultural and Biological Sciences","Life Sciences","1","1"
"W4410465729","10.1016/j.foodcont.2025.111429","2025","article","Low-cost detection method for early-stage mildew in Hami melons based on hyperspectral image reconstruction using Sim-MST++","Food Control","journal","Fujia Dong","8","CN","8","Spectroscopy and Chemometric Analyses","Chemistry","Physical Sciences","0","0"
"W7154904563","10.1007/s43621-026-03174-0","2026","review","Artificial intelligence driven sustainability in tomato supply chains optimization a systematic review","Discover Sustainability","journal","Shivali Amit Wagle","7","IN;MY","0","Smart Agriculture and AI","Agricultural and Biological Sciences","Life Sciences","1","1"
"W4212963141","10.3390/agriculture12020284","2022","article","LA-DeepLab V3+: A Novel Counting Network for Pigs","Agriculture","journal","Chengqi Liu","5","CN;US","23","Animal Behavior and Welfare Studies","Veterinary","Health Sciences","1","1"
"W4417335293","10.1002/rob.70123","2025","article","Real‐Time Behavior Recognition Using a Legged Robot for Animal–Robot Interaction","Journal of Field Robotics","journal","Edoardo Fazzari","4","AE;IT","2","Animal Behavior and Welfare Studies","Veterinary","Health Sciences","1","1"
"W7162542940","10.56975/ijnrd.v11i5.325567","2026","article","Recent Trends in Artificial Intelligence and IoT in the Agro-Food Industry: Smarter Farming to Safer Plates","International Journal of Novel Research and Development","journal","Prafull S Chavan","1","IN","0","Smart Agriculture and AI","Agricultural and Biological Sciences","Life Sciences","1","0"
"W4414865655","10.64268/josce.v1i2.45","2025","article","Integrating Decision Support Systems in Agroindustrial Business Development: A Case Study of Jackfruit Chips Enterprises in Indonesia","Journal of Supply Chain and Entrepreneurship","journal","Alfin Nabil Abror","3","ID","0","Big Data and Business Intelligence","Business, Management and Accounting","Social Sciences","1","1"
"W7134226896","10.1016/j.foodcont.2026.112125","2026","article","Advances in food chemical contaminant detection and mitigation: Technological innovations, public health implications, and future directions","Food Control","journal","Muhammad Isra","4","ID","9","Melamine detection and toxicity","Agricultural and Biological Sciences","Life Sciences","0","0"
"W7128742684","10.56557/jafsat/2026/v13i110249","2026","review","Artificial Intelligence Technologies and Applications in Food Safety and Quality Control in Ghana: A Narrative Review","Journal of Advances in Food Science & Technology","journal","Buabeng Victoria Fosua","4","GH","0","Food Supply Chain Traceability","Agricultural and Biological Sciences","Life Sciences","1","0"
"W7140199263","10.1016/j.foodcont.2026.112158","2026","article","Non-destructive inspection and explainability analysis of freeze-thaw cycled chicken breast using multi-indicator fusion based on hyperspectral imaging and attention mechanisms","Food Control","journal","Wenlong Li","7","CN","6","Spectroscopy and Chemometric Analyses","Chemistry","Physical Sciences","0","0"
"W7202193008","10.3390/su18168217","2026","article","Causal Effects of Digital Infrastructure and Agricultural Socialized Services on Agricultural Value Chain Efficiency: Identification Based on SFA-DML and Innovation-Driven Mechanisms","Sustainability","journal","Yusupu Aihemaiti","2","CN","0","Efficiency Analysis Using DEA","Decision Sciences","Social Sciences","1","0"
"W4403166855","10.48175/ijarsct-19764","2024","article","Smart Agriculturing Based on KSK Approach: A Novel AI-Driven-IoT(AIIoT) Based Decision-Making Approach","International Journal of Advanced Research in Science Communication and Technology","journal","Dinesh Dattatraya Rankhamb","3","","3","Organizational and Employee Performance","Computer Science","Physical Sciences","1","1"
"W7203856995","10.5281/zenodo.22043984","2026","article","ROLE OF ARTIFICIAL INTELLIGENCE IN SUPPLY CHAIN MANAGEMENT FOR SUSTAINABLE AGRICULTURE STARTUPS AND ECO-FRIENDLY PRODUCTS","Zenodo (CERN European Organization for Nuclear Research)","repository","Asha Singh","2","IN","0","Food Supply Chain Traceability","Agricultural and Biological Sciences","Life Sciences","1","1"
"W7171287528","10.1007/s44163-026-01826-8","2026","article","Artificial intelligence enabled food quality assessment through digital sensing and explainable analytics","Discover Artificial Intelligence","journal","Suraja Parida","2","IN","0","Spectroscopy and Chemometric Analyses","Chemistry","Physical Sciences","1","0"
"W4410706207","10.14419/p43b3r21","2025","article","Artificial intelligence of blockchain in agriculture products quality and safety customers leadership","International Journal of Basic and Applied Sciences","journal","S. Aruna Deepthi","9","IN","0","Impact of AI and Big Data on Business and Society","Decision Sciences","Social Sciences","1","1"
"W7213498038","10.5281/zenodo.22809112","2026","article","Strategic Agrifood, Governance and Hospitality Research Frameworks 2026 - Polticchia","Zenodo (CERN European Organization for Nuclear Research)","repository","Mauro Virginio Polticchia","1","","0","Culinary Culture and Tourism","Agricultural and Biological Sciences","Life Sciences","1","1"
"W4411242929","10.3390/app15126625","2025","article","Tracking Poultry Drinking Behavior and Floor Eggs in Cage-Free Houses with Innovative Depth Anything Model","Applied Sciences","journal","Xiao Yan Yang","8","US","4","Smart Agriculture and AI","Agricultural and Biological Sciences","Life Sciences","1","1"
"W4402653498","10.1016/j.foohum.2024.100413","2024","article","AI and laser-induced spectroscopy for food industry","Food and Humanity","journal","Asefa Surafeal Alemayhu","4","CN","4","Spectroscopy and Chemometric Analyses","Chemistry","Physical Sciences","0","0"
"W4412727926","10.20960/nh.06098","2025","article","Development of a food product. High rigour of artificial intelligence as a tool for innovation","Nutrición Hospitalaria","journal","Rafael Urrialde","1","ES","0","Food Industry and Aquatic Biology","Agricultural and Biological Sciences","Life Sciences","1","0"
"W7162752102","10.1016/j.foodw.2026.100058","2026","article","Volatile fingerprinting and analytical strategies for raw meat authentication in processed meat products: A comprehensive review","Food Wellness","journal","Nurkanti Mia","1","BD;KR","3","Identification and Quantification in Food","Biochemistry, Genetics and Molecular Biology","Life Sciences","1","0"
"W4402781909","10.51594/ijarss.v6i9.1589","2024","article","Innovative risk management techniques in food safety: A review of best practices and emerging trends","International Journal of Applied Research in Social Sciences","journal","Olagoke Ayeni","2","","4","Supply Chain Resilience and Risk Management","Business, Management and Accounting","Social Sciences","1","1"
"W7203946795","10.5281/zenodo.22043983","2026","article","ROLE OF ARTIFICIAL INTELLIGENCE IN SUPPLY CHAIN MANAGEMENT FOR SUSTAINABLE AGRICULTURE STARTUPS AND ECO-FRIENDLY PRODUCTS","Zenodo (CERN European Organization for Nuclear Research)","repository","Asha Singh","2","IN","0","Food Supply Chain Traceability","Agricultural and Biological Sciences","Life Sciences","1","1"
"W4317469136","10.5281/zenodo.7550311","2021","article","EFFICIENT CULTIVATION WITH MACHINE LEARNING TECHNIQUES","Zenodo (CERN European Organization for Nuclear Research)","repository","Ch. Hima Bindu","1","","0","Smart Agriculture and AI","Agricultural and Biological Sciences","Life Sciences","1","1"
"W7163676256","10.14569/ijacsa.2026.0170562","2026","article","Agent-Oriented Fuzzy Decision Support System for Multi-Criteria Evaluation of Sustainable Investments in the Agro-Industrial Sector","International Journal of Advanced Computer Science and Applications","journal","Aigerim Omurtayeva","6","KZ","0","Cognitive Science and Mapping","Computer Science","Physical Sciences","1","1"
"W4416785635","10.9734/jsrr/2025/v31i123756","2025","article","Smart Agriculture: Integration of IoT, AI and Big Data in Farm Management","Journal of Scientific Research and Reports","journal","Mohammed Umar Ali","1","AU","0","Smart Agriculture and AI","Agricultural and Biological Sciences","Life Sciences","1","1"
"W4403547325","10.9734/acri/2024/v24i10929","2024","article","A Summative Review of Advances in Sensor Technology for Precision Agriculture","Archives of Current Research International","journal","Manisha Ranwa","7","IN","6","Smart Agriculture and AI","Agricultural and Biological Sciences","Life Sciences","1","1"
"W2524274283","10.1147/jrd.2016.2591698","2016","article","Toward large-scale crop production forecasts for global food security","IBM Journal of Research and Development","journal","Golnaz Badr","10","US","8","Climate change impacts on agriculture","Agricultural and Biological Sciences","Life Sciences","1","1"
"W4226508885","10.1109/access.2022.3162618","2022","article","Dynamic Algorithm for Interference Mitigation Between Cells in Networks Operating in the 250 MHz Band","IEEE Access","journal","Dick Carrillo","6","BR;FI;IE","6","Advanced MIMO Systems Optimization","Engineering","Physical Sciences","1","0"
"W4415491056","10.3390/su17219424","2025","article","Agriculture over the Horizon: A Synthesis for the Mid-21st Century","Sustainability","journal","Alex B. McBratney","2","AU","8","Agricultural Innovations and Practices","Agricultural and Biological Sciences","Life Sciences","1","1"
"W7172540500","10.11648/j.ib.20260103.12","2026","article","Unlocking Value in Agricultural Value Chains: How AI-Driven Decision Intelligence Improves Value Realisation Across Stakeholders, with a Tur Dal Pilot in Kalaburagi","Innovation Business","journal","Tarak Dhurjati","1","","0","Agricultural Economics and Practices","Agricultural and Biological Sciences","Life Sciences","1","1"
"W7168257473","10.3390/agriculture16141518","2026","review","Technology-Driven or Farmer-Centred? A Systematic Review of Artificial Intelligence Research for Smallholder Agriculture","Agriculture","journal","Zimbini Coka","3","ZA","0","Smart Agriculture and AI","Agricultural and Biological Sciences","Life Sciences","1","1"
"W4410925221","10.7753/ijcatr1405.1011","2025","article","Utilizing Artificial Intelligence to Forecast Market Trends and Enhance Supply Chain Strategies in Agriculture","International Journal of Computer Applications Technology and Research","journal","","0","","0","Big Data and Business Intelligence","Business, Management and Accounting","Social Sciences","1","1"
"W3118283527","","2020","article","Precision Agriculture Using Machine learning techniques to Increase the Yield","Solid State Technology","journal","S.Sridevi J.Vaishnavi","1","","0","Smart Agriculture and AI","Agricultural and Biological Sciences","Life Sciences","1","1"
"W3116888204","10.3390/rs12244163","2020","article","Does Sentinel-1A Backscatter Capture the Spatial Variability in Canopy Gaps of Tropical Agroforests? A Proof-of-Concept in Cocoa Landscapes in Cameroon","Remote Sensing","journal","Frederick N. Numbisi","2","BE;KE","10","Cocoa and Sweet Potato Agronomy","Agricultural and Biological Sciences","Life Sciences","1","1"
"W4410200964","10.54929/2786-5738-2025-18-04-09","2025","article","The Role of Artificial Intelligence in Transforming the Paradigm of Hr-Engineering in Agrarian Entrepreneurship","Проблеми сучасних трансформацій Серія економіка та управління","journal","Tetiana Palamariuk","1","UA","0","Smart Agriculture and AI","Agricultural and Biological Sciences","Life Sciences","1","1"
"W7127165058","10.1111/jfpe.70367","2026","article","Smart Technologies in Food Safety and Quality Monitoring: A Review of Technological Advances, Opportunities and Challenges","Journal of Food Process Engineering","journal","Payel Dhar","7","IN","13","Food Supply Chain Traceability","Agricultural and Biological Sciences","Life Sciences","1","1"
"W2565301584","10.1016/j.amc.2016.12.023","2016","article","A prototype of a RBES for personalized menus generation","Applied Mathematics and Computation","journal","Eugenio Roanes–Lozano","3","ES","6","Advanced Database Systems and Queries","Computer Science","Physical Sciences","0","0"
"W4293235810","10.1007/s11042-022-12141-6","2022","article","Enhanced FCN for farmland extraction from remote sensing image","Multimedia Tools and Applications","journal","Jingshan Pan","7","CN","9","Remote Sensing and Land Use","Earth and Planetary Sciences","Physical Sciences","0","0"
"W4411094429","10.11591/ijai.v14.i3.pp1763-1771","2025","article","Artificial intelligence-blockchain synergy ensures Indonesia’s compliance with European Union’s Deforestation-free regulation","IAES International Journal of Artificial Intelligence","journal","Silfi Iriyani","2","ID","0","Indonesian Legal and Regulatory Studies","Social Sciences","Social Sciences","1","0"
"W7164864442","10.1016/j.foodcont.2026.112395","2026","article","Integrated biosensing in agri-food systems: Pre-harvest monitoring, post-harvest quality control, and IoT-Enabled decision frameworks","Food Control","journal","Kushagra Sharma","2","IN","0","Food Supply Chain Traceability","Agricultural and Biological Sciences","Life Sciences","0","1"
"W7151067019","10.3390/robotics15040075","2026","article","Bibliometric Analysis on Control Architectures for Robotics in Agriculture","Robotics","journal","Simone Figorilli","7","IT","1","Smart Agriculture and AI","Agricultural and Biological Sciences","Life Sciences","1","1"
"W4411020346","10.55041/ijsrem49530","2025","article","Farm Mart: Price Prediction Using Machine Learning","INTERANTIONAL JOURNAL OF SCIENTIFIC RESEARCH IN ENGINEERING AND MANAGEMENT","journal","Patil Aniket Krishna","1","IN","0","Stock Market Forecasting Methods","Decision Sciences","Social Sciences","1","1"
"W7213346271","10.1080/23311932.2026.2730680","2026","article","Artificial intelligence and food insecurity: opportunities, risks, and equity pathways for the Global South","Cogent Food & Agriculture","journal","Ahmed Abdiaziz Alasow","9","SO;TH;GB;PH","0","Food Waste Reduction and Sustainability","Agricultural and Biological Sciences","Life Sciences","1","0"
"W4391846900","10.3390/app14041555","2024","article","THz Data Analysis and Self-Organizing Map (SOM) for the Quality Assessment of Hazelnuts","Applied Sciences","journal","Manuel Greco","7","IT","4","Advanced Chemical Sensor Technologies","Engineering","Physical Sciences","1","0"
"W4281609574","10.1117/1.jrs.16.024519","2022","article","Classification of remote sensing time series and similarity metrics for crop type verification","Journal of Applied Remote Sensing","journal","Dimo Dimov","1","","9","Remote Sensing in Agriculture","Environmental Science","Physical Sciences","1","1"
"W7135052438","10.56975/jetir.v13i3.575322","2026","article","Crop Stress Analysis and Detection using Deep Learning","Journal of Emerging Technologies and Innovative Research","journal","V. BHARGAVI","5","","0","Smart Agriculture and AI","Agricultural and Biological Sciences","Life Sciences","1","0"
"W4415184205","10.47297/wspdecwsp2515-797301.20250907","2025","article","From Sharing to Co-Governance: Research on the Design of Quality Chain System Based on Artificial Intelligence","DEVELOPMENT ECONOMICS OF CHINA","journal","Zhao Xuhai","5","CN","0","Digital Transformation in Industry","Engineering","Physical Sciences","1","1"
"W7154588139","10.5281/zenodo.19608298","2026","article","[Slides] Event 'From Test to Field: Connecting AI, Robotics and Digital Services for Agri-Food SMEs' (Webinar - Part 1)","Zenodo (CERN European Organization for Nuclear Research)","repository","DEDEP.eu Project","9","IE;FI;BE;IT","0","Smart Agriculture and AI","Agricultural and Biological Sciences","Life Sciences","1","0"
"W4206687331","10.14199/ppp-2021-030","2021","article","The IT platforms as tools for implementation of decision support system for plant protection strategies on an example of the Pest Warning System and eDWIN project","Progress in Plant Protection","journal","Magdalena Jakubowska","6","PL","0","Agriculture, Plant Science, Crop Management","Agricultural and Biological Sciences","Life Sciences","1","1"
"W4403225486","10.22213/2410-9304-2024-2-69-79","2024","article","Application of Machine Learning Methods for Forecasting in the Agricultural Sector of the Economy","Intellekt Sist Proizv","journal","Rinat V. Fayzullin","2","RU","0","Economic and Technological Systems Analysis","Business, Management and Accounting","Social Sciences","1","1"
"W7123722436","10.1007/s43681-025-00905-3","2026","article","Facing the pain: ethical considerations of AI-based pain detection of farmed animals","AI and Ethics","journal","Mark Ryan","2","NL;AT","1","Animal Behavior and Welfare Studies","Veterinary","Health Sciences","1","1"
"W4392437600","10.1016/j.compag.2024.108715","2024","article","Universal modeling for optimizing leafy vegetable production in an environment-controlled vertical farm","Computers and Electronics in Agriculture","journal","Jim Junhui Huang","3","SG;CN","6","Greenhouse Technology and Climate Control","Agricultural and Biological Sciences","Life Sciences","1","1"
"W7115005136","10.1504/ijbpscm.2025.150381","2025","review","A systematic literature review on the management of small agroindustrial producers using artificial intelligence","International Journal of Business Performance and Supply Chain Modelling","journal","Jairo Fuentes","2","CO;ES;VE","0","Smart Agriculture and AI","Agricultural and Biological Sciences","Life Sciences","1","1"
"W7154609705","10.5281/zenodo.19608297","2026","article","[Slides] Event 'From Test to Field: Connecting AI, Robotics and Digital Services for Agri-Food SMEs' (Webinar - Part 1)","Zenodo (CERN European Organization for Nuclear Research)","repository","DEDEP.eu Project","9","IE;FI;BE;IT","0","Smart Agriculture and AI","Agricultural and Biological Sciences","Life Sciences","1","0"
"W4392155194","10.3390/plants13050640","2024","article","Evaluating the Effect of Deficit Irrigation on Yield and Water Use Efficiency of Drip Irrigation Cotton under Film in Xinjiang Based on Meta-Analysis","Plants","journal","Qi Xu","8","CN","22","Irrigation Practices and Water Management","Agricultural and Biological Sciences","Life Sciences","1","1"
"W4309214768","10.3390/microorganisms10112264","2022","article","Microbiome-Driven Proline Biogenesis in Plants under Stress: Perspectives for Balanced Diet to Minimize Depression Disorders in Humans","Microorganisms","journal","Silva Vujanovic","3","CA","15","Transgenic Plants and Applications","Biochemistry, Genetics and Molecular Biology","Life Sciences","1","0"
"W4414039937","10.56294/tms202236","2022","article","Strategic planning in the sugar agribusiness: the case of Ledesma","Transport Mobility & Society","journal","Federico German Gamero","2","AR","0","Sugarcane Cultivation and Processing","Agricultural and Biological Sciences","Life Sciences","1","1"
"W3157047406","","2021","article","Image Based Plant Disease Detection A Comparison of Deep Learning","Journal of Emerging Technologies and Innovative Research","journal","Prathamesh Deshpande","5","","0","Smart Agriculture and AI","Agricultural and Biological Sciences","Life Sciences","1","0"
"W7134119973","10.1016/j.chemolab.2026.105702","2026","article","Gradient boosting applied to PTR-ToF-MS analysis of agrifood samples","Chemometrics and Intelligent Laboratory Systems","journal","Pablo M. Granitto","5","AR;IT","0","Mass Spectrometry Techniques and Applications","Chemistry","Physical Sciences","1","0"
"W7171700653","10.1007/s43615-026-01074-z","2026","article","Circular Economy in Agrifood RD&I: A Global Bibliometric Review","Circular Economy and Sustainability","journal","Marcos Antonio Gomes Pena","3","BR","0","Sustainable Supply Chain Management","Business, Management and Accounting","Social Sciences","1","1"
"W4408415615","10.54574/rjpp.16.01","2023","article","ASSESSMENT OF COMMON WHEAT QUALITY IN ROMANIA IN THE CONTEXT OF CLIMATE CHANGE - minireview","Romanian Journal for Plant Protection","journal","Valeria Gagiu","4","RO","1","Agriculture and Biological Studies","Agricultural and Biological Sciences","Life Sciences","1","0"
"W7171804747","10.13135/2785-7867/13851","2026","article","Digital agriculture and gender bias. Artificial intelligence, structural inequalities and legal responses","Institutional Research Information System University of Turin (University of Turin)","repository","LUCA CANTONE","1","IT","0","Agriculture, Land Use, Rural Development","Agricultural and Biological Sciences","Life Sciences","1","1"
"W3012072859","10.1016/j.compag.2020.105352","2020","article","Studying the relationships between nutrients in pistachio leaves and its yield using hybrid GA-ANN model-based feature selection","Computers and Electronics in Agriculture","journal","Behrooz Pourmohammadali","5","IR","15","Spectroscopy and Chemometric Analyses","Chemistry","Physical Sciences","0","0"
"W7165663936","10.3390/sci8060142","2026","article","A Unified Architecture for Data, Trust, and Intelligence in Agrifood Systems: The METROFOOD-IT Platform","Sci","journal","Pierpaolo Di Bitonto","13","IT","0","Smart Agriculture and AI","Agricultural and Biological Sciences","Life Sciences","1","1"
"W4396624712","10.59256/ijire.20240503003","2024","article","Plant Disease Detection Using Machine Learning & Image Processing","International Journal of Innovative Research in Engineering","journal","T. Malathi","5","","0","Smart Agriculture and AI","Agricultural and Biological Sciences","Life Sciences","1","0"
"W4405244870","10.9734/jsrr/2024/v30i122670","2024","article","‘Agricultural Students’ Perceptions of Artificial Intelligence: Challenges and Opportunities in Tamil Nadu, India","Journal of Scientific Research and Reports","journal","V Jayashree","5","IN","0","Smart Agriculture and AI","Agricultural and Biological Sciences","Life Sciences","1","1"
"W4309119151","10.3390/app122211586","2022","article","Raspberries-LITRP Database: RGB Images Database for the Industrial Applications of Red Raspberries’ Automatic Quality Estimation","Applied Sciences","journal","Antonio Quintero-Rincón","5","AR;CL","7","Horticultural and Viticultural Research","Agricultural and Biological Sciences","Life Sciences","1","0"
"W4254737069","10.21608/asejaiqjsae.2017.4018","2017","article","Utilization of Information Technology for the Expert System Shell of Alfalfa in the New Land","Alexandria Science Exchange Journal","journal","T. Bondok, Abdel Aziz","5","EG","0","Crop Yield and Soil Fertility","Agricultural and Biological Sciences","Life Sciences","1","1"
"W2962078280","10.21608/jacb.2018.35140","2018","article","Application of Information Technology for the Expert System Shell of Alfalfa in the New Lands","Journal of Agricultural Chemistry and Biotechnology","journal","A. Bondok","4","EG","0","Agricultural Productivity and Crop Improvement","Agricultural and Biological Sciences","Life Sciences","1","1"
"W7152452380","10.1080/10408398.2026.2651887","2026","article","Machine learning applications for postharvest poultry processing: a review","Critical Reviews in Food Science and Nutrition","journal","Zhen Jia","9","US","0","Animal Nutrition and Physiology","Agricultural and Biological Sciences","Life Sciences","1","0"
"W4415547857","10.1016/j.cofs.2025.101366","2025","review","Emerging trends in food hygiene: Innovations and applications of food technology","Current Opinion in Food Science","journal","Hye Ji Jang","3","KR","3","Food Safety and Hygiene","Agricultural and Biological Sciences","Life Sciences","0","0"
"W4315641370","10.5121/cseij.2022.12615","2022","article","Foodligence – Predicting Expiry Date of Perishable Foods to Reduce Loss and Waste","Computer Science & Engineering An International Journal","journal","Trewon Weerasooriya","2","LK","2","Food Waste Reduction and Sustainability","Agricultural and Biological Sciences","Life Sciences","1","1"
"W4408473037","10.1007/s12083-025-01922-z","2025","article","Dairy product quality evaluation using optimization-based deep maxout network with blockchain-driven internet of things","Peer-to-Peer Networking and Applications","journal","Maheshwari S. Biradar","4","IN;AU","4","Currency Recognition and Detection","Computer Science","Physical Sciences","0","0"
"W4327890554","10.5281/zenodo.7750869","2023","article","MACHINE LEARNING IN FISHERIES SECTOR: A STUDY ON SMART AQUACULTURE SYSTEM IN INDIA","Zenodo (CERN European Organization for Nuclear Research)","repository","R. Chamundeswari","2","IN","0","Hermeneutics and Narrative Identity","Arts and Humanities","Social Sciences","1","1"
"W4410601286","10.29207/joseit.v3i2.6130","2024","article","The Convolutional Neural Network as a Tool for Predicting Fruit Quality and Freshness Based on Images","Journal of Systems Engineering and Information Technology (JOSEIT)","journal","Emilianto Sefri Bere","2","ID","0","Spectroscopy and Chemometric Analyses","Chemistry","Physical Sciences","1","0"
"W4411762841","10.69987/jacs.2023.30602","2023","article","AI-enabled Product Authentication and Traceability in Global Supply Chains","Journal of Advanced Computing Systems","journal","Dingyuan Zhang","1","","2","Food Supply Chain Traceability","Agricultural and Biological Sciences","Life Sciences","1","0"
"W7166563555","10.3390/agriengineering8070264","2026","article","Towards Faster and More Reliable Image-Based Quality Inspection in the Agri-Food Industry Through Optimized Data Pipelines and Neural Architectures","AgriEngineering","journal","Elia Giacobazzi","6","IT","0","Smart Agriculture and AI","Agricultural and Biological Sciences","Life Sciences","1","0"
"W4310026970","10.55041/ijsrem16989","2022","article","Smart Farming-Crop Recommendation System","INTERANTIONAL JOURNAL OF SCIENTIFIC RESEARCH IN ENGINEERING AND MANAGEMENT","journal","IJSREM Journal","1","","1","Smart Agriculture and AI","Agricultural and Biological Sciences","Life Sciences","1","1"
"W7160717838","10.1080/87559129.2026.2670674","2026","article","Enhancing Food Safety and Traceability: The Contribution of Smart Technologies in the Contemporary Food Sector","Food Reviews International","journal","Khushi Tyagi","4","AE;IN","2","Food Supply Chain Traceability","Agricultural and Biological Sciences","Life Sciences","1","0"
"W7132848160","10.1016/j.atech.2026.101935","2026","article","Monitoring soil organic carbon from earth observation in the era of cover cropping and no-tillage","Smart Agricultural Technology","journal","Fabio Castaldi","7","IT;TW","3","Soil Carbon and Nitrogen Dynamics","Agricultural and Biological Sciences","Life Sciences","1","1"
"W4410534025","10.33260/zictjournal.v9i1.373","2025","article","Leveraging Artificial Intelligence to Boost Academic Performance: A Personalized Learning Framework for Struggling Students","Zambia ICT Journal","journal","George Kalowa","2","ZM","0","Online Learning and Analytics","Computer Science","Physical Sciences","1","1"
"W4315606422","10.54623/fue.fcij.7.2.4","2022","article","Proposed framework for applying data mining techniques to detect key performance indicators for food deterioration","Future Computing and Informatics Journal","journal","Fatma Amr Abogabal","3","EG","3","Food Supply Chain Traceability","Agricultural and Biological Sciences","Life Sciences","1","0"
"W4414292015","10.1080/87559129.2025.2553677","2025","article","Mass Spectrometry of Proteins, Peptides and Small Molecules for Food Authentication – A Systematic Survey","Food Reviews International","journal","Bertolt Kranz","10","DE","4","Identification and Quantification in Food","Biochemistry, Genetics and Molecular Biology","Life Sciences","1","0"
"W4410025828","10.1007/s42979-025-03931-4","2025","article","Modeling and Evaluating Stock Market and Commodity Price Fluctuation Using Time Series Sequence Learning","SN Computer Science","journal","K. Veningston","5","IN","2","Stock Market Forecasting Methods","Decision Sciences","Social Sciences","0","0"
"W4410718605","10.17013/wjis.v2i1.32","2025","article","Forecasting model for improving agricultural yield using recurrent neural networks","World Journal of Information Systems","journal","Hernan Parra Osorio","3","NI;PE;ES","0","Advanced Sensor and Control Systems","Engineering","Physical Sciences","1","1"
"W4409464907","10.55041/ijsrem44598","2025","article","Smart grow: Machine Learning for Sustainable Agriculture Innovation","INTERANTIONAL JOURNAL OF SCIENTIFIC RESEARCH IN ENGINEERING AND MANAGEMENT","journal","P. Vishnu","3","IN","0","Smart Agriculture and AI","Agricultural and Biological Sciences","Life Sciences","1","1"
"W4397025804","10.32782/2224-6282/191-7","2024","article","CURRENT LEVEL OF DIGITALIZATION OF BUSINESS PROCESSES AGRICULTURAL ENTERPRISES","Economic scope","journal","Олексій Демчук","2","UA","3","Digitalization and Economic Development in Agriculture","Business, Management and Accounting","Social Sciences","1","1"
"W4416209831","10.3390/agriengineering7110387","2025","article","Automation in the Shellfish Aquaculture Sector to Ensure Sustainability and Food Security","AgriEngineering","journal","T. Senthilkumar","4","CA;AU","6","Marine Bivalve and Aquaculture Studies","Environmental Science","Physical Sciences","1","1"
"W7164809182","10.1007/s42979-026-05117-y","2026","article","Effective Neural Network Model with Multispectral Imaging for Food Contamination Detection","SN Computer Science","journal","Peddireddy Venkateswara Reddy","2","IN","0","Spectroscopy and Chemometric Analyses","Chemistry","Physical Sciences","0","0"
"W4409196552","10.1016/j.compag.2025.110332","2025","article","Assessing the potential of quantum computing in agriculture","Computers and Electronics in Agriculture","journal","Torsten Pook","9","NL","15","Quantum Computing Algorithms and Architecture","Computer Science","Physical Sciences","1","0"
"W4408420321","10.71238/snst.v1i2.41","2024","article","The Effect of IoT Implementation and Artificial Intelligence in Optimising Machine Maintenance in the Automotive Industry in Karawang","Sciences du Nord Nature Science and Technology","journal","Loso Judijanto","5","ID","0","Management and Optimization Techniques","Business, Management and Accounting","Social Sciences","1","0"
"W4404504992","10.46656/access.2025.6.1(2)","2024","article","Economic Evaluation of Land in Agribusiness: Soil Fertility Factor","ACCESS Access to science business innovation in digital economy","journal","Ranjan Kumar Dash","3","","0","Agricultural Economics and Policy","Agricultural and Biological Sciences","Life Sciences","1","1"
"W7164741116","10.1016/j.biortech.2026.135149","2026","article","From agri-food wastes to high-value products: research progress, technological innovation, and challenges in the resource recycling of Chinese Baijiu by-products","Bioresource Technology","journal","Caixuan Zhang","10","CN","0","Food Waste Reduction and Sustainability","Agricultural and Biological Sciences","Life Sciences","0","0"
"W4404756400","10.3390/agriculture14122159","2024","article","Combining UAV Multispectral Imaging and PROSAIL Model to Estimate LAI of Potato at Plot Scale","Agriculture","journal","Shuang� Li","6","CN","13","Spectroscopy and Chemometric Analyses","Chemistry","Physical Sciences","1","1"
"W3118952806","10.21608/asejaiqjsae.2020.135169","2020","article","Application of Information Technology for the Expert System Shell of Egyptian Clover in the Old Lands","Alexandria Science Exchange Journal","journal","Bondok Abdel Aziz","2","EG","0","3D Modeling in Geospatial Applications","Engineering","Physical Sciences","1","1"
"W4372337967","10.1016/j.jii.2023.100461","2023","article","Sustainable fertilisation management via tensor multi-task learning using multi-dimensional agricultural data","Journal of Industrial Information Integration","journal","Yu Zhang","7","GB;CN","18","Irrigation Practices and Water Management","Agricultural and Biological Sciences","Life Sciences","1","1"
"W7134198682","10.1002/agr.70082","2026","article","Consumer Acceptance of New Sustainable Food Technologies: Upcycling Technology, Biostimulants, and Artificial Intelligence","Agribusiness","journal","Greta Castellini","2","IT","0","Food Waste Reduction and Sustainability","Agricultural and Biological Sciences","Life Sciences","1","0"
"W4214613007","10.1071/cp21627","2022","article","Mapping the impact of subsoil constraints on soil available water capacity and potential crop yield","Australian Journal of Agricultural Research","journal","Mikaela J. Tilse","4","AU;NZ","11","Soil Geostatistics and Mapping","Environmental Science","Physical Sciences","1","1"
"W4401823431","10.1007/s10460-024-10615-x","2024","article","Precision agriculture and the future of agrarian labor in the US food system","Agriculture and Human Values","journal","Ayorinde Ogunyiola","3","US","7","Agriculture, Land Use, Rural Development","Agricultural and Biological Sciences","Life Sciences","0","0"
"W7116298003","10.1016/j.jik.2025.100882","2025","article","Diffusion of innovation in controlled environment agriculture: A mixed-methods study of digital decision support tool adoption","Journal of Innovation & Knowledge","journal","Lauren Lindow","6","US","10","Smart Agriculture and AI","Agricultural and Biological Sciences","Life Sciences","1","1"
"W4402986365","10.22214/ijraset.2024.64379","2024","article","Leveraging Cloud and Distributed Computing for Enhanced Precision Agriculture: A Yield Mapping Perspective","International Journal for Research in Applied Science and Engineering Technology","journal","Raghavendra Sirigade -","1","US","3","Smart Agriculture and AI","Agricultural and Biological Sciences","Life Sciences","1","1"
"W7123632075","10.1108/bij-08-2024-0650","2026","article","Benchmarking best practices: integrating big data analytics and green supply chain management for enhanced sustainable performance in food processing SMEs","Benchmarking An International Journal","journal","Jan Muhammad Sohu","7","CN;PK","4","Food Waste Reduction and Sustainability","Agricultural and Biological Sciences","Life Sciences","1","1"
"W7161246759","10.3390/agriculture16101085","2026","article","Factors Influencing Artificial Intelligence Adoption in Wine Marketing: An Empirical Investigation of Internal and External Drivers","Agriculture","journal","Marzia Ingrassia","5","IT;ES","0","Wine Industry and Tourism","Business, Management and Accounting","Social Sciences","1","1"
"W4410067795","10.1111/jfpe.70127","2025","article","Evaporative Cooling Systems for Perishables in Sub‐Saharan Africa—A Review","Journal of Food Process Engineering","journal","Robert Lufu","3","ZA;NG","6","Adsorption and Cooling Systems","Engineering","Physical Sciences","1","1"
"W7167493862","10.1016/j.cofs.2026.101436","2026","review","AI in food safety and traceability: legal and ethical dimensions of next-generation food systems","Current Opinion in Food Science","journal","Priya Roy","5","IN","1","Food Supply Chain Traceability","Agricultural and Biological Sciences","Life Sciences","0","0"
"W4228997531","10.55041/ijsrem12912","2022","article","CROP PREDICTION AND PLANT LEAF DISEASE PREDICTION USING DEEP LEARNING","INTERANTIONAL JOURNAL OF SCIENTIFIC RESEARCH IN ENGINEERING AND MANAGEMENT","journal","D. Venkata Sudarshan","1","IN","0","Smart Agriculture and AI","Agricultural and Biological Sciences","Life Sciences","1","0"
"W7151954434","10.1016/j.ccr.2026.217925","2026","article","Modification strategies and frontier applications of metal-organic frameworks in food science: a comprehensive review","Coordination Chemistry Reviews","journal","Guowen Li","3","CN;PT","2","Metal-Organic Frameworks: Synthesis and Applications","Chemistry","Physical Sciences","0","0"
"W2886502574","","2018","article","Agricultural crop cost prediction using Artificial Neural Network","International journal of advance research, ideas and innovations in technology","journal","Karthik Hosur","1","IN","0","Smart Agriculture and AI","Agricultural and Biological Sciences","Life Sciences","1","0"
"W4409545074","10.63618/omd/isj/v1/n2/12","2023","article","Estrategias para la reducción del desperdicio de alimentos en la producción agrícola","Innova Science Journal","journal","Wendy Soledad Mendoza-Montesdeoca","2","EC","3","Food Waste Reduction and Sustainability","Agricultural and Biological Sciences","Life Sciences","1","1"
"W4412672294","10.34145/agriekstensia.v24i1.3738","2025","article","Technologies in Agribusiness Supply Chains: A review on Their Role in Enhancing Food Security","AGRIEKSTENSIA","journal","Annisa Vira Widayanti","4","","0","Food Waste Reduction and Sustainability","Agricultural and Biological Sciences","Life Sciences","1","1"
"W4382338662","10.5281/zenodo.8089857","2020","article","Source localization in resource-constrained sensor networks based on deep learning","Zenodo (CERN European Organization for Nuclear Research)","repository","S. Hamed Javadi","3","","0","Speech and Audio Processing","Computer Science","Physical Sciences","1","1"
"W4410865926","10.1007/s11694-025-03341-3","2025","article","Analytical advances in food authentication and origin traceability: from mass spectrometry to AI and IoT-enabled smart sensing systems","Journal of Food Measurement & Characterization","journal","Anagha Kamble","4","IN","4","Identification and Quantification in Food","Biochemistry, Genetics and Molecular Biology","Life Sciences","0","0"
"W4392985205","10.55041/ijsrem29455","2024","article","Internet of Things (IoT) for Smart Precision Agriculture and Farming in Rural Areas","INTERANTIONAL JOURNAL OF SCIENTIFIC RESEARCH IN ENGINEERING AND MANAGEMENT","journal","Mr. Paithankar Amit Arun","1","","1","Smart Agriculture and AI","Agricultural and Biological Sciences","Life Sciences","1","1"
"W7214219578","10.13021/jssr2026.5679","2026","article","Predicting Epidemiological and Sociopolitical Agrifood Shocks: An Early Warning Index for Africa","George Mason University","repository","Yousef Malik","6","US","0","Food Security and Health in Diverse Populations","Health Professions","Health Sciences","1","0"
"W4410031480","10.31579/2637-8914/309","2025","article","Using Smart Drones to Revolutionize Agriculture: Improving Farm Management and Irrigation in the Technological Age","Nutrition and Food Processing","journal","Iman Hajirad","1","IR","0","Smart Agriculture and AI","Agricultural and Biological Sciences","Life Sciences","1","1"
"W4391124956","10.3390/agriengineering6010015","2024","article","Comparative Evaluation of Remote Sensing Platforms for Almond Yield Prediction","AgriEngineering","journal","Nathalie Guimarães","6","PT","7","Remote Sensing in Agriculture","Environmental Science","Physical Sciences","1","1"
"W7167410193","10.48161/qaj.v6n3a2542","2026","article","Agricultural Modeling Under Climate Change: Mapping the Transition from Crop Simulation to Artificial Intelligence-Based Decision Systems","Qubahan Academic Journal","journal","Pablo de Frutos Madrazo","4","ES;KZ","0","Climate change impacts on agriculture","Agricultural and Biological Sciences","Life Sciences","1","1"
"W4309211393","10.3390/en15228497","2022","article","Computational Tool to Support the Decision in the Selection of Alternative and/or Sustainable Refrigerants","Energies","journal","Guilherme Jesus","3","PT","5","Refrigeration and Air Conditioning Technologies","Engineering","Physical Sciences","1","1"
"W4284967636","10.1016/j.agee.2022.108088","2022","article","Rationale for field-specific on-farm precision experimentation","Agriculture Ecosystems & Environment","journal","Paul Briggs Hegedus","2","US","17","Wheat and Barley Genetics and Pathology","Agricultural and Biological Sciences","Life Sciences","1","1"
"W4415756294","10.1080/23311975.2025.2574547","2025","article","Advancing food chain sustainability: harnessing the power of Industry 5.0 for waste efficiency","Cogent Business & Management","journal","Hajar Fatorachian","1","GB","3","Food Waste Reduction and Sustainability","Agricultural and Biological Sciences","Life Sciences","1","1"
"W4406750972","10.1007/s12010-024-05147-3","2025","article","Valorization of Cocoa and Peach-Palm Wastes for the Production of Amylases by Pleurotus pulmonarius CCB19 and Its Application as an Additive in Commercial Detergents","Applied Biochemistry and Biotechnology","journal","Alaiana Santos Silva","8","BR","13","Enzyme Production and Characterization","Biochemistry, Genetics and Molecular Biology","Life Sciences","0","0"
"W4402280713","10.24961/j.tek.ind.pert.2024.34.2.149","2024","article","IMPLEMENTATION OF SOFT SYSTEM METHODOLOGY DEVELOPMENT OF A DECISION SUPPORT SYSTEM BASED ON THE INTERNET OF THINGS INTHE SUNFLOWER AGRO-INDUSTRY SUPPLY CHAIN","Jurnal Teknologi Industri Pertanian","journal","Nunung  Nurhasanah","10","ID","0","Digital Transformation in Industry","Engineering","Physical Sciences","1","1"
"W3197548329","","2021","article","Movie Recommendation System using Innumerable Machine Learning Techniques","","","Vineet Shrivastava","2","","0","Stock Market Forecasting Methods","Decision Sciences","Social Sciences","1","1"
"W3185401961","10.1016/j.compag.2021.106326","2021","article","A web-based system for fungus disease risk assessment in greenhouses: System development","Computers and Electronics in Agriculture","journal","Nikolaos Katsoulas","3","GR","15","Plant Pathogens and Fungal Diseases","Biochemistry, Genetics and Molecular Biology","Life Sciences","0","0"
"W7203967734","10.1016/j.aiia.2026.08.009","2026","article","Adopting artificial intelligence for a circular economy in the agro-industrial sector: A critical review of past achievements and future directions","Artificial Intelligence in Agriculture","journal","Imam Budi Santoso","5","ID;TW","0","Bioeconomy and Sustainability Development","Agricultural and Biological Sciences","Life Sciences","1","1"
"W3209565716","10.1016/j.seta.2021.101683","2021","article","Modeling and optimizing the exergy flow of tropical crop production in Iran","Sustainable Energy Technologies and Assessments","journal","Monirahmad Rasoolizadeh","6","IR;KR","6","Agriculture Sustainability and Environmental Impact","Environmental Science","Physical Sciences","0","0"
"W3035665800","","2020","article","Neural Networks based image classification for animal Intrusion Detection System","International journal of advance research, ideas and innovations in technology","journal","B Sushmitha Shankar","4","IN","0","Smart Agriculture and AI","Agricultural and Biological Sciences","Life Sciences","1","0"
"W4390840447","10.55041/ijsrem28023","2024","article","Towards Smart Agriculture: A Survey of Deep Learning Applications in Arecanut Image Analysis","INTERANTIONAL JOURNAL OF SCIENTIFIC RESEARCH IN ENGINEERING AND MANAGEMENT","journal","Umesha D. K","2","","0","Smart Agriculture and AI","Agricultural and Biological Sciences","Life Sciences","1","1"
"W7203997382","10.5281/zenodo.22056449","2026","article","Impact of Artificial Intelligence in Precision Agriculture: Insights from Farmer Surveys and Secondary Market Analysis","Zenodo (CERN European Organization for Nuclear Research)","repository","Dr. G. Sabitha Dr. Srilatha Toomula","1","","0","Smart Agriculture and AI","Agricultural and Biological Sciences","Life Sciences","1","1"
"W4415917664","10.1080/1828051x.2025.2582396","2025","article","Machine learning algorithms to trace the origin of milk from infra-red spectra in sheep","Italian Journal of Animal Science","journal","Alberto Cesarani","10","IT;US","0","Milk Quality and Mastitis in Dairy Cows","Agricultural and Biological Sciences","Life Sciences","1","0"
"W7159039954","10.1021/acssusresmgt.6c00048","2026","article","Toward Autonomous PFAS Forensics: AI‑Enhanced HRMS Workflows for Sustainable Chemical and Water System Management","ACS Sustainable Resource Management","journal","Shubhangi Srivastava","2","DE;US","1","Membrane Separation Technologies","Environmental Science","Physical Sciences","1","1"
"W7136952332","10.1108/bfj-09-2025-1264","2026","article","AI-based recommendations and sustainable agri-food purchase intentions: examining the credence goods paradox through emotional-TAM among Generation Z in India","British Food Journal","journal","Samrat Bharadwaj","1","IN","0","Environmental Sustainability in Business","Business, Management and Accounting","Social Sciences","1","0"
"W7204013313","10.5281/zenodo.22056448","2026","article","Impact of Artificial Intelligence in Precision Agriculture: Insights from Farmer Surveys and Secondary Market Analysis","Zenodo (CERN European Organization for Nuclear Research)","repository","Dr. G. Sabitha Dr. Srilatha Toomula","1","","0","Smart Agriculture and AI","Agricultural and Biological Sciences","Life Sciences","1","1"
"W4323844851","10.3390/su15064901","2023","article","The Effect of Performance on the Sustainability of Coffee Farmers’ Cooperatives in the Industrial Revolution 4.0 in West Java Indonesia","Sustainability","journal","Wini Fetia Wardhiani","4","ID","16","Cooperative Studies and Economics","Business, Management and Accounting","Social Sciences","1","1"
"W4309271570","10.1108/bij-02-2022-0111","2022","article","Bridging the research-practice gap in supply chain risks induced by the COVID-19","Benchmarking An International Journal","journal","Qiang Wang","3","CN","7","Supply Chain Resilience and Risk Management","Business, Management and Accounting","Social Sciences","1","1"
"W7165554672","10.7273/000008293","2026","article","Modeling the tracking and prediction of grape phenology using machine learning","Washington State University","repository","Nathan Balcarcel","1","","0","Horticultural and Viticultural Research","Agricultural and Biological Sciences","Life Sciences","1","1"
"W4411227384","10.1016/j.dwt.2025.101273","2025","article","Roadmap for Australian wastewater nutrient recovery – Towards a sustainable circular economy","Desalination and Water Treatment","journal","Allan Soo","3","AU","3","Phosphorus and nutrient management","Environmental Science","Physical Sciences","1","0"
"W7170509114","10.1108/jadee-09-2024-0285","2026","article","The twin transition in agribusiness: a co-occurrence-driven literature review of digital sustainability","Journal of Agribusiness in Developing and Emerging Economies","journal","Diego Durante Mühl","2","BR","0","Digital Transformation in Industry","Engineering","Physical Sciences","1","1"
"W4410972111","10.62441/nano-ntp.v20i7.5486","2024","article","Utilizing Ant Colony Optimization With Deep Learning For Wheat Disease Detection","Nanotechnology Perceptions","journal","Amanjot Kaur Randhawa","2","","0","Wireless Sensor Networks and IoT","Engineering","Physical Sciences","1","1"
"W4410461103","10.69803/3083-6034-2025-1-154","2025","article","Models of effective agribusiness management: organizational mechanisms and economic indicators.","Journal of management economics and technology","journal","Maryna Ponomarova","1","","0","Global Trade and Competitiveness","Business, Management and Accounting","Social Sciences","1","1"
"W7162320959","10.3390/agriengineering8060203","2026","article","A Machine Learning Framework for Crop Productivity Classification and Risk Assessment","AgriEngineering","journal","João Pedro de Moraes Xavier","6","BR","0","Remote Sensing in Agriculture","Environmental Science","Physical Sciences","1","1"
"W7151950491","10.36922/gti025330013","2025","article","AI-driven digital twin for uncertainty-aware structural health monitoring of offshore wind turbines considering biofouling effects and reliability prediction","Green Technology & Innovation","journal","James Riffat","3","GB;IR","2","Machine Fault Diagnosis Techniques","Engineering","Physical Sciences","1","1"
"W7152443360","10.14719/pst.13990","2026","article","A comprehensive bibliometric review of remote sensing and machine learning applications in maize yield prediction","Plant Science Today","journal","Satheesh Sakthivel","9","IN","0","Remote Sensing in Agriculture","Environmental Science","Physical Sciences","1","1"
"W4410790816","10.22434/ifamr.1269","2025","article","Digitalisation and sustainability in the Armenian wine sector: challenges and opportunities","The International Food and Agribusiness Management Review","journal","Jochen Heussner","2","DE","6","Plant and Fungal Interactions Research","Biochemistry, Genetics and Molecular Biology","Life Sciences","1","0"
"W4402005599","10.30743/infotekjar.v8i2.9703","2024","article","Decision Support System for Selecting Optimal Coconut Varieties for Coconut Milk Production: Integration of Analytic Hierarchy Process and Simple Additive Weighting Methods","InfoTekJar (Jurnal Nasional Informatika dan Teknologi Jaringan)","journal","Muhammad Hikam","2","ID","0","Coconut Research and Applications","Chemistry","Physical Sciences","1","1"
"W3170624447","10.46501/ijmtst0705021","2021","article","A Review Paper on Deep Learning Approach for Crop Yield Prediction Assessment","International Journal for Modern Trends in Science and Technology","journal","Richa Verma Ayushi","1","","0","Smart Agriculture and AI","Agricultural and Biological Sciences","Life Sciences","1","0"
"W2987970735","10.30645/senaris.v1i0.26","2019","article","Penetapan Metode SMART dalam Merekomendasikan Jenis Sapi Terbaik untuk Peternakan Sapi Potong","Prosiding Seminar Nasional Riset Information Science (SENARIS)","journal","Gumilar Ramadhan Pangaribuan","3","","4","Livestock Farming and Management","Agricultural and Biological Sciences","Life Sciences","1","1"
"W4406427226","10.32782/2521-666x/2024-88-19","2024","article","ANALYSIS OF DIGITAL TRANSFORMATION AND CYBERSECURITY IN AGRIBUSINESS IN THE CONTEXT OF ECONOMIC FINANCIALIZATION","Scientific opinion Economics and Management","journal","Rostyslav MELNYK","1","","0","Digitalization and Economic Development in Agriculture","Business, Management and Accounting","Social Sciences","1","1"
"W7164031515","10.1007/s11694-026-04572-8","2026","article","Automated Fig (Ficus carica L.) variety classification based on deep learning using fruit and leaf images","Journal of Food Measurement & Characterization","journal","Merzouk Younsi","1","DZ","0","Phytochemistry and biological activities of Ficus species","Agricultural and Biological Sciences","Life Sciences","0","0"
"W2884220281","","2018","article","Development of climate-based agribusiness information system on mobile platform","","","Armi Susandi","9","ID","0","Information Retrieval and Data Mining","Computer Science","Physical Sciences","1","1"
"W4404547875","10.4108/eetsc.7286","2024","article","Enhancing precision agriculture: An IoT-based smart monitoring system integrated LoRaWAN, ML and AR","EAI Endorsed Transactions on Smart Cities","journal","Thanh Huong","5","JP","6","IoT Networks and Protocols","Engineering","Physical Sciences","1","1"
"W7133559373","10.1016/j.aquaculture.2026.743833","2026","article","Machine learning in estimating the weight of Tilapia Oreochromis niloticus juveniles","Aquaculture","journal","Lessandro do Carmo Lima","9","BR","0","Fish Biology and Ecology Studies","Agricultural and Biological Sciences","Life Sciences","0","0"
"W7167790068","10.1016/j.foodres.2026.119937","2026","article","Decoding the spatiotemporal patterns of food spoilage microbial communities: Integrating multi-omics and artificial intelligence to enable precision preservation","Food Research International","journal","Dandi Zhu","4","CN","0","Microbial Community Ecology and Physiology","Environmental Science","Physical Sciences","0","0"
"W4408272049","10.33448/rsd-v14i3.48405","2025","article","Post-harvest fruit quality: A bibliometric analysis","Research Society and Development","journal","Uemeson José dos Santos","5","BR","3","Plant Physiology and Cultivation Studies","Agricultural and Biological Sciences","Life Sciences","1","0"
"W4365131069","10.48017/dj.v8i2.2548","2023","article","Artificial Intelligence and Computational Vision in Innovative Enterprises Projects: Analysis of theTecnova and Centelha Programs in the State of Alagoas","Diversitas Journal","journal","Bruno Vicente Nunes de Oliveira","3","BR","0","Economic and Technological Innovation","Economics, Econometrics and Finance","Social Sciences","1","0"
"W7167491898","10.1007/s10791-026-10342-3","2026","article","Machine learning prediction of goat reproductive success in smallholder farming systems","Discover Computing","journal","Kenneth Tuyishime","4","UG","0","Genetic and phenotypic traits in livestock","Biochemistry, Genetics and Molecular Biology","Life Sciences","1","1"
"W4392806689","10.1002/bbb.2609","2024","article","Design, fabrication, automation, and scaleup of anaerobic reactors for waste management and bioenergy recovery","Biofuels Bioproducts and Biorefining","journal","Luana R. R. Fröner‐Lacerda","7","BR;ES","5","Anaerobic Digestion and Biogas Production","Engineering","Physical Sciences","1","1"
"W4416179004","10.1371/journal.pone.0336434","2025","article","CattleNet-XAI: An explainable CNN framework for efficient cattle weight estimation","PLoS ONE","journal","Md Junayed Hossain","4","BD","2","Animal Behavior and Welfare Studies","Veterinary","Health Sciences","1","1"
"W4388002499","10.17762/ijritcc.v11i10s.7626","2023","article","Local Industrialization Based Lucrative Farming Using Machine Learning Technique","International Journal on Recent and Innovation Trends in Computing and Communication","journal","Sakshi Patil","7","IN","0","Smart Agriculture and AI","Agricultural and Biological Sciences","Life Sciences","1","1"
"W4404542903","10.3390/foods13223697","2024","article","Food Public Opinion Prevention and Control Model Based on Sentiment Analysis","Foods","journal","Leiyang Chen","6","CN","5","Sentiment Analysis and Opinion Mining","Computer Science","Physical Sciences","1","0"
"W3038873990","10.1021/cen-09826-cover","2020","article","A new dawn for biobased chemicals?","C&EN Global Enterprise","journal","Melody M. Bomgardner","1","","6","Chemistry and Chemical Engineering","Environmental Science","Physical Sciences","1","0"
"W7171722784","10.1016/j.cofs.2026.101446","2026","review","Machine learning fostering the judicious use of antimicrobials in bovine mastitis control","Current Opinion in Food Science","journal","Breno Luís Nery Garcia","5","CA;BR","0","Milk Quality and Mastitis in Dairy Cows","Agricultural and Biological Sciences","Life Sciences","1","1"
"W7120429997","","2022","article","Tracking the Connection between Brazilian Agricultural Diversity and Native Vegetation Change by a Machine Learning Approach.","LA Referencia (Red Federada de Repositorios Institucionales de Publicaciones Científicas)","repository","SILVA, M. R. M.;SILVA, MAX ROSSI MACHADO DA","5","","0","Economic and Technological Innovation","Economics, Econometrics and Finance","Social Sciences","1","1"
"W4411369401","10.1007/s10460-025-10752-x","2025","article","Unlocking digital twin planning for grazing industries with farmer centred design","Agriculture and Human Values","journal","Thomas Lee","3","AU","9","Digital Transformation in Industry","Engineering","Physical Sciences","1","1"
"W3185828619","","2021","article","A New Approach of Crop Yield Prediction Using Machine Learning Techniques","","","Jwalitha Ubbana","3","","0","Smart Agriculture and AI","Agricultural and Biological Sciences","Life Sciences","1","0"
"W3202659456","10.9734/ijecc/2021/v11i830457","2021","article","Application of Digital Technologies for the Next Level of Agriculture Growth and Transformation under Changing the Indian Agriculture: A Critical Review","International Journal of Environment and Climate Change","journal","Ram K. Naresh","7","IN","5","Smart Agriculture and AI","Agricultural and Biological Sciences","Life Sciences","1","1"
"W4406837805","10.11591/ijeecs.v38.i1.pp333-343","2025","article","Machine learning-based classification of corn seed viability using electrical impedance spectroscopy","Indonesian Journal of Electrical Engineering and Computer Science","journal","Perrie Lance Perocho","2","PH","0","Smart Agriculture and AI","Agricultural and Biological Sciences","Life Sciences","1","0"
"W7161570758","10.1007/s10921-026-01376-0","2026","article","Comparative Evaluation of Hyperspectral, Thermal, and Near-Infrared Imaging Systems for Non-Destructive Prediction of Fruit and Vegetable Quality: A Review","Journal of Nondestructive Evaluation","journal","Kok Jeng Lim","5","MY","5","Spectroscopy and Chemometric Analyses","Chemistry","Physical Sciences","0","0"
"W4411586215","10.36871/ek.up.p.r.2025.03.13.021","2025","article","AGRO-FOOD SECTOR: ANALYSIS AND PROSPECTS","EKONOMIKA I UPRAVLENIE PROBLEMY RESHENIYA","journal","Gamlet Ya. OSTAEV","3","","1","Agricultural Economics and Practices","Agricultural and Biological Sciences","Life Sciences","1","1"
"W4417361739","10.1038/s41598-025-31877-3","2025","article","AI-driven digitalization of agriculture-based supply chains to reduce rural poverty in Pakistan","Scientific Reports","journal","Furqan Sikandar","4","CN;CL;JO","1","Blockchain Technology Applications and Security","Computer Science","Physical Sciences","1","1"
"W4399443378","10.1177/02666669241258920","2024","article","The impact of applying digital process innovation to farm management on farmer welfare: A multiple case study","Information Development","journal","Watanyoo Suksa-ngiam","2","TH;US","0","Digital Platforms and Economics","Business, Management and Accounting","Social Sciences","1","1"
"W4412469455","10.33245/2310-9262-2025-197-1-93-103","2025","article","Strategic priorities of agricultural development based on the Agricultural 5.0 and Agricultural 6.0 concepts","Ekonomìka ta upravlìnnâ APK","journal","Ihor Myroniak","1","UA","1","Digitalization and Economic Development in Agriculture","Business, Management and Accounting","Social Sciences","1","1"
"W7165765158","10.17645/up.11705","2026","article","AI for Urban Resilience in Africa: Pest Detection in Cabo Verde Using Convolutional Neural Networks","Urban Planning","journal","Sónia M. V. Semedo","3","CV","0","Smart Agriculture and AI","Agricultural and Biological Sciences","Life Sciences","1","1"
"W4415814287","10.3390/ani15213194","2025","article","CNN-Based Identification of Pathogens of Concern in Shrimp","Animals","journal","Tharyar Aung","5","TH","8","Invertebrate Immune Response Mechanisms","Immunology and Microbiology","Life Sciences","1","1"
"W7172166362","10.21917/ijsc.2026.0587","2026","article","AN EDGE-OPTIMIZED FOOD QUALITY EVALUATION FRAMEWORK USING HISTOGRAM FEATURES AND COMPACT NEURAL NETWORKS","ICTACT Journal on Soft Computing","journal","Sinjan Kumar","2","","0","Spectroscopy and Chemometric Analyses","Chemistry","Physical Sciences","1","1"
"W4393956982","10.17306/j.jard.2023.01742","2023","article","Risk-return profile of Ukrainian agribusiness: assessing the potential of investment policy","Journal of Agribusiness and Rural Development","journal","Ihor Hurnyak","2","UA;PL","0","Economic and Business Development Strategies","Economics, Econometrics and Finance","Social Sciences","1","1"
"W7214429714","10.1080/10408347.2026.2738868","2026","article","Bridging the Gap: Spectroscopy, Machine Learning, and the Path to Reliable Food Safety Analysis","Critical Reviews in Analytical Chemistry","journal","Qingxiao Ma","5","CN","0","Spectroscopy and Chemometric Analyses","Chemistry","Physical Sciences","1","1"
"W7116923894","10.1017/s0022029925101775","2025","article","Prediction of calving to conception interval (days open) in dairy cows using recurrent neural networks","Journal of Dairy Research","journal","Mahdi Ravakhah","3","IR","0","Genetic and phenotypic traits in livestock","Biochemistry, Genetics and Molecular Biology","Life Sciences","1","1"
"W7150787981","10.1007/s43615-026-00926-y","2026","article","Techno-Ecological Synergies: AI-IoT Strategies for Agrifood Systems in Sustainable Eco-Cities","Circular Economy and Sustainability","journal","Pooja Sharma","3","","0","Smart Cities and Technologies","Engineering","Physical Sciences","0","0"
"W4413636139","10.1016/j.atech.2025.101380","2025","article","Forecasting egg production performance and fluctuations in commercial free-range poultry systems using a random forest model","Smart Agricultural Technology","journal","Yusuf Adewale Adejola","6","AU;DE","2","Livestock and Poultry Management","Agricultural and Biological Sciences","Life Sciences","1","1"
"W4387541828","10.1017/bjt.2023.7","2023","article","Species ex machina: ‘the crush’ of animal data in AI","BJHS Themes","journal","Simon Michael Taylor","1","AU","2","Identification and Quantification in Food","Biochemistry, Genetics and Molecular Biology","Life Sciences","1","1"
"W7167633263","10.1002/agr.70135","2026","article","Do More Open Economies Export Less Diversely in Brazilian Agribusiness?","Agribusiness","journal","Alan Marques Miranda Leal","2","BR","0","Economic and Technological Innovation","Economics, Econometrics and Finance","Social Sciences","1","0"
"W4409260118","10.6110/kjacr.2025.37.4.185","2025","article","Development of Predictive Model for Building-integrated Rooftop Greenhouse using Artificial Neural Networks","설비공학논문집","journal","Doyun Lee","3","","0","Greenhouse Technology and Climate Control","Agricultural and Biological Sciences","Life Sciences","1","0"
"W7163261346","10.1016/j.applanim.2026.107079","2026","article","Application of machine learning models to estimate feed intake in automated milking systems in dairy cattle","Applied Animal Behaviour Science","journal","Kelechi Akwataghibe","4","US","0","Milk Quality and Mastitis in Dairy Cows","Agricultural and Biological Sciences","Life Sciences","0","0"
"W4408049200","10.48175/ijarsct-19299","2024","article","Leveraging AI and Deep Learning for Risk Management in Agricultural Farms: Optimizing Maintenance with Data-Driven Insights","International Journal of Advanced Research in Science Communication and Technology","journal","Naga Ramesh Palakurti","1","","0","Smart Agriculture and AI","Agricultural and Biological Sciences","Life Sciences","1","1"
"W4414118983","10.1016/j.landusepol.2025.107755","2025","article","Healthy soils as a booster to EU competitiveness","Land Use Policy","journal","Panos Panagos","17","IT;CH;NL;BE","5","Agriculture Sustainability and Environmental Impact","Environmental Science","Physical Sciences","1","1"
"W4411277473","10.1142/s012915642540628x","2025","article","AI-Driven Digital Transformation of China’s Agribusiness: Impact on Total Factor Productivity","International Journal of High Speed Electronics and Systems","journal","Lei Li","2","CN","0","Digitalization and Economic Development in Agriculture","Business, Management and Accounting","Social Sciences","1","1"
"W7115909014","10.64388/irev9i6-1712938","2025","article","High-Accuracy Real-Time Defect Classification for Coffee Beans Using Deep Learning","Iconic Research and Engineering Journals","journal","Archana N","4","","0","Industrial Vision Systems and Defect Detection","Engineering","Physical Sciences","1","0"
"W7213450766","10.1108/jadee-03-2026-0207","2026","review","Consumer behavioral outcomes in agrifood traceability: a systematic review and a proposed definition of consumer habit","Journal of Agribusiness in Developing and Emerging Economies","journal","Miko Mariz C. Castro","3","AU;PH","0","Organic Food and Agriculture","Agricultural and Biological Sciences","Life Sciences","1","0"
"W7126162963","10.1016/j.foodcont.2026.112022","2026","article","Integrating ion mobility spectrometry and machine learning for geographical authentication of olive oils","Food Control","journal","Ana Isabel Rodríguez-Gutiérrez","6","ES;MA","0","Advanced Chemical Sensor Technologies","Engineering","Physical Sciences","0","0"
"W7156130299","10.37349/eff.2026.1010140","2026","article","Investigating foodborne pathogen outbreaks: an integrated framework for tracing, detection, and risk assessment in food systems","Exploration of Foods and Foodomics","journal","Alfi Sophian","3","ID","2","Salmonella and Campylobacter epidemiology","Agricultural and Biological Sciences","Life Sciences","1","0"
"W7203553311","10.1007/s44163-026-01990-x","2026","article","Review of machine learning and blockchain integration for crop monitoring and management in smart farming","Discover Artificial Intelligence","journal","Abdennabi Morchid","3","MA","0","Smart Agriculture and AI","Agricultural and Biological Sciences","Life Sciences","1","1"
"W4413990523","10.51470/fab.2023.4.2.11","2023","article","Next-Generation Food Safety Monitoring Using Biosensors and Internet-of-Things Technologies","journal of food and biotechnology","journal","Kakumanu Babu","5","","2","Advanced Chemical Sensor Technologies","Engineering","Physical Sciences","1","1"
"W4401206267","10.3390/app14156741","2024","article","WindFormer: Learning Generic Representations for Short-Term Wind Speed Prediction","Applied Sciences","journal","Xiang Qiu","5","CN","8","Energy Load and Power Forecasting","Engineering","Physical Sciences","1","1"
"W4367852143","10.56726/irjmets37300","2023","article","A CLOSE STUDY AT A MAJOR AGRIBUSINESS CORPORATION AND THE ETHICAL IMPLICATIONS OF AI AND BIG DATA IN AGRICULTURE","International Research Journal of Modernization in Engineering Technology and Science","journal","","0","","0","Smart Agriculture and AI","Agricultural and Biological Sciences","Life Sciences","1","0"
"W7203794340","10.1016/j.atech.2026.102495","2026","article","From prediction to environmental resilience: artificial intelligence, data scarcity, and adaptive agricultural systems in sub-Saharan Africa","Smart Agricultural Technology","journal","Simon Adesola Adediran","3","US;ZA","0","Climate change impacts on agriculture","Agricultural and Biological Sciences","Life Sciences","1","1"
"W3010688147","10.31062/agrom.v28.e026654","2020","article","Climate Services for Agricultural and Livestock Producers: What have we learned?","Agrometeoros","journal","Norman Breuer","2","PY;US","6","Climate change impacts on agriculture","Agricultural and Biological Sciences","Life Sciences","1","1"
"W3203385755","10.5281/zenodo.21584249","2021","article","Prediction of Crop Yield and Cost by Finding Best Accuracy using Machine Learning Approach","Zenodo (CERN European Organization for Nuclear Research)","repository","Swathi Swathi","2","IN","0","Smart Agriculture and AI","Agricultural and Biological Sciences","Life Sciences","1","0"
"W4416592948","10.3390/modelling6040153","2025","article","Modeling Global Warming from Agricultural CO2 Emissions: From Worldwide Patterns to the Case of Iran","Modelling—International Open Access Journal of Modelling in Engineering Science","journal","Razieh Pourdarbani","6","IR;ES","1","Agriculture Sustainability and Environmental Impact","Environmental Science","Physical Sciences","1","1"
"W4311048937","10.17762/ijritcc.v10i1s.5824","2022","article","SCMBQA: Design of a Customised SCM-Aware Sidechaining Model for QoS Enhancement under Attack Scenarios","International Journal on Recent and Innovation Trends in Computing and Communication","journal","Sonali V. Shinkar","2","","3","Blockchain Technology Applications and Security","Computer Science","Physical Sciences","1","1"
"W4409240663","10.54660/.ijfmr.2024.5.1.141-148","2024","article","Strategic Digital Marketing Models for Agribusiness: Connecting Producers to Markets through Data-Driven Platforms","Journal of Frontiers in Multidisciplinary Research","journal","Daphine Nyangoma","4","","0","Digital Marketing and Social Media","Social Sciences","Social Sciences","1","1"
"W4410061727","10.1007/s12083-025-01966-1","2025","article","Towards precision agriculture: utilizing IoT and deep learning for automatic farm fire detection and extinguishing","Peer-to-Peer Networking and Applications","journal","Aanchal Khatri","6","IN","0","Fire Detection and Safety Systems","Engineering","Physical Sciences","0","0"
"W4405731047","10.60151/envec/ksok1056","2024","article","Role of Cutting-Edge Technology in Horticulture Crops for Shaping the Future Smart Farming Ecosystem: A Comprehensive Review","Environment and Ecology","journal","Mukesh Kumar","6","IN","3","Smart Agriculture and AI","Agricultural and Biological Sciences","Life Sciences","1","1"
"W7163547152","10.1016/j.afres.2026.102251","2026","article","Mycotoxin exposure: Risks to human health and detection approaches","Applied Food Research","journal","Radhika Rathore","6","IN","3","Mycotoxins in Agriculture and Food","Agricultural and Biological Sciences","Life Sciences","1","1"
"W7170433854","10.1016/j.microc.2026.119182","2026","article","Synergizing nanomaterials and machine learning for smart colorimetric sensing in food safety: A critical review","Microchemical Journal","journal","Wanchalerm Manchan","5","TH","0","Biosensors and Analytical Detection","Engineering","Physical Sciences","0","0"
"W7162802896","10.1038/s41598-026-54439-7","2026","article","An explainable spatio-temporal deep learning framework for crop yield prediction and recommendation","Scientific Reports","journal","Nifasath Piyar S","2","IN","0","Smart Agriculture and AI","Agricultural and Biological Sciences","Life Sciences","1","1"
"W4414968755","10.33480/jitk.v11i1.6784","2025","article","COMPARATIVE ANALYSIS OF YOLO DEEP LEARNING MODEL FOR IMAGE-BASED BEEF FRESHNESS DETECTION","JITK (Jurnal Ilmu Pengetahuan dan Teknologi Komputer)","journal","Esi Putri Silmina","3","ID","0","Livestock Farming and Management","Agricultural and Biological Sciences","Life Sciences","1","0"
"W4294559389","10.36548/jscp.2022.1.003","2022","article","Forecasting Crop Production Based On Soil Data and Detection of Diseases Using Machine Learning","Journal of Soft Computing Paradigm","journal","M. Mohammed Riyaz","3","IN","0","Smart Agriculture and AI","Agricultural and Biological Sciences","Life Sciences","1","0"
"W4317805723","10.21608/fjard.2023.281055","2023","article","Assessing precision agriculture applicability in agriculture sector in Egypt","Fayoum Journal of Agricultural Research and Development /Fayoum Journal of Agricultural Research and Development","journal","Mahmoud Abdelnabby","2","EG","2","Smart Agriculture and AI","Agricultural and Biological Sciences","Life Sciences","1","0"
"W7160648894","10.3390/su18104693","2026","article","Current Trends in Food Safety: Digital and Predictive Approaches Toward Sustainable Food Systems","Sustainability","journal","Filiberto Zazueta-Vega","12","MX","4","Food Supply Chain Traceability","Agricultural and Biological Sciences","Life Sciences","1","1"
"W3138322277","10.1002/agj2.20659","2021","article","Bayesian hybrid analytics for uncertainty analysis and real‐time crop management","Agronomy Journal","journal","Esther D. Meenken","9","NZ","10","Climate change impacts on agriculture","Agricultural and Biological Sciences","Life Sciences","1","1"
"W3084969548","10.3303/cet1975005","2019","article","Novel Equipment for Food Quality Control: an Iot Nanowire Gas Sensors Array","Chemical engineering transactions","journal","Marco Abbatangelo","3","","6","Advanced Chemical Sensor Technologies","Engineering","Physical Sciences","1","0"
"W4402487605","10.3389/fanim.2024.1421299","2024","article","A key-feature-based clustering approach to assess the impact of technology integration on cow health in Austrian dairy farms","Frontiers in Animal Science","journal","Caspar Matzhold","5","AT;SE","5","Animal Behavior and Welfare Studies","Veterinary","Health Sciences","1","1"
"W4411275444","10.22219/kinetik.v10i3.2264","2025","article","Collaborative Filtering Modification Technology for Recommendation Systems in Smart Digital Agribusiness Marketplace","Kinetik Game Technology Information System Computer Network Computing Electronics and Control","journal","Setya Budi Arif Prabowo","3","ID","0","E-commerce and Technology Innovations","Business, Management and Accounting","Social Sciences","1","1"
"W4411051154","10.1016/j.compag.2025.110517","2025","article","Navigating the Labyrinth of heat stress assessment in dairy cattle: A comprehensive review of methods and emerging technologies","Computers and Electronics in Agriculture","journal","Arunasalam Singaravadivelan","12","IN","5","Effects of Environmental Stressors on Livestock","Agricultural and Biological Sciences","Life Sciences","0","0"
"W7170032226","10.3389/fagro.2026.1902177","2026","article","Digital innovations in climate-smart agriculture: a review of technologies for climate adaptation and resilience with implications for Sub-Saharan Africa","Frontiers in Agronomy","journal","Adetomiwa Kolapo","2","NG;ZA","1","Smart Agriculture and AI","Agricultural and Biological Sciences","Life Sciences","1","1"
"W7126032022","10.1016/j.sftr.2026.101702","2026","article","The role of digitalisation in supporting farmers and strategic policies for food security and sustainability in Europe: A review","Sustainable Futures","journal","Giri Prasad Kandel","6","CZ;CY","4","Smart Agriculture and AI","Agricultural and Biological Sciences","Life Sciences","1","1"
"W4408125617","10.55248/gengpi.6.0225.0927","2025","article","Advancing Food Preservation Techniques for Enhanced Shelf Life, Safety, and Nutritional Retention Through Innovation","International Journal of Research Publication and Reviews","journal","Olaide Zainab Fadahunsi","1","NG","4","Food Waste Reduction and Sustainability","Agricultural and Biological Sciences","Life Sciences","1","0"
"W4414715557","10.1016/j.agsy.2025.104518","2025","article","Responsible scaling in regional agricultural innovation systems: A network-based analytical framework","Agricultural Systems","journal","Min Duan","5","CN","9","University-Industry-Government Innovation Models","Business, Management and Accounting","Social Sciences","0","0"
"W7169886211","10.14719/pst.13575","2026","article","A machine learning-based smart crop yield prediction for selecting the best crop under specific climate and soil conditions","Plant Science Today","journal","Rhowel M. Dellosa","1","MY;PH","0","Smart Agriculture and AI","Agricultural and Biological Sciences","Life Sciences","1","1"
"W7160767189","10.29117/sbe.2025.0166","2026","article","DANCING WITH AI: TOWARD A FRAMEWORK FOR UNDERSTANDING HOW EMERGING MARKET ENTREPRENEURS INTEGRATE GENERATIVE ARTIFICIAL INTELLIGENCE WITH EFFECTUAL DECISION-MAKING","Studies in Business and Economics","journal","Hamza El Guili","1","","0","AI in Service Interactions","Computer Science","Physical Sciences","1","1"
"W3207958559","10.3390/app11209383","2021","article","A Combined Forecasting System Based on Modified Multi-Objective Optimization for Short-Term Wind Speed and Wind Power Forecasting","Applied Sciences","journal","Qingguo Zhou","3","CN","8","Energy Load and Power Forecasting","Engineering","Physical Sciences","1","1"
"W7163673041","10.1108/jadee-08-2025-0350","2026","article","Enhancing agricultural commodity road freight price forecasting using machine learning techniques","Journal of Agribusiness in Developing and Emerging Economies","journal","Andréa Leda Ramos de Oliveira","3","BR;DK","0","Urban and Freight Transport Logistics","Engineering","Physical Sciences","1","1"
"W7154514233","10.1016/j.atech.2026.102114","2026","article","Field-scale rice yield prediction using UAV imagery and machine learning in a developing country context","Smart Agricultural Technology","journal","Sagar Rana","6","NP","0","Remote Sensing in Agriculture","Environmental Science","Physical Sciences","1","1"
"W4400900710","10.57020/ject.1460995","2024","article","Metaverse for Enhancing Animal Welfare - Leveraging Sensor Technology and Ethical Considerations","Journal of Emerging Computer Technologies","journal","Suresh Raja Neethirajan","1","CA","3","Virtual Reality Applications and Impacts","Computer Science","Physical Sciences","1","0"
"W7114917287","10.22004/ag.econ.378999","2025","article","Forecasting for Food Price Inflation Using Machine Learning Methodology: Expansion on FRED-MD","AgEcon Search (University of Minnesota, USA)","repository","Yan, Hongqiang","3","","0","Forecasting Techniques and Applications","Decision Sciences","Social Sciences","1","0"
"W7117716043","10.3168/jds.2025-27218","2025","article","Evaluation of machine learning predictions for early reproductive success in commercial US dairies","Journal of Dairy Science","journal","Brenda C. Fessenden","6","US","0","Reproductive Physiology in Livestock","Agricultural and Biological Sciences","Life Sciences","1","1"
"W4410036202","10.3390/su17094133","2025","article","From Attachment to Action: Consumer Identification and the Sustainable Buying of Rural Brand Products Like “Pită de Pecica”","Sustainability","journal","Anca Mihaela Dicu","9","RO","6","Consumer Retail Behavior Studies","Business, Management and Accounting","Social Sciences","1","1"
"W4411656955","10.38204/tematik.v12i1.2332","2025","article","Penerapan Convolutional Neural Network (CNN) untuk Klasifikasi Kualitas Beras sebagai Strategi Peningkatan Keamanan Pangan di Indonesia","TEMATIK","journal","Ade Bastian","7","ID","0","Data Mining and Machine Learning Applications","Computer Science","Physical Sciences","1","0"
"W7118541210","10.1007/s44187-025-00777-w","2026","article","Ai and IoT are no longer limited to high-tech labs but are improving nutrition-focused agricultural farming","Discover Food","journal","Madhav Dhakal","4","IN","5","Smart Agriculture and AI","Agricultural and Biological Sciences","Life Sciences","1","0"
"W7214713065","10.1093/jas/skag272.043","2026","article","367. Multi-modal Machine Learning for the Early Detection of Subclinical Ketosis in Dairy Cattle.","Journal of Animal Science","journal","Rafael Ferreira","2","US","0","Reproductive Physiology in Livestock","Agricultural and Biological Sciences","Life Sciences","1","1"
"W4401927767","10.59613/global.v2i5.149","2024","article","Utilizing Advanced Agricultural Technology for Sustainable Agribusiness Development: Case Studies and Future Directions","Global International Journal of Innovative Research","journal","Harun Al Rasyid","5","ID","0","Smart Agriculture and AI","Agricultural and Biological Sciences","Life Sciences","1","0"
"W7172220703","10.21776/ub.habitat.2026.037.2.7","2026","article","Developing Websites to Optimize Digital Marketing and Increase the Competitiveness of Small and Micro Agribusiness Enterprises","HABITAT","journal","Sultan Zaky","4","ID;UA","0","Information Retrieval and Data Mining","Computer Science","Physical Sciences","1","0"
"W7162579838","10.5424/sjar/2026241-21688","2026","article","Predicting prices and boosting digitalization to reinforce the farmer position in the agrifood value chain: Huelva strawberry case, Spain","Spanish Journal of Agricultural Research","journal","Blanca Lucena-Cobos","2","ES","0","Smart Agriculture and AI","Agricultural and Biological Sciences","Life Sciences","1","1"
"W7108218391","10.14569/ijacsa.2025.0161196","2025","article","Ensuring End-to-End Traceability and Sustainability in the FSC: A Modular Web3 Architecture Integrating Blockchain, IoT, and Machine Learning","International Journal of Advanced Computer Science and Applications","journal","Addou Kamal","2","MA","0","Blockchain Technology Applications and Security","Computer Science","Physical Sciences","1","1"
"W4412733494","10.1007/s44279-026-00619-y","2026","article","Simulation-augmented machine learning characterization of thermotolerance in White Fulani crossbred dairy cows","Discover Agriculture","journal","M. Aliyu","6","NG;ZA;IQ","0","Effects of Environmental Stressors on Livestock","Agricultural and Biological Sciences","Life Sciences","1","1"
"W7204151044","10.1038/s41598-026-66106-y","2026","article","Multi-color space feature engineering combined with deep learning for rapid non-destructive detection of added water in pomegranate juice","Scientific Reports","journal","Mohammad Hossein Nargesi","3","IR","0","Spectroscopy and Chemometric Analyses","Chemistry","Physical Sciences","1","0"
"W7171491491","10.1016/j.atech.2026.102445","2026","article","SADSS-Tobacco: A predictive deep learning decision-support framework for yield forecasting and leaf-stress detection in Zimbabwe’s tobacco production","Smart Agricultural Technology","journal","Ngonidzashe Jongwe","2","ZW;IN","0","Smart Agriculture and AI","Agricultural and Biological Sciences","Life Sciences","1","1"
"W4393158774","10.3390/fi16040111","2024","article","A Novel Edge Platform Streamlining Connectivity between Modern Edge Devices and the Cloud","Future Internet","journal","Anderson Luiz De Carvalho","3","IE","6","IoT and Edge/Fog Computing","Computer Science","Physical Sciences","1","1"
"W4410865961","10.9734/jsrr/2025/v31i63121","2025","article","From Brainwaves to Buying Behavior: Applications of Non-invasive Neuromarketing Approaches to Food Choice","Journal of Scientific Research and Reports","journal","Sachin Rathour","8","IN","2","Neuroscience, Education and Cognitive Function","Neuroscience","Life Sciences","1","1"
"W4415995791","10.31083/jfsfq42885","2025","article","Enhancement of Hygiene and Safety in the Food Industry Through Digitalization With Blockchain Technology","Archiv für Lebensmittelhygiene","journal","İrem KILINÇ","4","TR","2","Food Supply Chain Traceability","Agricultural and Biological Sciences","Life Sciences","1","1"
"W4406053527","10.31579/2637-8914/262","2024","article","The Impact of Technology on Food Product Development","Nutrition and Food Processing","journal","Neelesh Kumar Maurya","1","IN","2","Global Trade and Competitiveness","Business, Management and Accounting","Social Sciences","1","1"
"W2947422564","10.5210/ojphi.v11i1.9821","2019","article","Potential Applications of Emerging Technologies in Disease Surveillance","Online Journal of Public Health Informatics","journal","Jay Huang","2","US","6","Data-Driven Disease Surveillance","Medicine","Health Sciences","1","1"
"W4396703170","10.1002/cpe.8136","2024","review","Information and communication technology in smart agriculture: A scientometric review","Concurrency and Computation Practice and Experience","journal","Kirti Bala","2","IN","5","Smart Agriculture and AI","Agricultural and Biological Sciences","Life Sciences","1","0"
"W7202282483","10.1108/jadee-04-2026-0250","2026","article","Forecasting black pepper prices in India: a comparison of time series and machine learning models","Journal of Agribusiness in Developing and Emerging Economies","journal","Shripad Bhat","3","IN","0","Stock Market Forecasting Methods","Decision Sciences","Social Sciences","1","1"
"W4406890636","10.1109/ojies.2025.3533663","2025","article","Automated Cattle Monitoring System for Calving Time Prediction Using Trajectory Data Embedded Time Series Analysis","IEEE Open Journal of the Industrial Electronics Society","journal","Wai Hnin Eaindrar Mg","6","JP","9","Advanced Sensor and Control Systems","Engineering","Physical Sciences","1","1"
"W7168048723","10.9734/jsrr/2026/v32i74346","2026","article","A Comparative Study of Linear and Machine Learning Models for Wheat Price Forecasting in Gujarat, India","Journal of Scientific Research and Reports","journal","Sohilali R Saiyad","3","IN","0","Stock Market Forecasting Methods","Decision Sciences","Social Sciences","1","0"
"W7115945486","10.1007/s10479-025-06914-z","2025","article","A hybrid machine learning and whale optimization algorithm for designing resilient and robust meat supply chains under uncertainty","Annals of Operations Research","journal","He Ping","1","CN","0","Supply Chain Resilience and Risk Management","Business, Management and Accounting","Social Sciences","0","0"
"W4408702029","10.25165/j.ijabe.20241706.6344","2024","article","Fine-tuning faster region-based convolution neural networks for detecting poultry feeding behaviors","International journal of agricultural and biological engineering","journal","Xue Hui","5","CN;US","0","Animal Nutrition and Physiology","Agricultural and Biological Sciences","Life Sciences","1","1"
"W4323343255","10.13031/aea.15242","2023","article","A Comparative Study of Recognition Models Based on Fine-Tuning 3D CNNs for Farming Behaviors","Applied Engineering in Agriculture","journal","Shibin No Su","3","","2","Smart Agriculture and AI","Agricultural and Biological Sciences","Life Sciences","1","1"
"W7203762391","10.1007/s11947-026-04530-8","2026","article","Artificial Intelligence–Assisted Near Infrared Spectroscopy for Dynamic Process Monitoring and Control in the Food Industry: Current Advances, Challenges, and Future Perspectives","Food and Bioprocess Technology","journal","Kubra Guven","5","TR","0","Spectroscopy and Chemometric Analyses","Chemistry","Physical Sciences","0","0"
"W3110461945","10.1166/jctn.2020.9182","2020","article","Decision Making of Suitable Crops Based on Nitrogen, Phosphorous, Potassium Ratios Using Deep Neural Networks","Journal of Computational and Theoretical Nanoscience","journal","K. Ashok Kumar","4","IN","0","Smart Agriculture and AI","Agricultural and Biological Sciences","Life Sciences","1","1"
"W4411878102","10.3390/app15137395","2025","article","Diagnosis by SAM Linked to Machine Vision Systems in Olive Pitting Machines","Applied Sciences","journal","Luis Villanueva Gandul","5","ES","3","Industrial Vision Systems and Defect Detection","Engineering","Physical Sciences","1","0"
"W7197995101","","2024","article","The development and usability test of an automated fish counting system based on convolutional neural network and contrast limited histogram equalization","UMS Institutional Repository (Universiti Malaysia Sabah)","repository","Jing Mei Leong","6","","0","Water Quality Monitoring Technologies","Environmental Science","Physical Sciences","1","1"
"W4408092019","10.70445/gjeac.1.2.2025.73-94","2025","article","Revolutionizing Healthcare, Cyber security, and Food Systems: The Power of AI, Deep Learning, and Robotics for a Sustainable Future","Global Journal of Emerging AI and Computing","journal","Bimalendu Pendy","1","","0","COVID-19 Pandemic Impacts","Economics, Econometrics and Finance","Social Sciences","1","1"
"W7162021609","10.1007/s11694-026-04491-8","2026","article","Rapid electronic sensing technologies for ensuring food safety against pesticide residues: a comprehensive review","Journal of Food Measurement & Characterization","journal","Ahmet Aytuğ Ayrancı","2","TR","2","Advanced Chemical Sensor Technologies","Engineering","Physical Sciences","1","0"
"W7196933562","10.1016/j.colsurfa.2026.141489","2026","article","An superlow-cost bacterial cellulose-based humidity sensor integrated with machine learning for real-time monitoring of fruit freshness","Colloids and Surfaces A Physicochemical and Engineering Aspects","journal","Junqin Mao","2","CN","0","Nanocomposite Films for Food Packaging","Materials Science","Physical Sciences","0","0"
"W7166435883","10.3390/agriculture16131408","2026","article","Potato-Free: Eliminating Model Training for Disease Detection and Localization in Potato Tubers","Agriculture","journal","Konstantinos Gkountakos","6","GR","1","Smart Agriculture and AI","Agricultural and Biological Sciences","Life Sciences","1","0"
"W7212317401","10.1016/j.foodchem.2026.151070","2026","article","Data challenges and metrological approaches in the agrifood supply chain: Data accuracy, data availability, and data privacy issues","Food Chemistry","journal","Emilia Pucci","5","IT","0","Privacy-Preserving Technologies in Data","Computer Science","Physical Sciences","1","1"
"W4416932499","10.56808/2985-1130.3937","2025","article","Climate and non-genetic effects on goat milk quality and casein prediction using machine learning","The Thai Journal of Veterinary Medicine","journal","İbrahima Mahamane Abdourhamane","2","CY","0","Milk Quality and Mastitis in Dairy Cows","Agricultural and Biological Sciences","Life Sciences","1","1"
"W4417449301","10.1038/s41598-025-25366-w","2025","article","Sustainable supply chain management using Bi-GRU network optimized by hybrid maritime search and rescue algorithm","Scientific Reports","journal","Zhenjie Li","1","AU","1","Food Supply Chain Traceability","Agricultural and Biological Sciences","Life Sciences","1","1"
"W7120134318","10.5281/zenodo.18193293","2026","article","Automated Classification of Target Spot (Corynespora cassiicola) in Soybean Crops Using Hu Moments and Machine Learning","Zenodo (CERN European Organization for Nuclear Research)","repository","Juliano Aragão","1","","0","Smart Agriculture and AI","Agricultural and Biological Sciences","Life Sciences","1","1"
"W4408211351","10.1080/03036758.2025.2470423","2025","article","The Kaitiaki Intelligence Platform: conceptual foundations for an indigenous environmental sensing network","Journal of the Royal Society of New Zealand","journal","John D. Reid","5","NZ","4","Geographic Information Systems Studies","Social Sciences","Social Sciences","1","0"
"W7119779474","10.5281/zenodo.18193292","2026","article","Automated Classification of Target Spot (Corynespora cassiicola) in Soybean Crops Using Hu Moments and Machine Learning","Zenodo (CERN European Organization for Nuclear Research)","repository","Juliano Aragão","1","","0","Smart Agriculture and AI","Agricultural and Biological Sciences","Life Sciences","1","1"
"W4396833030","10.33545/26180723.2024.v7.i5b.601","2024","article","Farming in the digital age: Unleashing the power of farming as a service (FaaS)","International Journal of Agriculture Extension and Social Development","journal","Trishita Banik","2","IN","1","Food Supply Chain Traceability","Agricultural and Biological Sciences","Life Sciences","1","1"
"W7160066231","10.1155/jfpp/2750185","2026","article","Determination of the Geographical Origin of Vinh Linh Black Pepper Using a Combination of FT‐NIR Spectroscopy, Machine Learning Algorithms, and Variable Selection Techniques","Journal of Food Processing and Preservation","journal","Tuấn Phúc Lê","6","VN","0","Spectroscopy and Chemometric Analyses","Chemistry","Physical Sciences","1","0"
"W7171093058","10.1016/j.ijbiomac.2026.153624","2026","article","Cellulose nanofiber-based dual-modal biosensor and machine learning-assisted electrochemical detection of paraoxon in food","International Journal of Biological Macromolecules","journal","Benjawan Somchob","10","TH;US","0","Electrochemical sensors and biosensors","Engineering","Physical Sciences","0","0"
"W4393008792","10.32985/ijeces.15.3.3","2024","article","Artificial Bee Colony Algorithm-based Feature Selection and Hybrid ML Framework for Efficient Rice Yield Prediction","International journal of electrical and computer engineering systems","journal","Manasa Chitradurga Manjunath","2","BD;IN","3","Smart Agriculture and AI","Agricultural and Biological Sciences","Life Sciences","1","1"
"W4417093041","10.1016/j.atech.2026.102145","2026","article","Developing and integrating trust modeling into multi-objective reinforcement learning for intelligent agricultural management","Smart Agricultural Technology","journal","Zhaoan Wang","5","US","4","Smart Agriculture and AI","Agricultural and Biological Sciences","Life Sciences","1","1"
"W4410973705","10.2478/rtuect-2025-0010","2025","article","Blockchain Technology Applications for Decarbonization: A Bibliometric Review","Environmental and Climate Technologies","journal","Anete Kalniņa","3","LV","1","Blockchain Technology Applications and Security","Computer Science","Physical Sciences","1","1"
"W4414136649","10.30574/ijsra.2025.16.3.2565","2025","article","IOT-Driven Smart farming: Enhancing mushroom cultivation with environmental control and image-based disease detection","International Journal of Science and Research Archive","journal","Raghu kumar B S","5","","2","Fungal Biology and Applications","Medicine","Health Sciences","1","1"
"W4381847947","10.1016/j.heliyon.2023.e17489","2023","article","Data driven analysis of social capital in Farmer Producer Companies","Heliyon","journal","Aishwarya Jayaraman","4","IN","7","Agricultural Innovations and Practices","Agricultural and Biological Sciences","Life Sciences","1","0"
"W4398142760","10.3390/rs16101815","2024","article","Integrating Climate and Satellite Data for Multi-Temporal Pre-Harvest Prediction of Head Rice Yield in Australia","Remote Sensing","journal","Allister Clarke","7","AU","7","Rice Cultivation and Yield Improvement","Agricultural and Biological Sciences","Life Sciences","1","1"
"W4417299113","10.1016/j.asoc.2025.114438","2025","article","Leveraging latent space representations for accurate wind power prediction","Applied Soft Computing","journal","S. Manickam","2","IN","1","Energy Load and Power Forecasting","Engineering","Physical Sciences","0","0"
"W4400463929","10.52783/cana.v31.946","2024","article","Smart Solutions for Sustainable Agriculture: Design and Development of IoT-Powered Soil Health Identification Systems","Communications on Applied Nonlinear Analysis","journal","Ritu Raj Sondhiya","1","IN","4","Smart Agriculture and AI","Agricultural and Biological Sciences","Life Sciences","1","0"
"W7163924061","10.5370/kiee.2026.75.6.1383","2026","article","Development of a Deep Learning-Based Non-contact System for Sow Farrowing Status Classification Using Multiple Instance Learning","The Transactions of The Korean Institute of Electrical Engineers","journal","Hyeong-sik Won","2","","0","Animal Behavior and Welfare Studies","Veterinary","Health Sciences","1","1"
"W4416570353","10.20935/acadeng8009","2025","article","Integrating 3D printing, IoT, and AI for precision agriculture: automated sensing and smart farming applications","Academia Engineering","journal","Mrutyunjay Padhiary","1","IN","3","Smart Agriculture and AI","Agricultural and Biological Sciences","Life Sciences","1","1"
"W4392005816","10.1016/j.atech.2024.100418","2024","article","Summarizing soil chemical variables into homogeneous management zones – case study in a specialty coffee crop","Smart Agricultural Technology","journal","César de Oliveira Ferreira Silva","9","BR","9","Soil Geostatistics and Mapping","Environmental Science","Physical Sciences","1","1"
"W4407158021","10.1016/j.atech.2025.100827","2025","article","Precision livestock farming applied to the dairy sector: 50 years of history with a text mining and topic analysis approach","Smart Agricultural Technology","journal","Lucia Trapanese","7","IT","9","Food Supply Chain Traceability","Agricultural and Biological Sciences","Life Sciences","1","1"
"W4361276501","10.3390/w15071340","2023","article","Integrating Remote Sensing, Proximal Sensing, and Probabilistic Modeling to Support Agricultural Project Planning and Decision-Making for Waterlogged Fields","Water","journal","Benjamin Bukombe","5","HU","8","Flood Risk Assessment and Management","Environmental Science","Physical Sciences","1","1"
"W4388264200","10.22533/at.ed.2163292323104","2023","article","Key elements for a process of disseminating 4.0 technologies in agribusiness: a case study with projects involving rural producers","Scientific Journal of Applied Social and Clinical Science","journal","Isabela Mendes Gaya Lopes dos Santos","3","","0","University-Industry-Government Innovation Models","Business, Management and Accounting","Social Sciences","1","0"
"W7172283717","10.1080/87559129.2026.2711120","2026","article","Serum-Free Media Development Strategies for Cultivated Meat: A Machine Learning-Assisted Systematic Scoping Review","Food Reviews International","journal","Bruna Anzà","5","IT","0","Agriculture Sustainability and Environmental Impact","Environmental Science","Physical Sciences","1","0"
"W4381002929","10.5281/zenodo.8049961","2021","article","A REVIEW ON PRECISION AGRICULTURE FOR SUSTAINABLE LIVING","Zenodo (CERN European Organization for Nuclear Research)","repository","K. Syamala Devi","2","","1","Smart Agriculture and AI","Agricultural and Biological Sciences","Life Sciences","1","1"
"W4416232511","10.9734/arja/2025/v18i4773","2025","article","Boundary Drivers and Market-Centered Expansion in Agribusiness: Integrative Review of Technological, Institutional and Policy Trends","Asian Research Journal of Agriculture","journal","Jenalyn D. Candontol","3","PH","0","Agriculture, Land Use, Rural Development","Agricultural and Biological Sciences","Life Sciences","1","1"
"W4391138003","10.32417/1997-4868-2024-23-12-122-134","2024","article","The model of modernization of conceptual approaches of state regulation of the agro-food market of the region","Agrarian Bulletin of the","journal","Vladimir Vasil'evich Kuznecov","2","RU","1","Food Industry and Aquatic Biology","Agricultural and Biological Sciences","Life Sciences","1","1"
"W4391721166","10.32718/nvlvet-e10202","2024","article","Features of the development of the agricultural marketing system using information technologies","Scientific Messenger of LNU of Veterinary Medicine and Biotechnologies","journal","Oleksandr Stepanyuk","4","UA","1","Digitalization and Economic Development in Agriculture","Business, Management and Accounting","Social Sciences","1","0"
"W4291915081","10.3390/rs14163968","2022","article","Exploring Transferable Techniques to Retrieve Crop Biophysical and Biochemical Variables Using Sentinel-2 Data","Remote Sensing","journal","Mahlatse Kganyago","3","ZA","11","Remote Sensing in Agriculture","Environmental Science","Physical Sciences","1","1"
"W7204158910","10.56557/jogae/2026/v18i311028","2026","review","Precision Farming for Sustainable and Efficient Agribusiness in India: A Critical Narrative Review with Descriptive Evidence Synthesis","Journal of Global Agriculture and Ecology","journal","Divya Bollagani","3","IN","0","Smart Agriculture and AI","Agricultural and Biological Sciences","Life Sciences","1","1"
"W4390741627","10.17148/iarjset.2023.101224","2023","article","Using Machine Learning tools and Techniques, Genetic Disease Analysis Prediction on agriculture crops using AI & ML","IARJSET","journal","Adlin Jebakumari S","2","IN","0","Smart Agriculture and AI","Agricultural and Biological Sciences","Life Sciences","1","1"
"W7213557348","10.1002/fsn3.72312","2026","article","Detection of Frost‐Damaged Maize Kernels for Food Quality Screening Using Hyperspectral Imaging and 2D ‐ COS ‐Assisted Deep Learning","Food Science & Nutrition","journal","Jiaxuan Nan","8","CN","0","Spectroscopy and Chemometric Analyses","Chemistry","Physical Sciences","1","1"
"W4410200098","10.1016/j.aquaeng.2025.102559","2025","article","Exploring new frontiers: Current status and future research directions for AIoT application in shrimp farming in the Vietnamese Mekong delta","Aquacultural Engineering","journal","Tan Duy Le","8","VN;AU","5","Water Quality Monitoring Technologies","Environmental Science","Physical Sciences","0","0"
"W7162318802","10.3390/agriculture16111159","2026","article","BerryFlowerNet: A Customized Convolutional Neural Network for Blueberry Flower Cluster Detection and Flowering Stage Prediction with a Field Phenotyping Robot","Agriculture","journal","Chenjiao Tan","4","US","0","Smart Agriculture and AI","Agricultural and Biological Sciences","Life Sciences","1","1"
"W7201834757","10.3389/fsufs.2026.1916378","2026","article","Artificial intelligence for food security or digital inequality? Quantifying the global trade-offs between agricultural productivity, social inclusion, sustainable livelihoods, and responsible land stewardship","Frontiers in Sustainable Food Systems","journal","Moussa El Jarroudi","1","BE","0","Smart Agriculture and AI","Agricultural and Biological Sciences","Life Sciences","1","0"
"W7162679103","10.3390/app16115379","2026","article","Predictive Modelling of Performance Efficiency Factor in Broiler Production Using Tree-Based Machine Learning Methods","Applied Sciences","journal","Duanne Engelbrecht","4","ZA;FR","0","Animal Nutrition and Physiology","Agricultural and Biological Sciences","Life Sciences","1","1"
"W4414679726","10.1016/j.rse.2025.115051","2025","article","Breaking the limitations of scenes and sensors variability: A novel unsupervised domain adaptive instance segmentation framework for agricultural field extraction","Remote Sensing of Environment","journal","Wei Zhong Ren","9","CN;US","7","Domain Adaptation and Few-Shot Learning","Computer Science","Physical Sciences","1","1"
"W4409746875","10.3389/fvets.2025.1575525","2025","article","Research on the prediction model of mastitis in dairy cows based on time series characteristics","Frontiers in Veterinary Science","journal","Rui Guo","3","CN","14","Milk Quality and Mastitis in Dairy Cows","Agricultural and Biological Sciences","Life Sciences","1","1"
"W4387428470","10.1007/s10660-023-09762-w","2023","article","Information-technology-driven platform operations for agricultural products","Electronic Commerce Research","journal","Yiwen Bian","5","CN;US","1","Food Industry and Aquatic Biology","Agricultural and Biological Sciences","Life Sciences","0","0"
"W2969387713","10.1093/jas/skz274","2019","article","Boosted trees to predict pneumonia, growth, and meat percentage of growing-finishing pigs1","Journal of Animal Science","journal","Herman Mollenhorst","5","NL","11","Animal Behavior and Welfare Studies","Veterinary","Health Sciences","1","1"
"W4416939597","10.1016/j.compag.2025.111276","2025","article","Dielectric feature-driven dual prediction of moisture content and bulk density for rice quality assessment","Computers and Electronics in Agriculture","journal","Necati Çetin","4","TR;GB","2","Soil Moisture and Remote Sensing","Environmental Science","Physical Sciences","0","0"
"W4410294041","10.33003/fjs-2025-0904-3562","2025","article","LEVERAGING MACHINE LEARNING TECHNIQUES FOR THE PREDICTION AND ENHANCEMENT OF FOOD SAFETY STANDARDS IN NIGERIA: A DATA-DRIVEN APPROACH TO IDENTIFYING AND MITIGATING CONTAMINATION RISKS","FUDMA Journal of Sciences","journal","Abayomi Opeoluwa Kehinde","3","","0","Food Safety and Hygiene","Agricultural and Biological Sciences","Life Sciences","1","1"
"W3212765778","10.1002/agg2.20207","2021","article","Relating topography and soil phosphorus distribution in litter‐amended pastures in Arkansas","Agrosystems Geosciences & Environment","journal","Kabindra Adhikari","5","US","8","Soil and Water Nutrient Dynamics","Environmental Science","Physical Sciences","1","1"
"W4398161185","10.1080/15427528.2024.2355249","2024","article","Enhancing agriculture production through smart assessment of soil nutrients","Journal of Crop Improvement","journal","Kedar Purohit","3","IN","5","Smart Agriculture and AI","Agricultural and Biological Sciences","Life Sciences","1","1"
"W7141126425","10.5281/zenodo.19254774","2026","article","Human Resource Challenges In Agribusiness Firms Driven By Technology: Motivation And Job Satisfaction Among Agriculture Graduates: A Study","Zenodo (CERN European Organization for Nuclear Research)","repository","Mamata Ramesh Patil","1","","0","Cyberloafing and Workplace Behavior","Social Sciences","Social Sciences","1","1"
"W4400028051","10.1088/2634-4505/ad5bfc","2024","article","The nonlinear impact of climate change on inland waterway transportation in the Upper Mississippi—Illinois River Region","Environmental Research Infrastructure and Sustainability","journal","Zhenhua Chen","3","US","4","Maritime Ports and Logistics","Engineering","Physical Sciences","1","1"
"W4414036177","10.64820/aepjmldl.21.46.51.62025","2025","article","AgriConnect- Directly Connecting Farmers to Customers","Journal of Machine Learning and Deep Learning","journal","Pretty Diana Cyril","2","","1","Innovation and Socioeconomic Development","Business, Management and Accounting","Social Sciences","1","1"
"W4409207857","10.47392/irjaem.2025.0169","2025","article","Smart Farming - Precision Agriculture Using ML","International Research Journal on Advanced Engineering and Management (IRJAEM)","journal","Mrs. N. Madhavi","6","","1","Smart Agriculture and AI","Agricultural and Biological Sciences","Life Sciences","1","1"
"W4412818509","10.30955/gnj.07463","2025","article","A comprehensive study of predicting turmeric yield using remote sensing and machine learning based models in the Lower Bhavani Basin, Tamilnadu, India","Global NEST Journal","journal","","0","","0","Remote Sensing in Agriculture","Environmental Science","Physical Sciences","1","1"
"W4416028528","10.1016/j.compag.2025.111185","2025","article","Integrating tree-based machine learning with CROPWAT and ENSO for optimizing maize sowing dates in response to climate variability","Computers and Electronics in Agriculture","journal","Thanaporn Supriyasilp","1","TH","0","Climate change impacts on agriculture","Agricultural and Biological Sciences","Life Sciences","0","0"
"W2970269423","10.4236/am.2019.108050","2019","article","Short and Long-Term Time Series Forecasting Stochastic Analysis for Slow Dynamic Processes","Applied Mathematics","journal","Julián Antonio Pucheta","5","AR;US","2","Complex Systems and Time Series Analysis","Economics, Econometrics and Finance","Social Sciences","1","1"
"W7141766008","10.5281/zenodo.19254775","2026","article","Human Resource Challenges In Agribusiness Firms Driven By Technology: Motivation And Job Satisfaction Among Agriculture Graduates: A Study","Zenodo (CERN European Organization for Nuclear Research)","repository","Mamata Ramesh Patil","1","","0","Cyberloafing and Workplace Behavior","Social Sciences","Social Sciences","1","1"
"W4405410150","10.59581/jmk-widyakarya.v2i6.4256","2024","article","Penggunaan Machine Learning untuk Pelayanan Monitoring Kegiatan Pemanenan Kelapa Sawit pada Perusahaan PT BKI SSB","Jurnal Mahasiswa Kreatif","journal","Rio Anggala","2","ID","0","Management and Optimization Techniques","Business, Management and Accounting","Social Sciences","1","0"
"W4408489750","10.1016/j.est.2025.116208","2025","article","Numerical model for temperature identification in insulated boxes with phase change material cartridges","Journal of Energy Storage","journal","P. Duda","12","PL","2","Food Supply Chain Traceability","Agricultural and Biological Sciences","Life Sciences","0","0"
"W4408770554","10.3389/fsufs.2025.1464020","2025","article","Digital technologies commercially available in Germany in the context of nature conservation and ecosystem service provisioning in agriculture","Frontiers in Sustainable Food Systems","journal","Tsvetelina Krachunova","4","DE","6","Land Use and Ecosystem Services","Environmental Science","Physical Sciences","1","1"
"W4389284413","10.52783/tjjpt.v44.i4.1788","2023","article","The Power of Ai In Addressing The Challenges Faced By Indian Farmers In The Agriculture Sector: An Analysis","Journal of Propulsion Technology","journal","Ashishkumar Parejiya Ms. Pooja B. Gandhi","1","","10","Smart Agriculture and AI","Agricultural and Biological Sciences","Life Sciences","1","0"
"W4409082793","10.52783/cana.v32.4696","2025","article","Intelligent Food Waste Management in Supply Chains using Deep Dense Networks and Image Processing","Communications on Applied Nonlinear Analysis","journal","Nazia Mahammadrafiq Chilimattur","1","","1","Food Waste Reduction and Sustainability","Agricultural and Biological Sciences","Life Sciences","1","1"
"W7160388847","10.1016/j.ecoinf.2026.103804","2026","article","Operational early-warning forecasts of aquaculture water quality: Interpretable ML for TDS under walk-forward validation","Ecological Informatics","journal","Md. Abdullah Al Mamun Hridoy","8","BD;IT;DE;NO;ID;BR","5","Hydrological Forecasting Using AI","Environmental Science","Physical Sciences","1","1"
"W7160325667","10.1016/j.tifs.2026.105792","2026","article","Portable visual sensing platform integrated with smart phones: For on-site rapid detection of aflatoxins in food safety","Trends in Food Science & Technology","journal","Jiarong Liu","4","CN","3","Biosensors and Analytical Detection","Engineering","Physical Sciences","0","0"
"W2937844983","10.1093/af/vfz002","2019","article","Big (pig) data and the internet of the swine things: a new paradigm in the industry","Animal Frontiers","journal","Carlos Piñeiro","6","IE;JP","63","Food Supply Chain Traceability","Agricultural and Biological Sciences","Life Sciences","1","1"
"W4387827550","10.4314/tjs.v49i3.17","2023","article","Wind Speed Forecasting Using Wavelet Analysis and Recurrent Artificial Neural Networks Based on Local Measurements in Singida Region, Tanzania","Tanzania Journal of Science","journal","Rajabu Juma Mangara","2","TZ","0","Energy Load and Power Forecasting","Engineering","Physical Sciences","1","1"
"W7133749722","10.3390/foods15050882","2026","article","High Accuracy Quantification of Aflatoxin B1 via a Compact Smart Gas Sensing System Assisted by Dual-Branch Convolutional Neural Network","Foods","journal","Changyi Liu","6","CN","0","Advanced Chemical Sensor Technologies","Engineering","Physical Sciences","1","0"
"W4411390026","10.30574/wjaets.2025.15.3.1020","2025","article","Adopting the CATALYST Framework: A sociotechnical approach to business intelligence in agricultural SMEs in developing economies","World Journal of Advanced Engineering Technology and Sciences","journal","Sandeep Shrestha","4","","3","Big Data and Business Intelligence","Business, Management and Accounting","Social Sciences","1","1"
"W4409290921","10.3389/fvets.2025.1568715","2025","article","Cattle welfare assessment based on adaptive fuzzy logic and multimodal data fusion","Frontiers in Veterinary Science","journal","Lei Tong","4","CN","5","Animal Behavior and Welfare Studies","Veterinary","Health Sciences","1","1"
"W7148483973","10.1108/ejim-02-2025-0134","2026","article","AI in food product innovation and development: a Latin American empirical study in the coffee sector","European Journal of Innovation Management","journal","Juan Ernesto Pérez Pérez","1","CO","2","AI in Service Interactions","Computer Science","Physical Sciences","1","1"
"W7172552574","10.1002/jms.70100","2026","article","A Platform for High‐Throughput Chemical Analysis of Foods: Characterization of Extra Virgin Olive Oil by Direct Mass Spectrometry and Machine Learning","Journal of Mass Spectrometry","journal","Nandhini Sokkalingam","5","US","0","Edible Oils Quality and Analysis","Chemistry","Physical Sciences","1","0"
"W3128555755","10.1007/s42464-020-00078-0","2021","article","The use of Landsat-8 and Sentinel-2 imageries in detecting and mapping rubber trees","Journal of Rubber Research","journal","N. Yusof","3","MY","8","Remote Sensing in Agriculture","Environmental Science","Physical Sciences","0","0"
"W4404284127","10.32752/1993-6788-2024-1-279-87-95","2024","article","THE PLACE OF FOOD AND AGRO-FOOD SPHERES IN THE STRUCTURE OF THE ECONOMIC MANAGEMENT SYSTEM","Actual Problems of Economics","journal","Олег Володимирович Федірець","6","","1","Agriculture Market Analysis Ukraine","Agricultural and Biological Sciences","Life Sciences","1","1"
"W7130841311","10.1186/s40813-026-00495-4","2026","article","Uncovering biosecurity gaps: risk factors for PRRSV seropositivity in Costa Rican pig farms identified through machine learning","Porcine Health Management","journal","Ronald Meléndez-Arce","9","CR;NL","0","Animal Virus Infections Studies","Agricultural and Biological Sciences","Life Sciences","1","1"
"W4385430970","10.22271/maths.2023.v8.i4a.1098","2023","article","Time series forecasting of price for oilseed crops by combining ARIMA and ANN","International Journal of Statistics and Applied Mathematics","journal","Devra SJ","4","IN","4","Stock Market Forecasting Methods","Decision Sciences","Social Sciences","1","0"
"W7128599092","10.1016/j.jocs.2026.102808","2026","article","A Data Lake for the transition to healthy and sustainable dietary behavior","Journal of Computational Science","journal","Maria Serena Mirto","5","IT","1","Agriculture Sustainability and Environmental Impact","Environmental Science","Physical Sciences","1","1"
"W4240991321","10.21014/acta_imeko.v9i2.795","2020","article","Introducing Evja - ""Rugged"" Intelligent Support System for precision farming","ACTA IMEKO","journal","Niccolò Loret","3","IT","3","Smart Agriculture and AI","Agricultural and Biological Sciences","Life Sciences","1","1"
"W7139973875","10.1007/s00704-026-06105-1","2026","article","Responsible scaling of deep learning for sustainable apple disease prediction: an ensemble learning approach using LSTM, transformer, and temporal fusion transformer","Theoretical and Applied Climatology","journal","Ishana Attri","3","BD;IN","0","Smart Agriculture and AI","Agricultural and Biological Sciences","Life Sciences","0","0"
"W4408959766","10.7160/aol.2025.170101","2025","article","Precision Crop Farming Framework for Small-Scale Rainfed Agriculture Using UAV RGB High-Resolution Imagery","Agris on-line Papers in Economics and Informatics","journal","Basuti Gerty Bolo","3","BW","1","Land Use and Ecosystem Services","Environmental Science","Physical Sciences","1","1"
"W4401507829","10.1109/tgrs.2024.3442171","2024","article","Bayesian Joint Adaptation Network for Crop Mapping in the Absence of Mapping Year Ground-Truth Samples","IEEE Transactions on Geoscience and Remote Sensing","journal","Yijia Xu","3","US","5","Remote Sensing in Agriculture","Environmental Science","Physical Sciences","1","1"
"W4406246521","10.1080/02571862.2024.2420239","2024","article","Integrating seasonal forecast information with crop models to inform decision making in small-scale farming under climate variability","South African Journal of Plant and Soil","journal","Siyabusa Mkuhlani","4","BJ;CM;KE;NG;TZ;UG;ZA;US","1","Climate change impacts on agriculture","Agricultural and Biological Sciences","Life Sciences","1","1"
"W4412649216","10.70866/ors.2025.4.2.4","2025","article","Sustainable Development and the Metaverse : Opportunities and Challenges","Open Regional Studies","journal","Mengyu Liu","1","","1","Digital Transformation in Industry","Engineering","Physical Sciences","1","1"
"W4414159241","10.1016/j.clrc.2025.100330","2025","article","Ontologies relevant for improving data interoperability for food loss and waste: A review and research agenda","Cleaner and Responsible Consumption","journal","Matthew C Lange","11","US","4","Food Waste Reduction and Sustainability","Agricultural and Biological Sciences","Life Sciences","1","1"
"W4385327307","10.1016/j.animal.2023.100923","2023","article","Machine vision-based automatic lamb identification and drinking activity in a commercial farm","animal","journal","A. Alon","7","IL","10","Food Supply Chain Traceability","Agricultural and Biological Sciences","Life Sciences","1","1"
"W3023386007","","2020","article","A Novel Framework for Crop Pests and Disease Identification Using Social Media","Journal of the Association for Information Systems","journal","Giridhar Reddy Bojja","2","","2","Plant Virus Research Studies","Agricultural and Biological Sciences","Life Sciences","1","0"
"W4409701077","10.3390/agriculture15090920","2025","article","Optimising Farm Area Allocations Based on Soil Moisture Thresholds: A Comparative Study of Two Dairy Farms with Distinct Soil and Topographic Features","Agriculture","journal","Rumia Basu","4","IE","2","Agricultural Economics and Policy","Agricultural and Biological Sciences","Life Sciences","1","1"
"W4405945414","10.9734/air/2024/v25i61220","2024","article","Development of Intelligest Yield Estimation System for Dragon Fruit Orchard Based on Image Processing","Advances in Research","journal","Dnyaneshwar R. Chaudhari","4","IN","1","Smart Agriculture and AI","Agricultural and Biological Sciences","Life Sciences","1","1"
"W7201873992","10.82291/fh.2026.1240734","2026","article","Deep Learning-Based Detection of Aspergillus Colonies in Food Samples Using YOLOv11: A Rapid and Accurate Approach for Automated Fungal Contamination Monitoring","Food & Health","journal","Zahra  Rabiei","3","IR","0","Cell Image Analysis Techniques","Biochemistry, Genetics and Molecular Biology","Life Sciences","1","0"
"W4410899927","10.36956/rwae.v6i2.1525","2025","article","Research on the Innovation of Supply Chain Financial Management Model for Agricultural Enterprises in the Context of Smart Finance","Research on World Agricultural Economy","journal","Z. Yu","2","KR","1","Agricultural Development and Policies","Agricultural and Biological Sciences","Life Sciences","1","1"
"W4411349928","10.71465/fbg278","2025","article","Early Detection of Food Safety Hazards in Global Supply Chains Using Predictive Analytics","Frontiers in Biotechnology and Genetics","journal","Ellen Rose","3","AU","1","Food Safety and Hygiene","Agricultural and Biological Sciences","Life Sciences","1","0"
"W4415720734","10.3390/foods14213731","2025","article","Food Traceability System Design Incorporating AI Chatbots: Promoting Consumer Engagement with Prepared Foods","Foods","journal","Bingjie Lu","4","CN","2","Food Supply Chain Traceability","Agricultural and Biological Sciences","Life Sciences","1","0"
"W4410340911","10.1038/s41598-025-95069-9","2025","article","Innovative fast and low-cost method for the detection of living bacteria based on trajectory","Scientific Reports","journal","Paul Perronno","13","DE;FR","2","Cell Image Analysis Techniques","Biochemistry, Genetics and Molecular Biology","Life Sciences","1","0"
"W4407118378","10.1016/j.eja.2025.127524","2025","article","Bayesian calibration of management practices for a crop model implemented in a subsistence farming region","European Journal of Agronomy","journal","Diego Quintero","6","US","5","Climate change impacts on agriculture","Agricultural and Biological Sciences","Life Sciences","1","1"
"W4411616055","10.63282/3050-9416.ijaibdcms-v4i2p101","2023","article","Precision Agriculture and AI-Driven Smart Farming: Leveraging Big Data and IoT for Sustainable Food Production","International Journal of AI BigData Computational and Management Studies","journal","Victor Mendes","1","PT","2","Smart Agriculture and AI","Agricultural and Biological Sciences","Life Sciences","1","1"
"W4399540233","10.61186/jea.10.20.94","2024","article","Technological Trends in Smart Agriculture","Special publication.","journal","Fatemeh Hesabi","4","IR","2","Smart Agriculture and AI","Agricultural and Biological Sciences","Life Sciences","1","1"
"W4415071510","10.1016/j.atech.2025.101531","2025","article","Advancing calving time prediction using tail acceleration data: Comparative evaluation of transformer, hybrid CNN-transformer and LSTM-transformer models","Smart Agricultural Technology","journal","Jizheng Zhao","11","CN","3","Machine Fault Diagnosis Techniques","Engineering","Physical Sciences","1","1"
"W4412923441","10.9734/jsrr/2025/v31i73336","2025","article","Unveiling Digital Transformation in Agriculture: An Analytical Review of Strategic Shifts and Market Dynamics","Journal of Scientific Research and Reports","journal","Shubham Kumar","1","IN","1","Digitalization and Economic Development in Agriculture","Business, Management and Accounting","Social Sciences","1","1"
"W4417435310","10.1038/s41598-025-29254-1","2025","article","Forecasting cashew production in India using a hybrid machine learning framework with STL decomposition, ensemble methods, and global trade network analysis","Scientific Reports","journal","C Shinyclimensa","2","IN","0","Stock Market Forecasting Methods","Decision Sciences","Social Sciences","1","1"
"W7155617298","10.1016/j.foodcont.2026.112247","2026","article","THz spectroscopy - A non-invasive technique for quality assessment of agricultural products","Food Control","journal","Narendra Gariya","3","IN","1","Terahertz technology and applications","Engineering","Physical Sciences","0","0"
"W4408940517","10.3390/app15073663","2025","article","Evaluating the FLUX.1 Synthetic Data on YOLOv9 for AI-Powered Poultry Farming","Applied Sciences","journal","Stevan Čakić","5","ME;RS","3","Smart Agriculture and AI","Agricultural and Biological Sciences","Life Sciences","1","1"
"W4415614027","10.1016/j.atech.2025.101567","2025","article","Making optimal use of limited field-scale data for crop yield forecasting using transfer learning and Sentinel-1 and 2 data","Smart Agricultural Technology","journal","Emanuel Bueechi","7","AT;CZ","2","Climate change impacts on agriculture","Agricultural and Biological Sciences","Life Sciences","1","1"
"W7169573541","10.1016/j.atech.2026.102405","2026","review","Sentinel-2 for crop yield estimation: A systematic review","Smart Agricultural Technology","journal","Mohammadreza Narimani","4","US","1","Remote Sensing in Agriculture","Environmental Science","Physical Sciences","1","1"
"W4416901583","10.1016/j.cropd.2025.100127","2025","article","CropSynergy: Harnessing IoT solutions for smart and efficient crop management","Crop Design","journal","Md Sanzid Hossain Eyasin","5","BD","5","Smart Agriculture and AI","Agricultural and Biological Sciences","Life Sciences","1","1"
"W7201848558","10.1016/j.cej.2026.180440","2026","article","A colorimetric and photothermal dual-mode nanozyme platform: Multimodal deep learning guided real-time freshness sensing and predicting of aquatic products under challenging lighting conditions","Chemical Engineering Journal","journal","Jingqi Shen","8","CN;US","0","Advanced Nanomaterials in Catalysis","Materials Science","Physical Sciences","0","0"
"W4409378375","10.1016/j.eswa.2025.127605","2025","article","Automatic multiple-object tracking of farm livestock with improved MOTR","Expert Systems with Applications","journal","Hao Ma","5","CN","5","Video Surveillance and Tracking Methods","Computer Science","Physical Sciences","0","0"
"W4406082914","10.3389/fsufs.2024.1499973","2025","article","Synergistic integration of remote sensing and soil metagenomics data: advancing precision agriculture through interdisciplinary approaches","Frontiers in Sustainable Food Systems","journal","Bindu Ambaru","3","","21","Microbial Community Ecology and Physiology","Environmental Science","Physical Sciences","1","1"
"W2736053969","10.5897/ajar2017.12421","2017","article","Adapting Nyando smallholder farming systems to climate change and variability through modeling","African Journal of Agricultural Research","journal","Okando Recha Tobias","3","KE;IN","2","Climate change impacts on agriculture","Agricultural and Biological Sciences","Life Sciences","1","1"
"W4414420762","10.1016/j.atech.2025.101438","2025","article","A two-stage approach for lambing detection","Smart Agricultural Technology","journal","João Filipe Ferreira","3","PT","3","Industrial Vision Systems and Defect Detection","Engineering","Physical Sciences","1","1"
"W4412846177","10.1029/2024ef005799","2025","article","Five Lessons for Closing the Last Mile: How to Make Climate Decision Support Actionable","Earth s Future","journal","Kathy Baylis","10","US","2","Climate change impacts on agriculture","Agricultural and Biological Sciences","Life Sciences","1","1"
"W4402552649","10.61877/ijmrp.v2i9.189","2024","article","Exploring the Role of Food Safety Practices in Enhancing Sustainability within the Food Industry: A Comprehensive Analysis of Challenges, Opportunities, and Global Trends","International Journal for Multidimensional Research Perspectives","journal","Rapti Chatterjee","1","","2","Food Safety and Hygiene","Agricultural and Biological Sciences","Life Sciences","1","1"
"W4409263125","10.1016/j.atech.2025.100928","2025","article","“From data to fork” data-driven science inspired by policy initiatives for the promotion of smart agricultural technologies","Smart Agricultural Technology","journal","Alessia Cogato","2","IT;BE","1","Smart Agriculture and AI","Agricultural and Biological Sciences","Life Sciences","1","1"
"W4409760615","10.1371/journal.pone.0320979","2025","article","RETRACTED: N-Beats architecture for explainable forecasting of multi-dimensional poultry data","PLoS ONE","journal","Baljinder Kaur","7","IN;HR;TH;LB;NO","3","Food Supply Chain Traceability","Agricultural and Biological Sciences","Life Sciences","1","1"
"W4399882763","10.3390/agriengineering6020105","2024","article","Development of a Cross-Platform Mobile Application for Fruit Yield Estimation","AgriEngineering","journal","Brandon Duncan","4","US","7","Smart Agriculture and AI","Agricultural and Biological Sciences","Life Sciences","1","1"
"W4394017537","10.35429/jnas.2023.26.10.5.12","2023","article","Application for the detection of physiopathologies in blueberry crop","Journal of Natural and Agricultural Sciences","journal","Marisol Arroyo-Almaguer","1","","1","Plant Pathogens and Fungal Diseases","Biochemistry, Genetics and Molecular Biology","Life Sciences","1","1"
"W7119518104","10.3389/fsufs.2025.1709154","2026","article","Integrating agronomy into the framework of Sustainable Development Goals: a review","Frontiers in Sustainable Food Systems","journal","Dwaram Mrudula","2","IN","2","Indigenous Knowledge Systems and Agriculture","Agricultural and Biological Sciences","Life Sciences","1","1"
"W4409272303","10.1016/j.clcb.2025.100147","2025","article","Systematic evidence map of coffee agroecosystem management and biodiversity linkages in producing countries","Cleaner and Circular Bioeconomy","journal","Mukhlish Jamal Musa Holle","3","ID","4","Conservation, Biodiversity, and Resource Management","Environmental Science","Physical Sciences","1","1"
"W7117979874","10.3390/agriengineering8010011","2026","article","A Smart AIoT-Based Mobile Application for Plant Disease Detection and Environment Management in Small-Scale Farms Using MobileViT","AgriEngineering","journal","Mohamed Bahaa","4","EG","3","Smart Agriculture and AI","Agricultural and Biological Sciences","Life Sciences","1","1"
"W7140323593","10.1016/j.compag.2026.111615","2026","article","A scalable, end-to-end IoT and remote sensing platform for precision rangeland and livestock management","Computers and Electronics in Agriculture","journal","Mehmet E. Bakir","13","US","3","Rangeland and Wildlife Management","Environmental Science","Physical Sciences","1","1"
"W4413509383","10.1016/j.egyai.2025.100596","2025","article","Enhancing wind speed prediction in wind farms through ordinal classification","Energy and AI","journal","Antonio M. Gómez-Orellana","9","ES","4","Energy Load and Power Forecasting","Engineering","Physical Sciences","1","1"
"W7160037476","10.1007/s12571-026-01683-4","2026","article","Paradigm shifts in achieving global food security: toward a resilient and sustainable future","Food Security","journal","Shaokun Li","10","CN","2","Agriculture, Land Use, Rural Development","Agricultural and Biological Sciences","Life Sciences","0","0"
"W4394996004","10.56726/irjmets53755","2024","article","Applications of IoT in Agriculture using ML: Review","International Research Journal of Modernization in Engineering Technology and Science","journal","","0","","1","Smart Agriculture and AI","Agricultural and Biological Sciences","Life Sciences","1","1"
"W7135031487","10.1016/j.jinf.2026.106726","2026","article","Trends, antimicrobial resistance, and source attribution of Campylobacter jejuni and C. coli in Beijing: An 8-year molecular surveillance study","Journal of Infection","journal","Penghang Zhang","13","CN","1","Salmonella and Campylobacter epidemiology","Agricultural and Biological Sciences","Life Sciences","1","1"
"W4307986574","10.1111/exsy.13187","2022","article","RETRACTED: Adoption of blockchain + Internet of Things in demand forecasting of farm supply chain","Expert Systems","journal","Hao Wang","3","CN","2","Blockchain Technology Applications and Security","Computer Science","Physical Sciences","1","1"
"W4388407928","10.3390/socsci12110618","2023","article","Livelihood Changes, Spatial Anticontagion Policy Effects, and Structural Resilience of National Food Systems in a Sub-Saharan African Country Context: A Panel Machine Learning Approach","Social Sciences","journal","Stephen Frimpong","5","US;GH;IT","0","COVID-19 Pandemic Impacts","Economics, Econometrics and Finance","Social Sciences","1","0"
"W7170048912","10.3390/foods15142577","2026","article","Converting Food Waste into Value-Added Products: A Review on Current Technologies, Challenges, and Future Perspectives","Foods","journal","Antonietta Baiano","1","IT","1","Food Waste Reduction and Sustainability","Agricultural and Biological Sciences","Life Sciences","1","0"
"W7143298818","10.1111/jtxs.70075","2026","article","Rheological and Textural Studies in 3D Printed Meat Analogs From Pea Protein Isolate: A Review","Journal of Texture Studies","journal","Teh Ubaidah Noh","2","MY","1","Additive Manufacturing and 3D Printing Technologies","Engineering","Physical Sciences","1","0"
"W4407233567","10.26634/jic.12.2.21447","2024","article","Advancements and challenges in automatic milking systems: A comprehensive review","i-manager’s Journal on Instrumentation and Control Engineering","journal","T. Yamunarani","4","","1","Milk Quality and Mastitis in Dairy Cows","Agricultural and Biological Sciences","Life Sciences","1","1"
"W4408187191","10.3390/computation13030067","2025","article","MySTOCKS: Multi-Modal Yield eSTimation System of in-prOmotion Commercial Key-ProductS","Computation","journal","Cettina Giaconia","2","","1","Industrial Vision Systems and Defect Detection","Engineering","Physical Sciences","1","1"
"W4399389083","10.1080/01448765.2024.2364304","2024","article","Limitations and solutions for developing a grain yield and protein content forecasting model based on vegetation indices in organic wheat production – on-farm experimentation","Biological Agriculture & Horticulture","journal","Nóra Szigeti","8","HU","4","Crop Yield and Soil Fertility","Agricultural and Biological Sciences","Life Sciences","1","1"
"W4415254943","10.1016/j.geoderma.2025.117555","2025","article","Sustainable intensification: time to question the goal of ever-increasing agricultural production","Geoderma","journal","Gabriel Y.K. Moinet","16","NL","5","Agriculture Sustainability and Environmental Impact","Environmental Science","Physical Sciences","1","1"
"W7154729928","10.3389/fsufs.2026.1802974","2026","article","Unleashing the potential of agricultural productivity: the impact of supply chain innovation on the new quality productivity of agricultural enterprises","Frontiers in Sustainable Food Systems","journal","Fanhao Wu","3","CN","1","Supply Chain Resilience and Risk Management","Business, Management and Accounting","Social Sciences","1","0"
"W4416702232","10.1016/j.prevetmed.2025.106752","2025","article","AI-based automated weight prediction in cattle for herd health surveillance","Preventive Veterinary Medicine","journal","İsmail Kırbaş","1","TR","5","Animal Behavior and Welfare Studies","Veterinary","Health Sciences","0","0"
"W7168180909","10.1016/j.iot.2026.102026","2026","article","AI-driven sound and image analytics for IoT-enabled poultry welfare monitoring: a comprehensive review","Internet of Things","journal","Yaqian Zhang","5","CN;IR;US","1","Animal Nutrition and Physiology","Agricultural and Biological Sciences","Life Sciences","0","0"
"W4410627845","10.9734/ajaar/2025/v25i6632","2025","article","Analysis of the Current Status of Information Technology Application in High-Tech Agriculture in Vietnam: Practical Solutions and Futuristic Application","Asian Journal of Advances in Agricultural Research","journal","Đặng Hoàng Hà","1","VN","1","Technology and Security Systems","Computer Science","Physical Sciences","1","1"
"W7165786193","10.1016/j.seps.2026.102544","2026","article","Designing cost-effective and environmentally responsible saffron supply chains: A two-stage data-driven approach for public and service sector decision-making","Socio-Economic Planning Sciences","journal","Sajjad Kaheni","4","IR;AT","1","Food Waste Reduction and Sustainability","Agricultural and Biological Sciences","Life Sciences","0","1"
"W4394823473","10.55248/gengpi.5.0424.0952","2024","article","Smart Cities, Cleaner Tomorrow: AI-Powered Waste Solutions for Sustainable Urban Living","International Journal of Research Publication and Reviews","journal","Vishnu Vardhan","2","IN","3","Smart Cities and Technologies","Engineering","Physical Sciences","1","1"
"W4415379150","10.1186/s12917-025-04971-x","2025","article","Rediscovering local breeds of naturally free-range hens: a survey on Italian consumers’ awareness of hen welfare and egg purchasing behavior","BMC Veterinary Research","journal","Elena Gosso","8","IT","2","Animal Nutrition and Physiology","Agricultural and Biological Sciences","Life Sciences","1","1"
"W7127419152","10.1016/j.tifs.2026.105598","2026","article","Dietary fiber emulsifiers: Performance modulation, stabilization mechanisms, multiscale characterization, and emerging frontiers","Trends in Food Science & Technology","journal","Xueqing Li","2","CN","1","Food composition and properties","Nursing","Health Sciences","0","0"
"W7161902171","10.20935/acadeng8291","2026","article","Smart cold chains for food systems: IoT monitoring, predictive analytics, and emerging technologies","Academia Engineering","journal","Nani Gopal Mudoi","3","IN","1","Food Supply Chain Traceability","Agricultural and Biological Sciences","Life Sciences","1","1"
"W7127112741","10.3390/su18031475","2026","article","Digital Transformation Through Traceability: Enhancing Fraud Prevention and Economic Sustainability in the Olive Oil Industry","Sustainability","journal","Lucas Fonseca Müller","6","BR","1","Food Supply Chain Traceability","Agricultural and Biological Sciences","Life Sciences","1","0"
"W4411763383","10.36871/ek.up.p.r.2025.06.02.022","2025","article","DIGITALIZATION OF THE RUSSIAN AGRO-INDUSTRIAL COMPLEX: PROSPECTS AND ECONOMIC EFFICIENCY","EKONOMIKA I UPRAVLENIE PROBLEMY RESHENIYA","journal","Matvey A. Gusev","4","","1","Digitalization and Economic Development in Agriculture","Business, Management and Accounting","Social Sciences","1","1"
"W4405002713","10.18619/2072-9146-2024-6-84-92","2024","article","Status of mushroom production: global and national scenario","VEGETABLE CROPS OF RUSSIA","journal","Н.Л. Девочкина","3","RU","2","Fungal Biology and Applications","Medicine","Health Sciences","1","0"
"W4200381105","10.1016/j.atech.2021.100031","2021","article","Assessment of a non-invasive accelerometer for detecting cattle urination and defecation events","Smart Agricultural Technology","journal","Paul R. Shorten","2","NZ","3","Effects of Environmental Stressors on Livestock","Agricultural and Biological Sciences","Life Sciences","1","1"
"W7166824348","10.2480/agrmet.d-25-00040","2026","article","Monthly 1-km yield mapping without census statistics: An approach combining satellite, crop model, field data and machine learning tested in three countries with diverse rice cropping patterns","Journal of Agricultural Meteorology","journal","Toshichika Iizumi","9","JP;LK;PH","0","Remote Sensing in Agriculture","Environmental Science","Physical Sciences","1","1"
"W4402533544","10.1093/jas/skae234.078","2024","article","6 Transforming animal agriculture through hybrid modeling and quantum computing","Journal of Animal Science","journal","Luis Orlindo Tedeschi","1","US","7","Smart Agriculture and AI","Agricultural and Biological Sciences","Life Sciences","1","1"
"W4410134750","10.58825/jog.2025.19.1.185","2025","article","Evaluation of Artificial Neural Networks (ANNs) and Multivariate Adaptive Regression Splines (MARS) for Monthly Mean Land Surface Temperature (LST) Modelling– A Case Study of Aowin District, The Republic of Ghana","Journal of Geomatics","journal","Michael Stanley Peprah","4","GH","0","Remote Sensing and Land Use","Earth and Planetary Sciences","Physical Sciences","1","1"
"W7154734861","10.1007/s13197-026-06679-8","2026","article","Smart shelf life: a real-time intelligent packaging framework for enhancing food freshness and reducing waste","Journal of Food Science and Technology","journal","Khan Chand","3","IN","1","Food Waste Reduction and Sustainability","Agricultural and Biological Sciences","Life Sciences","0","0"
"W4413089819","10.3390/crops6040067","2026","article","Integrating Crop Types, Yield Products, and Price Forecasting with Explainable AI for Agricultural APIs","Crops","journal","Ohnmar Min Khin","2","","1","Smart Agriculture and AI","Agricultural and Biological Sciences","Life Sciences","1","0"
"W7170031853","10.1016/j.foodcont.2026.112495","2026","article","Electronic nose technology for food quality monitoring","Food Control","journal","Jing Sun","5","CN","1","Advanced Chemical Sensor Technologies","Engineering","Physical Sciences","1","1"
"W3208992068","10.4314/as.v20i4.6","2021","article","Application of biological and digital technologies in resolving the negative effects of COVID-19 pandemic on crop production in Nigeria","Agro-Science","journal","S.C. Aba","2","","1","COVID-19 Pandemic Impacts","Economics, Econometrics and Finance","Social Sciences","1","0"
"W4405416816","10.18805/ag.d-6039","2024","article","Enhancing Agricultural Efficiency Through Smart Farming and Internet of Things Enabled Precision Agriculture","Agricultural Science Digest - A Research Journal","journal","Ritik Pratap Singh","2","IN","2","Smart Agriculture and AI","Agricultural and Biological Sciences","Life Sciences","1","1"
"W4415010984","10.47738/jads.v6i4.916","2025","article","Stacking Ensemble with SMOTE for Robust Agricultural Commodity Price Prediction under Imbalanced Data","Journal of Applied Data Sciences","journal","Yessica Siagian","1","","1","Energy Load and Power Forecasting","Engineering","Physical Sciences","1","1"
"W3185537286","10.18461/pfsd.2021.2115","2021","article","EIT Food - EU PRO4BAKE project: Improve artigianal bakeries performances considering both demand forecast and process optimisation: the EIT FOOD Pro4Bake approach","International Center for Food Chain and Network Research, Rheinische Friedrich Wilhelms-Universität Bonn","repository","Remigio Berruto","7","","2","Bioeconomy and Sustainability Development","Agricultural and Biological Sciences","Life Sciences","1","1"
"W4412699289","10.3390/drones9080531","2025","article","Integrated Smart Farm System Using RNN-Based Supply Scheduling and UAV Path Planning","Drones","journal","Dongwoo You","3","KR;BE","1","IoT-based Smart Home Systems","Engineering","Physical Sciences","1","1"
"W4414056625","10.32983/2222-4459-2025-6-276-281","2025","article","Impact of Digital Technologies on the Innovative Development of Agrarian Enterprises: The Technical and Technological Aspect","Business Inform","journal","Oleksandr V. Sherstiuk","1","","1","Digitalization and Economic Development in Agriculture","Business, Management and Accounting","Social Sciences","1","1"
"W7140205267","10.1080/19397038.2026.2645747","2026","article","A circular tiered hybrid life cycle assessment and forecasting framework for carbon management in horticultural supply chains","International Journal of Sustainable Engineering","journal","Neha Singh","3","IN","1","Agriculture Sustainability and Environmental Impact","Environmental Science","Physical Sciences","1","1"
"W7153554696","10.1093/insilicoplants/diag006","2026","article","Unlocking crop protection models for decision support: web infrastructure and integration","in silico Plants","journal","Hanna Huitu","14","FI;NO;FR;GB","2","Climate change impacts on agriculture","Agricultural and Biological Sciences","Life Sciences","1","1"
"W2806995977","","2018","article","Supporting farmers in the transition to agroecology to promote carbon sequestration from silvopastoral systems","","","Sara Burbi","2","GB","2","Agroforestry and silvopastoral systems","Agricultural and Biological Sciences","Life Sciences","1","1"
"W4362558365","10.46666/2023-1.2708-9991.02","2023","article","Agricultural sector of Kazakhstan: focus on innovative development","Problems of AgriMarket","journal","O. Abraliyev","3","KZ","2","Digitalization and Economic Development in Agriculture","Business, Management and Accounting","Social Sciences","1","0"
"W4322772787","10.1007/s10457-023-00833-3","2023","article","Within and among farm variability of coffee quality of smallholders in southwest Ethiopia","Agroforestry Systems","journal","Merkebu Getachew","9","BE;ET;SE","3","Coffee research and impacts","Medicine","Health Sciences","0","0"
"W4400614775","10.57178/jer.v7i1.836","2024","article","Exploring e-Commerce Potential: Improving Sales Performance Through Product Innovation in The Agriculture Sector","JURNAL ECONOMIC RESOURCE","journal","Andi Macoa Gau","2","ID","3","SMEs Development and Digital Marketing","Social Sciences","Social Sciences","1","1"
"W4399652014","10.52340/eab.2024.16.01.03","2024","article","From Traditional Agriculture to Industrial (Digital) Agriculture","Economics and Business","journal","Paata Koguashvili","3","GE","1","Digitalization and Economic Development in Agriculture","Business, Management and Accounting","Social Sciences","1","1"
"W2935821396","10.1093/biosci/biz012","2019","article","Agricultural Disruption","BioScience","journal","John Tibbetts","1","","11","Land Rights and Reforms","Agricultural and Biological Sciences","Life Sciences","1","1"
"W4406283450","10.51594/ijarss.v7i1.1794","2025","article","The hidden danger from farm to table: transforming food safety through innovative approaches to reducing harmful chemicals in the American food system","International Journal of Applied Research in Social Sciences","journal","O. Olufemi","2","US","1","Organic Food and Agriculture","Agricultural and Biological Sciences","Life Sciences","1","0"
"W7131855940","10.3390/su18052312","2026","article","The Architecture of Intelligent Governance (AIG): A Conceptual Framework for Integration AI, Quantum Computing, and Global Resource Resilience","Sustainability","journal","Ali S. Ayoub","1","US","1","Innovation, Sustainability, Human-Machine Systems","Social Sciences","Social Sciences","1","1"
"W4404196307","10.30574/wjarr.2024.24.2.3357","2024","article","Optimizing food transportation processes for grocery stores across the US","World Journal of Advanced Research and Reviews","journal","Oluwakemi Betty Arowosegbe","3","","1","Advanced Manufacturing and Logistics Optimization","Engineering","Physical Sciences","1","1"
"W4322755982","10.5406/21638195.95.1.09","2023","article","Dreamworld or Dystopia?: The Nordic Model and Its Influence in the 21st Century","Scandinavian Studies","journal","Atle Midttun","1","NO","14","European and International Law Studies","Social Sciences","Social Sciences","1","0"
"W4414313435","10.36253/bae-17755","2025","article","Addressing needs for the diffusion of digital greenhouse farming. Insights from Living Labs in the Mediterranean basin","Bio-based and Applied Economics","journal","Oriana Gava","11","IT;ES;TR;TN","1","Innovative Approaches in Technology and Social Development","Business, Management and Accounting","Social Sciences","1","1"
"W4407919481","10.3390/land14030474","2025","article","Risk Assessment and Dynamic Monitoring of China’s Agricultural Investment in Countries Along the Belt and Road Under the Guidance of Cultivated Land Resources","Land","journal","Yameng Wang","6","CN","1","Global trade and economics","Economics, Econometrics and Finance","Social Sciences","1","1"
"W4414243176","10.3390/agriengineering7090299","2025","article","AgriMicro—A Microservices-Based Platform for Optimization of Farm Decisions","AgriEngineering","journal","Cătălin Negulescu","4","RO","2","Smart Agriculture and AI","Agricultural and Biological Sciences","Life Sciences","1","1"
"W7154509363","10.3389/fgeed.2026.1789952","2026","article","Advances in gene editing for legume improvement: technologies, progress, and prospects","Frontiers in Genome Editing","journal","Shallu Thakur","5","IN;US","1","CRISPR and Genetic Engineering","Biochemistry, Genetics and Molecular Biology","Life Sciences","1","0"
"W3209200284","","2021","article","Digital banking innovation can improve financial access for agribusiness sector in emerging economies: Ratnakar Jaiswal1, Vinay Seth2, Mahi Kasera3 Email ID: ratnakarjaiswal099@gmail.com, vinayseth20nov@gmail.com, mahikasera1989@gmail.com,","SPAST Abstracts","journal","Ratnakar Jaiswal","3","IN","0","FinTech, Crowdfunding, Digital Finance","Business, Management and Accounting","Social Sciences","1","1"
"W3120769116","10.7236/ijasc.2019.8.4.16","2019","article","IoT based real time agriculture farming","International journal of advanced smart convergence","journal","Ahmed Mateen","3","","1","Smart Agriculture and AI","Agricultural and Biological Sciences","Life Sciences","1","0"
"W7163572823","10.1016/j.clwas.2026.100538","2026","article","Digital mirage of sustainability: Algorithmic greenwashing and informational asymmetries in the Brazilian beef supply chain","Cleaner Waste Systems","journal","Miguel Eugenio Minuzzi Vilanova","2","BR","1","Digital Transformation in Industry","Engineering","Physical Sciences","1","0"
"W4407181619","10.52783/jisem.v10i8s.1098","2025","article","Pandemic Disruptions and Supply Chain Resilience: A Retail Food Perspective","Journal of Information Systems Engineering & Management","journal","Jaafar Pyeman","1","MY","1","Supply Chain Resilience and Risk Management","Business, Management and Accounting","Social Sciences","1","1"
"W4412687130","10.54660/.ijmrge.2025.6.4.656-664","2025","review","A Systematic Review of Management Science Integration in Farm Decision Tools: Advancing Theory for Agricultural Problem-Solving","International Journal of Multidisciplinary Research and Growth Evaluation","journal","Agbonika DA","5","NG","1","Agricultural Innovations and Practices","Agricultural and Biological Sciences","Life Sciences","1","1"
"W3194375062","","2020","article","Managing Food Loss and Food Waste in the Supply Chain","","","Alwin Dsouza","1","","3","Food Waste Reduction and Sustainability","Agricultural and Biological Sciences","Life Sciences","1","1"
"W7117125491","10.1016/j.measen.2025.101981","2025","article","A review of electrical reflectometry applications: State of the art, positioning, bibliometric analysis and future directions","Measurement Sensors","journal","Wafa Ben Hassen","3","FR","1","Electrical Fault Detection and Protection","Engineering","Physical Sciences","1","0"
"W4409829387","10.1016/j.smallrumres.2025.107504","2025","article","Automated evaluation of dairy goat body condition and analysis of differences in lumbar features, milk composition and blood biochemical indicators","Small Ruminant Research","journal","Y.J. An","10","CN","2","Genetic and phenotypic traits in livestock","Biochemistry, Genetics and Molecular Biology","Life Sciences","0","0"
"W4392108803","10.11591/eei.v13i2.5840","2024","article","The development and usability test of an automated fish counting system based on CNN and contrast limited histogram equalization","Bulletin of Electrical Engineering and Informatics","journal","Jing Mei Leong","6","MY;ID","1","Water Quality Monitoring Technologies","Environmental Science","Physical Sciences","1","1"
"W7131792739","10.1016/j.forpol.2026.103738","2026","article","A horizon scan of global issues on forests and livelihoods for 2026","Forest Policy and Economics","journal","Matilda Kabutey-Ongor","25","GB;CH;US;ID;NP;NO;KE;DK","1","Conservation, Biodiversity, and Resource Management","Environmental Science","Physical Sciences","0","0"
"W4413293506","10.22271/veterinary.2025.v10.i8sb.2476","2025","article","Digital twins in poultry farming: A comprehensive review of the smart farming breakthrough transforming efficiency, health, and profitability","International Journal of Veterinary Sciences and Animal Husbandry","journal","Tareesh MT","4","","1","Smart Agriculture and AI","Agricultural and Biological Sciences","Life Sciences","1","1"
"W4403333202","10.46852/2249-6637.02.2024.6","2024","article","digital divide & Agricultural Sector in indian Context— An Overview","International Journal of Social Sciences","journal","Prantosh Paul","1","IN","1","ICT Impact and Policies","Engineering","Physical Sciences","1","1"
"W4401398328","10.61132/globe.v2i1.90","2024","article","Cyber Physical System For Autometed Weather Station And Agriculture Node In Smart Farming","Globe.","journal","Kurnia Mustika Wati","1","ID","1","Smart Agriculture and AI","Agricultural and Biological Sciences","Life Sciences","1","1"
"W4412162016","10.3390/agriculture15141484","2025","article","A Knowledge-Driven Smart System Based on Reinforcement Learning for Pork Supply-Demand Regulation","Agriculture","journal","Haohao Song","2","CN","1","Food Supply Chain Traceability","Agricultural and Biological Sciences","Life Sciences","1","1"
"W7164315404","10.5194/essd-18-3997-2026","2026","article","CY-Bench: a comprehensive benchmark dataset for sub-national crop yield forecasting","Earth system science data","journal","Michiel Kallenberg","33","NL","1","Climate change impacts on agriculture","Agricultural and Biological Sciences","Life Sciences","1","1"
"W4381032391","10.5281/zenodo.8050132","2022","article","IOT IN PRECISION FARMING FOR A SUSTAINABLE FUTURE","Zenodo (CERN European Organization for Nuclear Research)","repository","K. Syamala Devi","2","","1","Economic and Business Development Strategies","Economics, Econometrics and Finance","Social Sciences","1","1"
"W4415653994","10.1016/j.aquaeng.2025.102656","2025","article","Digital twin-based smart aquafarm monitoring system with multi-instance learning based on autoencoder model","Aquacultural Engineering","journal","Jungmin Kim","6","KR","1","Water Quality Monitoring Technologies","Environmental Science","Physical Sciences","0","0"
"W3091465850","10.1111/joms.12645","2020","article","COVID's Impacts on the Field of Labour and Employment Relations","Journal of Management Studies","journal","Adrienne E. Eaton","2","US","29","Labor Movements and Unions","Social Sciences","Social Sciences","1","1"
"W4376599767","10.5281/zenodo.7936670","2023","article","Digital Agriculture in India: Opportunities and Challenges","","","Jayashree Badakappanavar V","2","IN","1","Agricultural Economics and Practices","Agricultural and Biological Sciences","Life Sciences","1","1"
"W7126220278","10.1016/j.jag.2026.105129","2026","article","In-season crop yield prediction: State of the art and future research direction","International Journal of Applied Earth Observation and Geoinformation","journal","Ziao Liu","7","US","2","Remote Sensing in Agriculture","Environmental Science","Physical Sciences","1","1"
"W7149942474","10.1002/ppp3.70209","2026","article","From wild to tamed: Reimagining novel crops through omics and local plant diversity","Plants People Planet","journal","Alexandra Sanfeliu Melia","2","DK","1","Seed and Plant Biochemistry","Agricultural and Biological Sciences","Life Sciences","1","0"
"W4416230629","10.1016/j.plaphe.2025.100142","2025","article","Multi-trait spectral modeling for estimating grapevine leaf traits and nutrients","Plant Phenomics","journal","Parastoo Farajpoor","5","US","3","Remote Sensing in Agriculture","Environmental Science","Physical Sciences","1","1"
"W2936293218","10.1093/af/vfz011","2019","article","Modeling of livestock systems to enhance efficiency","Animal Frontiers","journal","Leslie McKnight","2","CA","2","Genetic and phenotypic traits in livestock","Biochemistry, Genetics and Molecular Biology","Life Sciences","1","1"
"W4412046933","10.22214/ijraset.2025.72970","2025","article","Integration of Remote Sensing Technology for Smart Agriculture System","International Journal for Research in Applied Science and Engineering Technology","journal","Subhash Manohar Choudhary","1","","1","Remote Sensing and Land Use","Earth and Planetary Sciences","Physical Sciences","1","1"
"W4417490806","10.1093/af/vfaf050","2025","article","Navigating AI deployment in precision livestock farming: current trends and future prospects","Animal Frontiers","journal","Chuanyi Guo","4","CH;HK","9","Animal Behavior and Welfare Studies","Veterinary","Health Sciences","1","1"
"W4399561200","10.61356/j.pl.2024.1222","2024","article","Modeling Livestock Procedures Toward Precision and Sustainable Livestock Farm in Era of Virtual Technologies: Lessons, Opportunities, Avenues of Digitization","Precision livestock.","journal","Alaa Salem","2","EG","1","Cognitive Science and Mapping","Computer Science","Physical Sciences","1","1"
"W4412490098","10.1016/j.atech.2025.101171","2025","article","Automated activity-based costing for large tractor fleets: A scalable CANBUS framework for farm economics","Smart Agricultural Technology","journal","Massimiliano Varani","4","IT","1","Soil Mechanics and Vehicle Dynamics","Engineering","Physical Sciences","1","1"
"W7126272413","10.1016/j.resglo.2026.100336","2026","article","Digital transformation in poultry farming: impacts of industry 4.0 on rural performance and sustainability","Research in Globalization","journal","Ivanor Roberto Finato","3","BR","1","Livestock and Poultry Management","Agricultural and Biological Sciences","Life Sciences","1","1"
"W2964368716","10.33249/2663-2144-2019-77-4-3-12","2019","article","Space technologies in the production system of agricultural producers","Scientific Horizons","journal","Oleh V. Skydan","4","UA","1","Agriculture Market Analysis Ukraine","Agricultural and Biological Sciences","Life Sciences","1","1"
"W3014158543","10.1093/af/vfaa007","2020","article","The future of phenomics in dairy cattle breeding","Animal Frontiers","journal","John B. Cole","5","US;NL;AU","63","Genetic and phenotypic traits in livestock","Biochemistry, Genetics and Molecular Biology","Life Sciences","1","1"
"W4406575186","10.36893/fssc.2024.v19i2.041","2024","article","SMART AUTOMATED PESTICIDE SPRAYING ROBOT","Fuzzy Systems and Soft Computing","journal","Ms. Navyasree Veerapaneni","4","IN","1","Smart Agriculture and AI","Agricultural and Biological Sciences","Life Sciences","1","1"
"W4409211157","10.37394/23205.2025.24.4","2025","article","A Mixed Gaussian Distribution Approach using the Expectation-Maximization Algorithm for Topography Predictive Modelling","WSEAS Transactions on Computers archive","journal","Khairulnizam Othman","6","MY","1","3D Shape Modeling and Analysis","Engineering","Physical Sciences","1","1"
"W4415011113","10.47738/jads.v6i4.922","2025","article","A Hybrid LSTM–Stacking–SMOTE Model for Weather-Aware Palm Oil Price Prediction Addressing Data Imbalance and Forecast Accuracy","Journal of Applied Data Sciences","journal","Kusmanto Kusmanto","1","ID","1","Energy Load and Power Forecasting","Engineering","Physical Sciences","1","1"
"W4411757547","10.35774/econa2025.01.078","2025","article","Modern information technologies as a tool for improving agricultural insurance mechanisms","Economic Analysis","journal","Iryna Fedorovych","1","UA","1","Agriculture and Biological Studies","Agricultural and Biological Sciences","Life Sciences","1","1"
"W4386110125","10.56808/2985-1130.2985","2019","article","Development of business models for indigenous genetic improvement in small ruminant farms through reproductive biotechnology","The Thai Journal of Veterinary Medicine","journal","Sarawanee Khunmanee","6","TH","1","Genetic and phenotypic traits in livestock","Biochemistry, Genetics and Molecular Biology","Life Sciences","1","0"
"W7158445453","10.1186/s12889-026-27030-y","2026","article","ChAracterizing, Revlving, Supporting, Monitoring and MAnaging sustainable food systems to address malnutrition in Indigenous tribal communities (CARISMMA): exploring food systems and its drivers to develop multisectoral data-driven solutions. A study protocol","BMC Public Health","journal","Suparna Ghosh-Jerath","14","IN;US","1","Indigenous Studies and Ecology","Health Professions","Health Sciences","1","1"
"W4311175909","10.54552/v82i3.107","2022","article","An Agrolink Ecosystem Through An Information Toolbox Approach","IEM Journal","journal","Nyuk Mee Voo","1","MY","0","Agricultural and Environmental Management","Social Sciences","Social Sciences","1","0"
"W4385803749","10.1093/af/vfad033","2023","article","Environmental impact potential of insect production chains for food and feed in Europe","Animal Frontiers","journal","Sergiy M. Smetana","5","DE;FR","58","Insect Utilization and Effects","Agricultural and Biological Sciences","Life Sciences","1","1"
"W2932568859","10.1093/af/vfz004","2019","article","A new modeling environment for integrated dairy system management","Animal Frontiers","journal","Ermias Kebreab","6","US","35","Climate change impacts on agriculture","Agricultural and Biological Sciences","Life Sciences","1","1"
"W4386748094","10.3897/biss.7.112703","2023","article","Combining Ecological and Socio-Environmental Data and Networks to Achieve Sustainability","Biodiversity Information Science and Standards","journal","Laure Berti‐Équille","2","BR;FR","1","Economic and Technological Innovation","Economics, Econometrics and Finance","Social Sciences","1","0"
"W4381949889","10.26562/ijiris.2023.v0903.18","2023","article","Food Freshness Detection Using IOT and ML","International Journal of Innovative Research in Information Security","journal","Sriram Kumar","4","","1","Food Supply Chain Traceability","Agricultural and Biological Sciences","Life Sciences","1","0"
"W3175582711","10.1093/bioinformatics/btab481","2021","article","ELIXIR: providing a sustainable infrastructure for life science data at European scale","Bioinformatics","journal","Jennifer Harrow","6","GB","65","Research Data Management Practices","Computer Science","Physical Sciences","1","1"
"W7161144081","10.1016/j.atech.2026.102216","2026","article","Smart farming technology adoption and perceived impacts: Evidence from Italian farms","Smart Agricultural Technology","journal","Yogendra Katuwal","3","IT","1","Smart Agriculture and AI","Agricultural and Biological Sciences","Life Sciences","1","1"
"W4392191981","10.32417/1997-4868-2024-24-02-232-247","2024","article","Unified digital platform for system integration of agricultural, processing and sales enterprises","Agrarian Bulletin of the","journal","Elena Aleksandrovna Aleshina","2","RU","1","Digital Economy and Transformation","Business, Management and Accounting","Social Sciences","1","1"
"W3159167501","10.1111/een.13035","2021","article","Using network ecology to understand and mitigate long‐term insect declines","Ecological Entomology","journal","Dimitrios Petsopoulos","8","GB","20","Species Distribution and Climate Change","Environmental Science","Physical Sciences","1","1"
"W4404006093","10.1016/j.compag.2024.109577","2024","article","Ground-based on-line weed control using computer vision: Analyzing the inference time-accuracy dilemma","Computers and Electronics in Agriculture","journal","Saad Abouzahir","5","AE;MA;CA","1","Smart Agriculture and AI","Agricultural and Biological Sciences","Life Sciences","0","0"
"W7126050839","10.1186/s13021-026-00408-6","2026","article","Drivers and regional heterogeneity of cropland net ecosystem productivity across China’s three major plains","Carbon Balance and Management","journal","Peng Wang","6","CN","1","Remote Sensing in Agriculture","Environmental Science","Physical Sciences","1","1"
"W3198584309","","2021","article","Interrogating the Socio-Ethical Dilemmas of Precision Agriculture Technologies","Open PRAIRIE (South Dakota State University)","repository","Ayorinde Ogunyiola","1","","1","Smart Agriculture and AI","Agricultural and Biological Sciences","Life Sciences","1","1"
"W4378189368","10.1016/j.compag.2023.107926","2023","article","Modelling the long-term consequences of implementing hormone-free reproductive management on the sustainability of a dairy sheep farm","Computers and Electronics in Agriculture","journal","Ellen Laclef","5","FR;VN","3","Effects of Environmental Stressors on Livestock","Agricultural and Biological Sciences","Life Sciences","0","1"
"W4402748305","10.33545/26180723.2024.v7.i9j.1120","2024","article","Smart farming: Integration of IoT and AI in Agricultural engineering","International Journal of Agriculture Extension and Social Development","journal","H Shoba","4","IN","1","Smart Agriculture and AI","Agricultural and Biological Sciences","Life Sciences","1","1"
"W4410750028","10.30574/wjarr.2025.26.2.1911","2025","article","Digital agriculture ecosystem: Integrated SAP technologies across the farm-to-consumer value chain","World Journal of Advanced Research and Reviews","journal","Maheswar Reddy Byreddy","1","","0","Food Supply Chain Traceability","Agricultural and Biological Sciences","Life Sciences","1","1"
"W4392614298","10.46852/0424-2513.1.2024.25","2024","article","Efficiency of Fiscal and Monetary Policy in the Challenging Economic Environment","Economic Affairs","journal","Дмитро Миколайович Захаров","1","","0","Economic and Technological Developments in Russia","Social Sciences","Social Sciences","1","1"
"W4394858050","10.1093/af/vfad074","2024","article","Beef production and carcass evaluation in Brazil","Animal Frontiers","journal","Cris Luana de Castro Nunes","4","BR","28","Genetic and phenotypic traits in livestock","Biochemistry, Genetics and Molecular Biology","Life Sciences","1","1"
"W7168181531","10.9734/ajaar/2026/v26i7739","2026","article","Transforming Agriculture through AI, IoT, and Blockchain: Opportunities and Barriers in the Shift to Agriculture 4.0","Asian Journal of Advances in Agricultural Research","journal","Sujoita Purohit","2","IN","0","Smart Agriculture and AI","Agricultural and Biological Sciences","Life Sciences","1","1"
"W4409917387","10.63345/ijrmeet.org.v10.i2.5","2022","article","Robotics in Agriculture: Automation Solutions for Precision Farming and Sustainability","International Journal of Research in Modern Engineering & Emerging Technology","journal","TANGIRALA NAGA ASWINI","1","","1","Smart Agriculture and AI","Agricultural and Biological Sciences","Life Sciences","1","1"
"W2981290585","","2019","article","Implementation and Relevance of FAIR Data Principles in Biopharmaceutical Research and Development","The Novartis Repository (Novartis)","repository","Wise John","17","","0","Scientific Computing and Data Management","Decision Sciences","Social Sciences","0","0"
"W7162795709","10.3390/admsci16060260","2026","review","AI-Driven Demand Planning: A Systematic Review of Adoption, Barriers and Strategic Implications","Administrative Sciences","journal","Anteo Korcari","4","GR","0","Food Waste Reduction and Sustainability","Agricultural and Biological Sciences","Life Sciences","1","1"
"W4382914305","10.5281/zenodo.8109937","2023","article","AI Based Food Quality Recommendation System","Zenodo (CERN European Organization for Nuclear Research)","repository","Aman Jatain","4","IN","0","Food Supply Chain Traceability","Agricultural and Biological Sciences","Life Sciences","1","0"
"W7165417454","10.1108/gsfs-08-2025-0022","2026","article","Land to brand innovation in food processing using digital technologies","Global Smart Food Systems","journal","Diwakar Singh","1","","0","Smart Agriculture and AI","Agricultural and Biological Sciences","Life Sciences","1","1"
"W7164359378","10.9734/acri/2026/v26i61971","2026","article","Blockchain Technology in Horticultural Supply Chain Management: A Global Review","Archives of Current Research International","journal","Annapurna Neeralgi","4","IN","0","Blockchain Technology Applications and Security","Computer Science","Physical Sciences","1","1"
"W7155029111","10.3389/fpls.2026.1790494","2026","article","ACC-deaminase producing microbial biostimulants for agriculture and climate resilience: barriers and the way forward","Frontiers in Plant Science","journal","Rishu Thakur","1","AU","1","Plant Growth Enhancement Techniques","Agricultural and Biological Sciences","Life Sciences","1","1"
"W4408201881","10.30954/2348-7437.1.2024.2","2024","article","Agricultural 4.0: The Root for Agricultural Transformation— A Scientific Review","International Journal of Information Science and Computing","journal","Paul P.K.","1","","0","Digitalization and Economic Development in Agriculture","Business, Management and Accounting","Social Sciences","1","0"
"W4413447876","10.33545/2664844x.2025.v7.i8i.674","2025","article","Using computer vision for automated grading and sorting of fruits and vegetables","International Journal of Agriculture and Food Science","journal","Zaiba Khan","4","IN","0","Spectroscopy and Chemometric Analyses","Chemistry","Physical Sciences","1","1"
"W4401201622","","2022","article","Intelligenza artificiale e nuove piattaforme per un umanesimo a venire","DOAJ (DOAJ: Directory of Open Access Journals)","repository","Luca Lo Sapio","2","IT","0","Economic Development and Digital Transformation","Economics, Econometrics and Finance","Social Sciences","1","0"
"W4376599516","10.5281/zenodo.7936417","2023","article","An Overview of Indian Digital Agriculture","Zenodo (CERN European Organization for Nuclear Research)","repository","Rekha.K","2","IN","0","Smart Agriculture and AI","Agricultural and Biological Sciences","Life Sciences","1","0"
"W4411991054","10.70864/joae.2024.v12.i1.pp463-471","2025","article","SMART AGRO-NEURAL SYSTEMS FOR PREDICTING PLANT GROWTH AND YIELD IN CONTROLLED GREENHOUSE ENVIRONMENTS","Scientific Digest Journal of Applied Engineering","journal","K. Sushma","5","","0","Greenhouse Technology and Climate Control","Agricultural and Biological Sciences","Life Sciences","1","1"
"W4414865287","10.56294/digi2025276","2025","article","CSR in the Agri-Metaverse: Virtual Engagement, Sustainability Reporting, and Firm","Diginomics","journal","Samuel Ejiro Uwhejevwe-Togbolo","4","NG","0","Corporate Social Responsibility Reporting","Business, Management and Accounting","Social Sciences","1","0"
"W7138279865","10.5281/zenodo.19068644","2026","article","PRECISION AGRICULTURE THROUGH GIS-ENABLED MACHINERY: INSIGHTS, OBSTACLES, AND PROSPECTS","Zenodo (CERN European Organization for Nuclear Research)","repository","Müller, Lucas Alexander","2","DE;FR","0","Smart Agriculture and AI","Agricultural and Biological Sciences","Life Sciences","1","1"
"W4416182929","10.36713/epra24889","2025","article","USING PREDICTIVE MODELING FRAMEWORKS TO PREDICT FOOD SAFETY RISKS: A MULTI-MODEL METHOD","EPRA International Journal of Research & Development (IJRD)","journal","Adama Gaye","2","","0","Listeria monocytogenes in Food Safety","Biochemistry, Genetics and Molecular Biology","Life Sciences","1","0"
"W7137577148","","2024","article","Digital Innovations in Agriculture—Series II","Directory of Open access Books (OAPEN Foundation)","repository","","0","","0","Smart Agriculture and AI","Agricultural and Biological Sciences","Life Sciences","1","0"
"W7138299983","10.5281/zenodo.19068642","2026","article","PRECISION AGRICULTURE THROUGH GIS-ENABLED MACHINERY: INSIGHTS, OBSTACLES, AND PROSPECTS","Zenodo (CERN European Organization for Nuclear Research)","repository","Müller, Lucas Alexander","2","DE;FR","0","Smart Agriculture and AI","Agricultural and Biological Sciences","Life Sciences","1","1"
"W4414371154","10.62985/j.huit_ojs.vol25.nos2_ica.226","2025","article","ADOPTING TECHNOLOGY IN THE GREEN ECONOMY: PROMOTING SUSTAINABLE AGRICULTURE DEVELOPMENT – BARRIERS & SOLUTIONS","Tạp chí Khoa học Đại học Công Thương.","journal","Thi Thuy Hanh Nguyen","2","","0","Sustainable Development and Environmental Policy","Environmental Science","Physical Sciences","1","0"
"W7160291202","10.1016/j.postharvbio.2026.114407","2026","article","Improvement of class separability and generalization in tomato ripeness classification using transfer learning–based feature representations","Postharvest Biology and Technology","journal","Sungmin Jeong","3","KR","0","Smart Agriculture and AI","Agricultural and Biological Sciences","Life Sciences","0","0"
"W7203939856","10.1038/s41598-026-61228-9","2026","article","A hybrid feature fusion framework integrating HSM-CNN and GLCM-SVM for real-time mango grading","Scientific Reports","journal","S Srijah","4","IN","0","Smart Agriculture and AI","Agricultural and Biological Sciences","Life Sciences","1","0"
"W2903526901","","2018","article","Internet of Food Things Network Plus: IoFT Launch Event","Lincoln Repository (University of Lincoln)","repository","Simon Pearson","3","","0","Food Supply Chain Traceability","Agricultural and Biological Sciences","Life Sciences","1","0"
"W4386817257","10.5281/zenodo.8354796","2023","article","Corn Leaf Disease Detection (The Crop Master)","Zenodo (CERN European Organization for Nuclear Research)","repository","Aditi Maurya","4","","0","Smart Agriculture and AI","Agricultural and Biological Sciences","Life Sciences","1","0"
"W7166115388","10.9734/jeai/2026/v48i74312","2026","article","IOT-Empowered Automation Systems in Smart Agriculture","Journal of Experimental Agriculture International","journal","Bhodisatwa Banner","6","IN","0","Smart Agriculture and AI","Agricultural and Biological Sciences","Life Sciences","1","1"
"W7214295236","10.64388/irev10i3-1723457","2026","article","AI-Assisted Demand Forecasting and Production Scheduling for High-Volume Food Manufacturing in Saudi Arabia: A Food Security Framework for Vision 2030","Iconic Research and Engineering Journals","journal","Atif Maqbool Syed","1","","0","Forecasting Techniques and Applications","Decision Sciences","Social Sciences","1","1"
"W3206407175","10.1093/af/vfab048","2021","article","Taking the steps toward sustainable livestock: our multidisciplinary global farm platform journey","Animal Frontiers","journal","M. Jordana Rivero","30","GB;IE;BR;US;FR;UY;AU;KE;NZ;IN","17","Agriculture Sustainability and Environmental Impact","Environmental Science","Physical Sciences","1","1"
"W7204726099","10.1002/aisy.70528","2026","article","Cross‐Sectoral AI Integration Is Essential to Tackling Food Waste and Food Insecurity: A Roadmap for Developing Resilient Food Systems","Advanced Intelligent Systems","journal","Akansha Prasad","6","CA","0","Food Waste Reduction and Sustainability","Agricultural and Biological Sciences","Life Sciences","1","1"
"W4405477134","10.53550/eec.2024.v30i07s.043","2024","article","Unveiling Agricultural Landscapes: A Methodological Review of SAR for Crop Area Estimation","Ecology Environment and Conservation","journal","Pritam Das","6","IN","0","Remote Sensing in Agriculture","Environmental Science","Physical Sciences","1","1"
"W4406179072","10.55041/ijsrem40597","2025","article","Crowd Sourcing Of Pests Information","INTERANTIONAL JOURNAL OF SCIENTIFIC RESEARCH IN ENGINEERING AND MANAGEMENT","journal","POLEBOINA RANGASAI","1","","0","Insect and Arachnid Ecology and Behavior","Biochemistry, Genetics and Molecular Biology","Life Sciences","1","1"
"W4398172901","10.47392/irjaeh.2024.0176","2024","article","Data-Driven Transformation of Agri-Supply Chain (Ascs): Comprehensive Review","International Research Journal on Advanced Engineering Hub (IRJAEH)","journal","Piyush Nimbokar","5","","0","Smart Agriculture and AI","Agricultural and Biological Sciences","Life Sciences","1","1"
"W7162779913","10.5281/zenodo.20443425","2026","article","Agricultural Marketing and Supply Chain Management: Emerging Trends, Challenges, and Technological Innovations","Zenodo (CERN European Organization for Nuclear Research)","repository","Dr. Jagannath Narayan Dhakane","1","","0","Smart Agriculture and AI","Agricultural and Biological Sciences","Life Sciences","1","1"
"W7115913671","10.1016/j.ifacol.2025.12.437","2025","article","A Multi-Layer Enterprise Architecture for Blockchain-Enabled Cereal Supply Chain Traceability and Decision Support","IFAC-PapersOnLine","journal","Nikolaos Tousert","3","","0","Blockchain Technology Applications and Security","Computer Science","Physical Sciences","1","1"
"W7162753626","10.5281/zenodo.20443424","2026","article","Agricultural Marketing and Supply Chain Management: Emerging Trends, Challenges, and Technological Innovations","Zenodo (CERN European Organization for Nuclear Research)","repository","Dr. Jagannath Narayan Dhakane","1","","0","Smart Agriculture and AI","Agricultural and Biological Sciences","Life Sciences","1","1"
"W7133516472","10.1007/s13198-026-03172-5","2026","article","A hybrid framework for integrating IoT, AI and blockchain towards sustainable smart agriculture","International Journal of Systems Assurance Engineering and Management","journal","R Rathiya","3","IN","0","Smart Agriculture and AI","Agricultural and Biological Sciences","Life Sciences","0","0"
"W7169860788","10.1007/s41348-026-01320-4","2026","article","Imaging technologies for non-invasive detection of insect pest infestations in stored food grains: a review","Journal of Plant Diseases and Protection","journal","B. Keerthana","7","IN","0","Spectroscopy and Chemometric Analyses","Chemistry","Physical Sciences","0","0"
"W7214187008","10.5281/zenodo.22932900","2026","article","Digital Transformation and the Reconfiguration of Farming Systems: Understanding How Tech-nological Adoption and Institutional Conditions Shape Sustainable and Inclusive Agriculture","Zenodo (CERN European Organization for Nuclear Research)","repository","Chilufya Banda","1","","0","Smart Agriculture and AI","Agricultural and Biological Sciences","Life Sciences","1","1"
"W7117870994","10.1016/j.biosystemseng.2025.104381","2026","article","Improved and interpretable accelerometer-based farrowing prediction","Biosystems Engineering","journal","Elisabeth Mayrhuber","5","AT","0","Inertial Sensor and Navigation","Engineering","Physical Sciences","1","1"
"W7214223927","10.5281/zenodo.22932899","2026","article","Digital Transformation and the Reconfiguration of Farming Systems: Understanding How Tech-nological Adoption and Institutional Conditions Shape Sustainable and Inclusive Agriculture","Zenodo (CERN European Organization for Nuclear Research)","repository","Chilufya Banda","1","","0","Smart Agriculture and AI","Agricultural and Biological Sciences","Life Sciences","1","1"
"W4413404086","10.55606/jurrit.v4i1.5036","2025","article","Strategi Pengembangan Agribisnis Berbasis Teknologi untuk Meningkatkan Produktivitas","JURNAL RISET RUMPUN ILMU TANAMAN","journal","Nisa Widia Agustira","5","ID","0","Agriculture and Agroindustry Studies","Agricultural and Biological Sciences","Life Sciences","1","0"
"W7134033360","10.1007/s44443-026-00598-6","2026","article","Dynamic graph-enhanced deep network for robust infected fruit detection through adaptive CNN-GNN feature fusion","Journal of King Saud University - Computer and Information Sciences","journal","Kamran Ahmad Awan","6","PK;SA","0","Smart Agriculture and AI","Agricultural and Biological Sciences","Life Sciences","1","1"
"W4404205740","10.33545/2618060x.2024.v7.i11sc.1952","2024","article","Price forecasting models for rice in West Bengal, India","International Journal of Research in Agronomy","journal","RL Ghetiya","5","IN","0","Agricultural Economics and Practices","Agricultural and Biological Sciences","Life Sciences","1","1"
"W4415513634","10.9734/jeai/2025/v47i113849","2025","article","Blockchain and Big Data Analytics in Agriculture: A Review of Digital Innovations","Journal of Experimental Agriculture International","journal","Vivek Chauhan","8","IN;PL","0","Blockchain Technology Applications and Security","Computer Science","Physical Sciences","1","1"
"W4313608562","10.5281/zenodo.7508837","2023","article","Foodligence – Predicting Expiry Date of Perishable Foods to Reduce Loss and Waste","Zenodo (CERN European Organization for Nuclear Research)","repository","Trewon Weerasooriya","2","LK","0","Food Waste Reduction and Sustainability","Agricultural and Biological Sciences","Life Sciences","1","1"
"W4409389566","10.55041/ijsrem44342","2025","article","Farmer Procurement Platform","INTERANTIONAL JOURNAL OF SCIENTIFIC RESEARCH IN ENGINEERING AND MANAGEMENT","journal","Vivek D. Singh","2","","0","Information Retrieval and Data Mining","Computer Science","Physical Sciences","1","1"
"W7211916214","10.1007/s44173-026-00037-9","2026","article","Food waste valorisation for a circular bioeconomy: integrating biochemical, thermochemical, and digital technologies with sustainability metrics","Green Technology Resilience and Sustainability","journal","Abhijeet Das","3","IN","0","Food Waste Reduction and Sustainability","Agricultural and Biological Sciences","Life Sciences","1","1"
"W7165929867","10.1002/tie.70149","2026","article","From Sustainability Demands to Data‐Driven Delivery: Big Data and AI in Exporters' Key Account Management","Thunderbird International Business Review","journal","Anh Hoang Nguyen","2","VN","0","Supply Chain Resilience and Risk Management","Business, Management and Accounting","Social Sciences","1","1"
"W3004454736","10.35718/specta.v2i1.90","2019","article","Model Development for Decision Making in Vegetables Distribution in Kabupaten Malang","SPECTA Journal of Technology","journal","Teguh Oktiarso","1","ID","0","Agriculture and Agroindustry Studies","Agricultural and Biological Sciences","Life Sciences","1","1"
"W7213270728","10.1128/asmfm.00006-26","2026","article","From detection to prediction: rethinking foodborne pathogen intelligence in the age of AI","ASM Food Microbiology","journal","Jin Wang","3","CN","0","Listeria monocytogenes in Food Safety","Biochemistry, Genetics and Molecular Biology","Life Sciences","1","0"
"W4412376782","10.35791/agrirud.v7i3.62364","2025","article","Pengaruh Integrasi Teknologi Drone dan AI terhadap Kualitas Hasil Panen pada Usaha Agribisnis Jagung","Journal of Agribusiness and Rural Development (Jurnal Agribisnis dan Pengembangan Pedesaan)","journal","Pandef Rudianto","2","","0","Agriculture and Agroindustry Studies","Agricultural and Biological Sciences","Life Sciences","1","1"
"W7117355435","10.21622/rimc.2025.02.2.1846","2025","article","Real-time object detection and diagnosis of tomato quality using YOLO","Robotics : Integration, Manufacturing and Control","journal","Youssry A. Mokhtar","2","","0","Smart Agriculture and AI","Agricultural and Biological Sciences","Life Sciences","1","1"
"W4406130794","10.55123/insologi.v3i6.4658","2024","article","Penerapan Metode Backpropagation dalam Jaringan Saraf Tiruan untuk Meningkatkan Prediksi Produksi Kentang di Sumatera","INSOLOGI Jurnal Sains dan Teknologi","journal","Bagus Arya Atmaja","4","","0","Data Mining and Machine Learning Applications","Computer Science","Physical Sciences","1","1"
"W7125153556","10.18452/35727","2025","article","Review and Assessment of Crop-Related Digital Tools for Agroecology","edoc Publication server (Humboldt University of Berlin)","repository","Evangelos Anastasiou","21","","0","Smart Agriculture and AI","Agricultural and Biological Sciences","Life Sciences","1","1"
"W4405875689","10.36871/ek.up.p.r.2024.09.15.019","2024","article","PRACTICAL ASPECTS OF THE APPLICATION OF THE SEGMENTAL AI APPROACH TO EVALUATING THE EFFECTIVENESS OF INTEGRATED STRUCTURES","EKONOMIKA I UPRAVLENIE PROBLEMY RESHENIYA","journal","Еlena А. Khramova","1","","0","Quality and Management Systems","Business, Management and Accounting","Social Sciences","1","1"
"W4412708979","10.63590/jsetms.2025.v02.i07(s).pp333-341","2025","article","Smart Demand Forecasting: Time Series-Driven Ensemble Modelling for Optimizing Rideshare and Food Delivery Services","Journal of Science Engineering Technology and Management Sciences","journal","B Ramesh","4","","0","Transportation and Mobility Innovations","Engineering","Physical Sciences","1","1"
"W7203736008","10.3390/biomass6040064","2026","article","Production of Cellulases by Trichoderma, Aspergillus, and Penicillium: Optimization Strategies, Biomass Valorization, and Industrial Perspectives","Biomass","journal","Isabela Viana Lopes de Moura","6","BR","0","Biofuel production and bioconversion","Engineering","Physical Sciences","1","0"
"W4387619382","10.21474/ijar01/17567","2023","article","EXPERIMENTATION OF AN APPLICATION OF EARLY DIAGNOSIS AND INVENTORY OF SOYBEAN DISEASES (GLYCINE MAX (L.) MERR.) IN BURKINA FASO","International Journal of Advanced Research","journal","Fidèle Bawomon Neya","6","","0","Soybean genetics and cultivation","Agricultural and Biological Sciences","Life Sciences","1","0"
"W7160547423","10.22004/ag.econ.400107","2025","article","Role of Digital Technologies in Agri-Supply Chain Management for Empowering Farmers","AgEcon Search (University of Minnesota, USA)","repository","K.L. Srikanth","3","","0","Smart Agriculture and AI","Agricultural and Biological Sciences","Life Sciences","1","1"
"W7204188321","10.48416/ijsaf.v32i2.808","2025","article","“They Took Our Jobs!”","International Journal of Sociology of Agriculture and Food","repository","Mark Ryan","3","NL","0","Digital Economy and Work Transformation","Social Sciences","Social Sciences","1","1"
"W4404283769","10.32752/1993-6788-2024-1-279-152-158","2024","article","THEORETICAL PRINCIPLES OF CHANGE MANAGEMENT IN AGRO-FOOD ENTERPRISES","Actual Problems of Economics","journal","Тетяна Вікторівна Воронько-Невіднича","2","UA","0","Agriculture Market Analysis Ukraine","Agricultural and Biological Sciences","Life Sciences","1","1"
"W4410139215","10.59256/indjcst.20250402006","2025","article","AGRITECH: Empowering Agricultural with Integrity through Decentralized Traceability and Direct Market Access","Indian Journal of Computer Science and Technology","journal","M. Saravana","5","","0","Food Supply Chain Traceability","Agricultural and Biological Sciences","Life Sciences","1","0"
"W4391330935","10.17762/ijritcc.v11i9.9767","2023","article","An Efficacious Deep Fusion based Tomato Leaf and Fruit Classifier using Convolutional Gated Recurrent Unit and Bonobo Optimizer","International Journal on Recent and Innovation Trends in Computing and Communication","journal","E. Sharmila","1","","0","Smart Agriculture and AI","Agricultural and Biological Sciences","Life Sciences","1","0"
"W4404755552","10.61186/pps.13.1.135","2024","article","Application of new information technologies in plant pathology","Plant Pathology Science","journal","SeyyedehAtefeh Hosseini","2","IR","0","Smart Agriculture and AI","Agricultural and Biological Sciences","Life Sciences","1","1"
"W2401625011","","2016","article","Application of Geospatial Technologies for Agriculture","Journal of Global Communication","journal","P. D. Sreekanth","4","","0","Agricultural Innovations and Practices","Agricultural and Biological Sciences","Life Sciences","1","1"
"W4405808788","10.3390/ani15010031","2024","article","Enhancing Immunoglobulin G Goat Colostrum Determination Using Color-Based Techniques and Data Science","Animals","journal","Manuel Betancor-Sánchez","6","ES","0","Animal health and immunology","Veterinary","Health Sciences","1","1"
"W4410286859","10.55041/ijsrem47688","2025","article","AI-Driven Crop Management System with Integrated Farmer Support: Price Insights, Article Recommendations, and Disease Detection via Image Recognition","INTERANTIONAL JOURNAL OF SCIENTIFIC RESEARCH IN ENGINEERING AND MANAGEMENT","journal","Anurag Shrivastava","5","","0","Smart Agriculture and AI","Agricultural and Biological Sciences","Life Sciences","1","1"
"W4251758520","10.1142/s0219030320000063","2020","article","Inside Industry","Asia-Pacific Biotech News","journal","","0","","0","Biomedical Ethics and Regulation","Medicine","Health Sciences","1","0"
"W4399145866","10.59879/o1lor","2024","article","Revolutionizing agriculture: Exploring the potential of digital technologies and controlled environmental agriculture","Sylwan","journal","Jameel Mohammed Al-Khayri","2","","0","Digitalization and Economic Development in Agriculture","Business, Management and Accounting","Social Sciences","1","1"
"W4376864652","10.5281/zenodo.7936349","2023","article","Digital Agriculture: The Case for Increasing Farmer's Income in Indian Agriculture","","","Ms. Heena B. Dasyal","2","IN","0","Agricultural Economics and Practices","Agricultural and Biological Sciences","Life Sciences","1","1"
"W4317788417","10.17700/jai.2022.13.2.681","2023","article","Application of smart visualisation in the analysis of Hungarian Agriculture ICT","Journal of Agricultural Informatics","journal","Róbert Szilágyi","3","HU","0","Hungarian Social, Economic and Educational Studies","Social Sciences","Social Sciences","1","0"
"W4403347383","10.47992/ijmts.2581.6012.0362","2024","article","A Review of Agricultural IoT: Challenges, Applications & Future Research Direction","International Journal of Management Technology and Social Sciences","journal","Basavaraj S. Patil","4","IN","0","IoT and Edge/Fog Computing","Computer Science","Physical Sciences","1","1"
"W7115000858","10.55186/25876740_2025_68_7_921","2025","article","Justification and development of a hybrid algorithm for managerial decision-making under the conditions of the AIC digital transformation","Mezhdunarodnyi sel skokhozyaistvennyi zhurnal","journal","Valentina Tkachenko","5","RU;UA","0","Advanced Signal Processing Techniques","Engineering","Physical Sciences","1","1"
"W7165188769","10.1007/s42360-026-00975-1","2026","article","Managing plant health in changing climate: Indian context","Indian Phytopathology","journal","Himanshu Pathak","3","IN","0","Plant-Microbe Interactions and Immunity","Agricultural and Biological Sciences","Life Sciences","0","0"
"W4407057072","10.34218/ijcet_16_01_123","2025","article","CLOUD TECHNOLOGIES IN AGRICULTURE: DIGITIZING PROCUREMENT AND LOGISTICS","INTERNATIONAL JOURNAL OF COMPUTER ENGINEERING & TECHNOLOGY","journal","Arjunkumar Vijayakumar","1","US","0","Digitalization and Economic Development in Agriculture","Business, Management and Accounting","Social Sciences","1","1"
"W4407674728","10.3280/ecag2024oa17604","2025","article","Innovativeness in organic farming system: The case of the Marche region","ECONOMIA AGRO-ALIMENTARE","journal","Selene Righi","2","","0","Diverse academic and cultural studies","Economics, Econometrics and Finance","Social Sciences","1","1"
"W7214310732","10.3389/fsufs.2026.1940685","2026","article","Extreme climate shocks and agricultural net carbon sinks: the moderating role of supply chain resilience in China","Frontiers in Sustainable Food Systems","journal","Chunyan Zhao","3","CN","0","Climate change impacts on agriculture","Agricultural and Biological Sciences","Life Sciences","1","0"
"W7164862359","10.3390/su18126049","2026","article","How Generative AI Applications Drive Green Innovation in Agricultural Enterprises: The Mediating Role of Green Dynamic Capabilities and the Moderating Role of TMT Behavioral Integration","Sustainability","journal","X Y Li","2","CN","0","Environmental Sustainability in Business","Business, Management and Accounting","Social Sciences","1","1"
"W4392478018","10.36887/2524-0455-2023-4-3","2023","article","Management strategies of business development in conditions of digital transformation","Actual problems of innovative economy and law","journal","Arkadii Mykytas","4","","0","Economic Issues in Ukraine","Economics, Econometrics and Finance","Social Sciences","1","1"
"W7147437100","10.5281/zenodo.18218969","2026","article","AI in Aquaculture Management","Zenodo (CERN European Organization for Nuclear Research)","repository","Umme Aiman Ansari","2","","0","Water Quality Monitoring Technologies","Environmental Science","Physical Sciences","1","1"
"W7147226568","10.5281/zenodo.18218968","2026","article","AI in Aquaculture Management","Zenodo (CERN European Organization for Nuclear Research)","repository","Umme Aiman Ansari","2","","0","Water Quality Monitoring Technologies","Environmental Science","Physical Sciences","1","1"
"W4406038443","10.5376/be.2024.14.0027","2024","article","Development of Precision Agriculture Techniques for Soybean Yield Improvement","Biological Evidence","journal","Yuting Zhong","2","","0","Smart Agriculture and AI","Agricultural and Biological Sciences","Life Sciences","1","1"
"W7166808895","10.1002/sd.71407","2026","article","Empowering the Circular Transition Through Blockchain: Applications, Challenges and Future Opportunities","Sustainable Development","journal","Dario Barberini","5","IT","0","Sustainable Supply Chain Management","Business, Management and Accounting","Social Sciences","1","0"
"W7128541929","10.1108/eemcs-07-2024-0319","2025","article","Dvara Doordrishti – revolutionizing agricultural insight with digital technology","Emerald Emerging Markets Case Studies","journal","Aditi S. Divatia","3","IN","0","Smart Agriculture and AI","Agricultural and Biological Sciences","Life Sciences","1","1"
"W7163825184","10.28989/avitec.v8i2.3970","2026","article","Multimodal CNN–LSTM Framework for Real-Time Maize Disease Detection","Aviation Electronics Information Technology Telecommunications Electricals Controls (AVITEC)","journal","Mercy Chepkoech Tonui","3","KE","0","Smart Agriculture and AI","Agricultural and Biological Sciences","Life Sciences","1","1"
"W7172010157","10.1080/21683565.2026.2710291","2026","article","Beyond soil health and input reduction: gaps in the social dimension of agroecology research in India: a review","Agroecology and Sustainable Food Systems","journal","Chanda Kumari","6","IN;DE;BE;CH","0","Indigenous Knowledge Systems and Agriculture","Agricultural and Biological Sciences","Life Sciences","1","1"
"W7203623338","10.3389/fnut.2026.1899127","2026","article","Food characterization in the omics era: current advances, analytical approaches, and future perspectives","Frontiers in Nutrition","journal","Muhammad Suhail Ibrahim","6","PK;IE","0","Isotope Analysis in Ecology","Environmental Science","Physical Sciences","1","1"
"W7154596180","10.1080/29986990.2026.2646582","2026","article","From DNA to decisions: integrating genomics, CRISPR, and AI for real-time food fraud surveillance","EMI Animal & Environment","journal","Alfi Sophian","1","ID","0","Identification and Quantification in Food","Biochemistry, Genetics and Molecular Biology","Life Sciences","1","1"
"W4307016540","10.5281/zenodo.7227246","2022","article","Industry 4.0 Concept for Nepal - Operating Virtual Farming Industry","Zenodo (CERN European Organization for Nuclear Research)","repository","A. K. Mishra","3","IN;NP","0","Digital Transformation in Industry","Engineering","Physical Sciences","1","0"
"W4414140225","10.70445/gtst.1.3.2025.65-82","2025","article","Emphasizing AI in Healthcare to Transform Food Systems: A Critical Review","Global Trends in Science and Technology","journal","Mohammad Hasan Amin","1","","0","AI in Service Interactions","Computer Science","Physical Sciences","1","1"
"W4411475348","10.37256/cm.6320256496","2025","article","Designing Effective Smart Farm Information Processing Platforms: An AHP-Guided Methodology","Contemporary Mathematics","journal","Amir Mohamed Talib","8","SA;JO;MY","0","Smart Agriculture and AI","Agricultural and Biological Sciences","Life Sciences","1","1"
"W4413044877","10.56238/edimpacto2025.051-005","2025","review","FROM THE FIELD TO THE VIRTUAL: A SYSTEMATIC REVIEW OF THE USE OF THE METAVERSE IN AGRICULTURE","Seven Editora eBooks","ebook platform","Douglas Pereira Silva","6","BR","0","Smart Agriculture and AI","Agricultural and Biological Sciences","Life Sciences","1","1"
"W3173718156","","2018","article","Role of precision agriculture in India","Journal of Pharmacognosy and Phytochemistry","journal","Satya Narayan","1","","0","Smart Agriculture and AI","Agricultural and Biological Sciences","Life Sciences","1","1"
"W7211915873","10.1017/err.2026.10135","2026","article","Agro-Algorithmic Stockpiles, Food Security and the CAP: Europe’s New Governance of Uncertainty in Agricultural Markets","European Journal of Risk Regulation","journal","Antonioluigi Costato","1","","0","Smart Agriculture and AI","Agricultural and Biological Sciences","Life Sciences","1","1"
"W4409320363","10.7753/ijcatr1403.1013","2025","article","AI for Post-Harvest Loss Reduction and Food Security in the US","International Journal of Computer Applications Technology and Research","journal","","0","","0","Food Waste Reduction and Sustainability","Agricultural and Biological Sciences","Life Sciences","1","1"
"W7162438977","10.1016/j.epsr.2026.113349","2026","article","GraphDynNet: A dynamic graph network method for continuous short-term offshore wind speed prediction","Electric Power Systems Research","journal","Dibo Dong","6","CN","0","Energy Load and Power Forecasting","Engineering","Physical Sciences","1","1"
"W7204054049","10.5281/zenodo.22070535","2026","article","Should You Buy That Agricultural AI? Eight Questions Before You Sign","Zenodo (CERN European Organization for Nuclear Research)","repository","Jackson Mambozoukuni","1","","0","Smart Agriculture and AI","Agricultural and Biological Sciences","Life Sciences","1","0"
"W4411842923","10.30560/as.v7n1p158","2025","article","Exploration of the Safety and Threats Associated with Smart Agriculture-related Technologies","Agricultural Science","journal","Dong Hu","3","CN","0","Medical Research and Treatments","Medicine","Health Sciences","1","1"
"W7214736498","10.1201/9781042036325-16","2026","review","Use of AI for Enhancing Global Food Security in the Context of Climate Change: A Systematic Literature Review","","","Sanju Saha","3","","0","Smart Agriculture and AI","Agricultural and Biological Sciences","Life Sciences","1","0"
"W4416447709","10.1142/s0219525925500158","2025","article","RESILIENT FOOD-BIODIVERSITY OUTCOMES VIA STOCHASTIC CONTROL OF MULTIPLEX SOCIO-ECOLOGICAL NETWORKS UNDER WATER STRESS","Advances in Complex Systems","journal","Arnaud Zlatko Dragicevic","4","CA;TH;IN;FR","0","Ecosystem dynamics and resilience","Environmental Science","Physical Sciences","1","0"
"W7167463020","10.1016/j.asr.2026.07.002","2026","article","Assessment of unsupervised and supervised classification methods for crop mapping across agro-climatic gradients using AVIRIS-NG hyperspectral data","Advances in Space Research","journal","Radhika Lalitkumar Ghetiya","3","IN","0","Remote Sensing in Agriculture","Environmental Science","Physical Sciences","0","0"
"W7154801106","","2026","article","Digitalization of organic wine production : sensor-based vineyard management dataset","Repository of the University of Ljubljana (University of Ljubljana)","repository","Argene Superina","1","","0","Horticultural and Viticultural Research","Agricultural and Biological Sciences","Life Sciences","1","1"
"W4411470119","10.55524/ijircst.2025.13.3.21","2025","article","AI-Driven Framework for Soil Quality Assessment in Smart Agriculture Systems","International Journal of Innovative Research in Computer Science & Technology","journal","Mohammad Faiz","5","IN","0","Smart Agriculture and AI","Agricultural and Biological Sciences","Life Sciences","1","1"
"W7154668384","","2026","article","Digitalization of organic wine production","dCOBISS.SI Digital Repository","repository","Argene Superina","1","","0","Horticultural and Viticultural Research","Agricultural and Biological Sciences","Life Sciences","1","1"
"W4410752345","10.20544/aisc.1.1.25.p15","2025","article","MAPPING MODELS FOR FOOD WASTE AND LOSS: FRAMEWORKS, METHODOLOGIES, AND ENVIRONMENTAL IMPACT WITHIN THE WEFE NEXUS","UKLO PROCEEDINGS","journal","Vladimir Dimche Kitanovski","2","","0","Food Waste Reduction and Sustainability","Agricultural and Biological Sciences","Life Sciences","1","0"
"W7147717909","10.5281/zenodo.18218455","2026","article","DeepBlue AI: Smarter Aquatic Futures","Zenodo (CERN European Organization for Nuclear Research)","repository","Shaikh Arshiya Abdul Malik","4","","0","Water Quality Monitoring Technologies","Environmental Science","Physical Sciences","1","1"
"W7203832656","10.1016/j.foodcont.2026.112568","2026","article","Functionalized MXene-based electrochemical sensors for food contaminants detection: Strategies, applications, and future prospects","Food Control","journal","Xu Gong","3","CN","0","MXene and MAX Phase Materials","Materials Science","Physical Sciences","0","0"
"W7135090769","10.5281/zenodo.18978811","2026","article","Smart Fencing System for Protecting Farming Land","Zenodo (CERN European Organization for Nuclear Research)","repository","Amod Kumar Sahwal","4","IN","0","Smart Agriculture and AI","Agricultural and Biological Sciences","Life Sciences","1","1"
"W7147257929","10.5281/zenodo.18218456","2026","article","DeepBlue AI: Smarter Aquatic Futures","Zenodo (CERN European Organization for Nuclear Research)","repository","Shaikh Arshiya Abdul Malik","4","","0","Water Quality Monitoring Technologies","Environmental Science","Physical Sciences","1","1"
"W7204898011","10.1016/j.atech.2026.102532","2026","article","Harnessing digital twin (DT) technology for food security and climate resilience in Sub-Saharan Africa (SSA)","Smart Agricultural Technology","journal","Henri E. Z. Tonnang","8","NG;CO;KE","0","Digital Transformation in Industry","Engineering","Physical Sciences","1","1"
"W4402832748","10.23939/smeu2024.01.153","2024","article","Classification and trends of industry 4.0 technology application by agricultural enterprises","Management and Entrepreneurship in Ukraine the stages of formation and problems of development","journal","Hryhorii Chepil","2","","0","Digitalization and Economic Development in Agriculture","Business, Management and Accounting","Social Sciences","1","0"
"W7135013469","10.5281/zenodo.18978810","2026","article","Smart Fencing System for Protecting Farming Land","Zenodo (CERN European Organization for Nuclear Research)","repository","Amod Kumar Sahwal","4","IN","0","Smart Agriculture and AI","Agricultural and Biological Sciences","Life Sciences","1","1"
"W4410094589","10.20998/2313-8890.2025.01.06","2025","article","THEORETICAL ASPECTS OF FORMING A DIGITAL TOOLKIT FOR MONITORING RISKY FARMING IN THE CONTEXT OF WATER RESOURCE MANAGEMENT","Actual problems of improving of current legislation of Ukraine","journal","Nataliia Lagodiienko","3","UA","0","Food Industry and Aquatic Biology","Agricultural and Biological Sciences","Life Sciences","1","1"
"W7162311898","10.30829/zero.v10i1.28735","2026","article","Geometric Data Augmentation with a Two-Stage Fine-Tuning Strategy for EfficientNetB3-Based Fruit Condition Classification","ZERO Jurnal Sains Matematika dan Terapan","journal","Hana Sajida Azhurra","3","ID","0","Smart Agriculture and AI","Agricultural and Biological Sciences","Life Sciences","1","1"
"W7125922178","10.1007/s10668-025-07266-1","2026","article","Principal component and cluster analysis of key factors influencing IoT adoption in the cassava value chain: A case study from Rwanda","Environment Development and Sustainability","journal","Egas José Armando","7","MZ;RW","0","Cassava research and cyanide","Agricultural and Biological Sciences","Life Sciences","0","0"
"W7131388061","10.5281/zenodo.18766941","2026","article","AgroGan - Synthetic Weather Visualization & Prediction for farmers","Zenodo (CERN European Organization for Nuclear Research)","repository","Mrs G.Rohini Priya, Ms R.S.Hanshihkaa, Ms S.Priyanka","1","IN","0","Smart Agriculture and AI","Agricultural and Biological Sciences","Life Sciences","1","1"
"W7131387976","10.5281/zenodo.18766942","2026","article","AgroGan - Synthetic Weather Visualization & Prediction for farmers","Zenodo (CERN European Organization for Nuclear Research)","repository","Mrs G.Rohini Priya, Ms R.S.Hanshihkaa, Ms S.Priyanka","1","IN","0","Smart Agriculture and AI","Agricultural and Biological Sciences","Life Sciences","1","1"
"W2947177366","10.26262/heal.auth.ir.298037","2018","article","Δυναμική Τιμολόγηση στο λιανικό εμπόριο με τη χρήση DSS","Aristotle University of Thessaloniki","repository","Νικόλαος Κωνσταντίνου Μπαμπίλας","1","","0","Financial Reporting and Valuation Research","Business, Management and Accounting","Social Sciences","1","1"
"W4388677627","10.1504/ijsom.2023.134802","2023","article","Cropland selection decision framework: an application to oil palm cultivation in Colombia","International Journal of Services and Operations Management","journal","Rafael Guillermo García Cáceres","2","CO","0","Oil Palm Production and Sustainability","Environmental Science","Physical Sciences","1","1"
"W4412819284","10.37934/jartim.15.1.3042","2025","article","Technological Innovation and Digitalisation in Monitoring MSPO Compliance: A Review on Blockchain Technology","Journal of Advanced Research in Technology and Innovation Management","journal","Wan Nur Aisyah Abdul Raof","4","MY","0","Blockchain Technology Applications and Security","Computer Science","Physical Sciences","1","0"
"W4414438942","10.64026/jssf/2025008","2025","article","AI-Driven Approaches to Energy Management in Agricultural Cold Chains","Journal of Smart and Sustainable Farming","journal","Ting Li","2","CN","0","Food Supply Chain Traceability","Agricultural and Biological Sciences","Life Sciences","1","1"
"W7138900119","10.24191/ji.v20i2.6420","2025","article","Food security and technological solutions in military settings: a bibliometric and thematic analysis","UiTM Institutional Repositories (Universiti Teknologi MARA)","repository","M. S. Razali","7","MY","0","Food Waste Reduction and Sustainability","Agricultural and Biological Sciences","Life Sciences","1","0"
"W7139601555","","2021","article","МЕНЕДЖМЕНТ ТА ОРГАНІЗАЦІЙНО-ЕКОНОМІЧНІ УМОВИ ПОСИЛЕННЯ МАРКЕТИНГОВОЇ ДІЯЛЬНОСТІ ПІДПРИЄМСТВА ТА ВЕДЕННЯ ЕФЕКТИВНОГО АГРОБІЗНЕСУ","The Scientific Issues of Ternopil Volodymyr Hnatiuk National Pedagogical University Series pedagogy","journal","Л О Ломовських","5","UA","0","Agriculture Market Analysis Ukraine","Agricultural and Biological Sciences","Life Sciences","1","1"
"W7159811534","10.15446/rfnam.v79.122666","2026","review","A systematic review of trends, applications, and challenges of emerging technologies in the agricultural industry","Revista Facultad Nacional de Agronomía Medellín","journal","Claudio Edivaldo Araujo Alonso","5","MX","0","Smart Agriculture and AI","Agricultural and Biological Sciences","Life Sciences","1","1"
"W7132826023","10.3390/agriculture16050542","2026","article","Conceptualisation of Economic Injury Level and Economic Threshold: Agricultural Management, Food Security, Climate Factors, and Value Chain","Agriculture","journal","Albert Thembinkosi Modi","1","ZA","0","Insect-Plant Interactions and Control","Agricultural and Biological Sciences","Life Sciences","1","1"
"W7213746235","10.3389/fsufs.2026.1953861","2026","review","Food value chains: a bibliometric and systematic literature review of strategic dimensions and emerging technologies","Frontiers in Sustainable Food Systems","journal","Brenda Dennís Valadez-Solana","4","MX;CL","0","Bioeconomy and Sustainability Development","Agricultural and Biological Sciences","Life Sciences","1","1"
"W7115922109","10.1051/bioconf/202517801004/pdf","2025","review","Industry 5.0 Innovations for Waste Management and Circular Economy in Sustainable Food systems: A systematic review","Springer Link (Chiba Institute of Technology)","repository","Snehal Gaikwad","2","IN","0","Food Waste Reduction and Sustainability","Agricultural and Biological Sciences","Life Sciences","1","1"
"W4410185823","10.63665/jsa.v2i1.05","2025","article","Image Processing for Quality Analysis of Fruits","Journal of Scientific Advances","journal","Soham Dalvi","5","IN","0","Spectroscopy and Chemometric Analyses","Chemistry","Physical Sciences","1","0"
"W7169679322","10.69996/ijari.2026006","2026","article","Remaining Shelf Life Estimation of Fresh Fruits and Vegetables during Transportation","International Journal of Advance Research and Innovation","journal","SK Anjaneyulu","2","","0","Food Supply Chain Traceability","Agricultural and Biological Sciences","Life Sciences","1","1"
"W4400237572","10.3390/app14135729","2024","article","Development of a Prototype Solution for Reducing Soup Waste in an Institutional Canteen","Applied Sciences","journal","Ana Correia","4","PT","0","Food Waste Reduction and Sustainability","Agricultural and Biological Sciences","Life Sciences","1","1"
"W4387260685","10.56726/irjmets44908","2023","article","Weed Identification and Management in Maize: A Smart System for Precision Weed Control","International Research Journal of Modernization in Engineering Technology and Science","journal","","0","","0","Smart Agriculture and AI","Agricultural and Biological Sciences","Life Sciences","1","1"
"W4416248180","10.29039/2500-1469-2025-13-10-253-265","2025","article","Digital transformation of the agro-industrial complex of Russia in the face of global challenges","Russian Journal of Management","journal","Rasul Uzbekovich Gusmanov","4","RU","0","Agricultural Development and Policies","Agricultural and Biological Sciences","Life Sciences","1","1"
"W4409776207","10.54254/2754-1169/2025.22429","2025","article","Research on Agricultural Product Seed Traceability System Based on Blockchain Technology","Advances in Economics Management and Political Sciences","journal","Haoyang Li","1","CN","0","Food Supply Chain Traceability","Agricultural and Biological Sciences","Life Sciences","1","1"
"W3205185170","","2017","article","A MACHINE TAKING IN POINT OF VIEW FOR FORESEEING AGRICOLA DROUGHTS.","International Journal of Innovative Computer Science & Engineering","journal","G Kala Priyadarshini","1","IN","0","Data Mining Algorithms and Applications","Computer Science","Physical Sciences","1","0"
"W4406981058","10.33182/joph.v5i1.3462","2025","article","The Rise of Posthumanism in Marketing: A Comprehensive Bibliometric Analysis","Journal of Posthumanism","journal","Suwandi S. Sangadji","4","ID","0","Consumer Behavior in Brand Consumption and Identification","Business, Management and Accounting","Social Sciences","1","0"
"W7151425845","10.5281/zenodo.19448072","2026","article","Seasonal Crop Supply Chain Planner With Local Demand Forecasting","Zenodo (CERN European Organization for Nuclear Research)","repository","Mr Amol Vishnu Sawant","2","","0","Smart Agriculture and AI","Agricultural and Biological Sciences","Life Sciences","1","1"
"W7151628599","10.5281/zenodo.19448071","2026","article","Seasonal Crop Supply Chain Planner With Local Demand Forecasting","Zenodo (CERN European Organization for Nuclear Research)","repository","Mr Amol Vishnu Sawant","2","","0","Smart Agriculture and AI","Agricultural and Biological Sciences","Life Sciences","1","1"
"W3207715702","10.30805/kjamp.2021.48.3.420","2021","article","Predicting Consumers Purchase of Agricultural and Livestock Products Using Data Mining Techniques","농업경영·정책연구","journal","Ho Young Rho","3","","0","Nutrition, Health and Food Behavior","Nursing","Health Sciences","1","1"
"W7212176948","10.3390/pr14182884","2026","article","From Farm to Fork: Integrating Smart Farming Data with Isotopic and Spectroscopic Analysis for Food Authentication and Traceability","Processes","journal","Maria Tarapoulouzi","5","CY;SV","0","Spectroscopy and Chemometric Analyses","Chemistry","Physical Sciences","1","0"
"W4409561957","10.33545/26180723.2024.v7.i2g.1806","2024","article","Review on Future digital transforming technologies in agriculture in India: An integrated approach","International Journal of Agriculture Extension and Social Development","journal","J Srikanthnaik","1","","0","Internet of Things and AI","Computer Science","Physical Sciences","1","1"
"W4412094791","10.47747/jpsii.v6i3.2789","2025","article","Prediksi Harga Saham Malindo Feedmill Tbk. (MAIN) Menggunakan Jaringan Saraf Tiruan Long Short-Term Memory (LSTM)","Jurnal Pengembangan Sistem Informasi dan Informatika","journal","Vivin Mahat Putri","3","ID","0","Data Mining and Machine Learning Applications","Computer Science","Physical Sciences","1","1"
"W7169714208","10.1002/fob2.70082","2026","review","Internet of Things and blockchain applications in food audit, authenticity, and traceability: A systematic review","Food biomacromolecules.","journal","S. Sriranjani","2","IN","0","Food Supply Chain Traceability","Agricultural and Biological Sciences","Life Sciences","1","1"
"W4411707662","10.35629/6734-14061929","2025","article","Next-Gen Farming: The Role of AI and ML in Sustainable Agricultural Innovation","International journal of engineering and science invention","journal","Deepika Singh","2","","0","Smart Agriculture and AI","Agricultural and Biological Sciences","Life Sciences","1","1"
"W7204812926","10.1016/j.foohum.2026.101470","2026","article","Spectroscopic discrimination of non-stunned and electrically stunned chicken meat using portable NIR spectroscopy and predictive modeling","Food and Humanity","journal","Nurkanti Mia","5","BD;KR","0","Spectroscopy and Chemometric Analyses","Chemistry","Physical Sciences","0","0"
"W7152406731","10.1007/s44279-025-00385-3","2026","article","Sustainable engineering solutions for achieving resilient food security in Nigeria","Discover Agriculture","journal","Chidiebele E. J. Uzoagba","3","NG","0","Water-Energy-Food Nexus Studies","Environmental Science","Physical Sciences","1","1"
"W4414047125","10.32752/1993-6788-2025-1-289-65-77","2025","article","INNOVATION POTENTIAL OF UKRAINE: CHALLENGES, PROSPECTS AND DRIVERS OF DEVELOPMENT","Actual Problems of Economics","journal","Алла Василівна Череп","4","UA","0","Economic Issues in Ukraine","Economics, Econometrics and Finance","Social Sciences","1","0"
"W7214089403","10.1016/j.envc.2026.101673","2026","article","Digital intelligence, green transition, and fossil energy: Asymmetric market transmission from AI-related equity performance","Environmental Challenges","journal","Victoria Olushola Olanrewaju","5","LB;TR;SA","0","Market Dynamics and Volatility","Economics, Econometrics and Finance","Social Sciences","1","1"
"W4399829920","10.56369/tsaes.5474","2024","article","SENTINEL-2, HERRAMIENTA EN LA SEGURIDAD AGROALIMENTARIA Y AGRICULTURA DE PRECISIÓN","Tropical and Subtropical Agroecosystems","journal","Aaron David Lugo-Palacios","5","MX;GB","0","Agricultural and Food Production Studies","Agricultural and Biological Sciences","Life Sciences","1","1"
"W4410347170","10.55248/gengpi.6.0425.16113","2025","article","AgroMind: IoT & AI Based Smart Farming System","International Journal of Research Publication and Reviews","journal","Ruchi Kashyap","4","","0","Smart Agriculture and AI","Agricultural and Biological Sciences","Life Sciences","1","1"
"W7143495985","10.1016/j.atech.2026.102063","2026","article","Modeling nonlinear spectral-yield relationships in spring wheat using a developed deep feed-forward neural architecture","Smart Agricultural Technology","journal","Maria Villamil-Mahecha","4","US","0","Smart Agriculture and AI","Agricultural and Biological Sciences","Life Sciences","1","1"
"W4407666219","10.17821/srels/2025/v62i1/171645","2025","article","Bytes for Bites: Revolutionizing Sustainable Diets in India through Innovative Technologies","Journal of Information and Knowledge","journal","Arushi Jain","3","AU;IN","0","Agriculture Sustainability and Environmental Impact","Environmental Science","Physical Sciences","1","0"
"W4400996581","10.54097/yhmd9x32","2024","article","A Study on Vegetable Sales Forecasting Based on Seasonal Indices and LSTM Model","Highlights in Business Economics and Management","journal","Xudong He","4","CN","0","Spectroscopy and Chemometric Analyses","Chemistry","Physical Sciences","1","1"
"W4414181004","10.1007/s00500-025-10863-x","2025","article","FruCapsNet: A shuffled attention based capsule network for multi-fruit quality assessment","Soft Computing","journal","Sachin Kumar Gupta","3","IN","0","Smart Agriculture and AI","Agricultural and Biological Sciences","Life Sciences","0","0"
"W7171518775","10.64643/ijirtv12i12-206764-459","2026","article","Areca Mitra: Smart Farm Assistant and Weather Guard System","International Journal of Innovative Research in Technology","journal","Abhishek Rai","5","","0","Smart Agriculture and AI","Agricultural and Biological Sciences","Life Sciences","1","1"
"W4395066242","10.58915/jere.v15.2023.649","2024","article","Enhancing Vegetable Price Forecasting Accuracy: A Hybrid SARIMA- DWT-GANN Approach","Journal of Engineering Research and Education (JERE)","journal","Kar Yan Choong","4","MY","0","Forecasting Techniques and Applications","Decision Sciences","Social Sciences","1","1"
"W4414276361","10.31510/infa.v21i2.2101","2025","article","IA E DRONES NA AGRICULTURA","Revista Interface Tecnológica","journal","Bianca Balabenute","2","BR","0","Aviation History and Innovations","Arts and Humanities","Social Sciences","1","1"
"W4413337536","10.61132/bumi.v3i3.1031","2025","article","Penyuluhan Pemanfaatan Teknologi IoT dan AI pada Pertanian Melom Premium kepada Kelompok Satria Tani Hanggawana Kabupaten Tegal","Bumi","journal","Nurfahmi Fadlillah","2","","0","Food and Agricultural Sciences","Agricultural and Biological Sciences","Life Sciences","1","1"
"W7162397626","10.1051/bioconf/202623601026/pdf","2026","article","Industrial IoT in the Food Sector: A Scopus Bibliometric Mapping","Springer Link (Chiba Institute of Technology)","repository","Iliana Ilieva","3","BG","0","Digital Transformation in Industry","Engineering","Physical Sciences","1","0"
"W7112829352","","2025","article","Food security and technological solutions in military settings: a bibliometric and thematic analysis","UiTM Institutional Repositories (Universiti Teknologi MARA)","repository","Razali, Mohamad Azli","7","MY","0","Food Waste Reduction and Sustainability","Agricultural and Biological Sciences","Life Sciences","1","0"
"W7214380210","10.1038/s43247-026-04059-w","2026","article","Social structural factors outperform economic assumptions in explaining global municipal waste generation","Communications Earth & Environment","journal","Lisandra Rocha‐Meneses","6","EE;PL;CO;AE;GB","0","Municipal Solid Waste Management","Environmental Science","Physical Sciences","1","0"
"W4400173799","10.33545/26180723.2024.v7.i6sc.731","2024","article","Impact of ICT used by the respondent in Bihta block of Patna region","International Journal of Agriculture Extension and Social Development","journal","Alok Kumar","2","IN","0","Indian Economic and Social Development","Economics, Econometrics and Finance","Social Sciences","1","1"
"W7118643092","10.1016/j.indcrop.2025.122470","2026","article","Exploring the potential of non-food biobased oils as waxy crude oil flow improvers: Recent developments, challenges and future prospects","Industrial Crops and Products","journal","Sunday Uzochukwu John","6","NG","0","Petroleum Processing and Analysis","Chemistry","Physical Sciences","1","0"
"W4399132356","10.54254/2755-2721/66/20240949","2024","article","Research on the application of computer science in wind power generation and the future trends","Applied and Computational Engineering","journal","Haipeng Shou","1","CN","0","Energy Load and Power Forecasting","Engineering","Physical Sciences","1","1"
"W7155355153","10.9734/jaeri/2026/v27i3751","2026","article","A Review on Revolutionizing Modern Agriculture: The Impact of IoT Technologies","Journal of Agriculture and Ecology Research International","journal","R. P. Srivastava","6","IN","0","Smart Agriculture and AI","Agricultural and Biological Sciences","Life Sciences","1","1"
"W7127144007","10.1051/shsconf/202521601012/pdf","2025","article","Development of Ai-Based Crop Quality Grading Systems using Image Recognition","Springer Link (Chiba Institute of Technology)","repository","Prerna Dusi","2","","0","Smart Agriculture and AI","Agricultural and Biological Sciences","Life Sciences","1","0"
"W4414167221","10.1002/jsfa.70206","2025","article","The contribution of vibrational spectroscopy and data analytics towards the achievement of the global sustainability goals","Journal of the Science of Food and Agriculture","journal","Daniel Cozzolino","2","AU","0","Spectroscopy and Chemometric Analyses","Chemistry","Physical Sciences","1","1"
"W7214402306","10.3389/fsufs.2026.1882123","2026","article","Policy coordination of public data openness and supercomputing center for agricultural chain resilience","Frontiers in Sustainable Food Systems","journal","Zhaoqun Chen","3","CN","0","Water-Energy-Food Nexus Studies","Environmental Science","Physical Sciences","1","0"
"W7206151349","10.1016/j.clscn.2026.100371","2026","article","Systematic analysis of life cycle assessment tools in supply chain management","Cleaner Logistics and Supply Chain","journal","Busola Dorcas Akintayo","5","ES;ZA","0","Sustainable Supply Chain Management","Business, Management and Accounting","Social Sciences","1","1"
"W7204115083","10.2147/nsa.s621362","2026","article","Applications and Emergent Solutions for the Nanofood Industry and Nanoagriculture: Technology Landscape, Market Analysis, and Patent Trends","Nanotechnology Science and Applications","journal","Małgorzata Kus‐Liśkiewicz","3","PL;PT","0","Nanoparticles: synthesis and applications","Materials Science","Physical Sciences","1","0"
"W7128424731","10.1371/journal.pone.0334270","2026","article","A new method of off-site inverse carbon accounting and its application in agriculture carbon measurement","PLoS ONE","journal","Hui Shen","4","CN;CA","0","Plant Water Relations and Carbon Dynamics","Environmental Science","Physical Sciences","1","0"
"W4405995820","10.5958/0976-2442.2024.00004.4","2024","article","Role of digital agriculture in shaping the future of Indian farming","Journal of Global Communication","journal","C. Vaishnavi","4","IN","0","Smart Agriculture and AI","Agricultural and Biological Sciences","Life Sciences","1","1"
"W4416098961","10.1007/s11135-025-02476-1","2025","review","5G networks and their impact on the evolution of real-time monitoring and control systems for Industry 4.0: a systematic review","Quality & Quantity","journal","Rosalynn Ornella Flores-Castañeda","3","PE","0","Digital Transformation in Industry","Engineering","Physical Sciences","0","0"
"W3207263247","10.1093/af/vfab046","2021","article","Climate change adaptation for livestock production in southern Australia: transdisciplinary approaches for integrated solutions","Animal Frontiers","journal","Brendan Richard Cullen","8","AU","12","Agriculture Sustainability and Environmental Impact","Environmental Science","Physical Sciences","1","1"
"W4412058618","10.47772/ijriss.2025.906000179","2025","article","Analyzing the Impact of Technological Innovations on Green Logistics for Sustainable Last-Mile Delivery of Perishable Farm Produce","International Journal of Research and Innovation in Social Science","journal","Omolola Madoh GEGELESO","2","","0","Urban and Freight Transport Logistics","Engineering","Physical Sciences","1","0"
"W7171310770","10.1016/j.atech.2026.102430","2026","article","The path of agricultural digital transformation: from precision empowerment to an intelligent and sustainable future","Smart Agricultural Technology","journal","Feiyan Wang","9","CN","0","Smart Agriculture and AI","Agricultural and Biological Sciences","Life Sciences","1","1"
"W4312273647","10.5958/2454-552x.2021.00110.9","2021","article","Utilization and impact of digital extension services: A quick way to deliver agriculture information to the farming community","Indian Journal of Extension Education","journal","Geeta Singh","3","","0","Digitalization and Economic Development in Agriculture","Business, Management and Accounting","Social Sciences","1","1"
"W4415615792","10.9734/acri/2025/v25i101588","2025","article","Integrating ICT into Livestock Production and Management: A Comprehensive Review","Archives of Current Research International","journal","Suraj C. Koujalagi","8","IN","0","Animal Behavior and Welfare Studies","Veterinary","Health Sciences","1","1"
"W7160438679","10.5281/zenodo.20054267","2026","article","Krisho: Bharat's Direct Farm-to-Table Marketplace Using AI and Voice Technology","Zenodo (CERN European Organization for Nuclear Research)","repository","Assistant Professor Shubhi Verma","4","","0","Smart Agriculture and AI","Agricultural and Biological Sciences","Life Sciences","1","0"
"W7160449937","10.5281/zenodo.20054268","2026","article","Krisho: Bharat's Direct Farm-to-Table Marketplace Using AI and Voice Technology","Zenodo (CERN European Organization for Nuclear Research)","repository","Assistant Professor Shubhi Verma","4","","0","Smart Agriculture and AI","Agricultural and Biological Sciences","Life Sciences","1","0"
"W3195779636","","2021","article","Smart Farming - Challenges and Their Solution on Agriculture Using IoT","Annals of the Romanian Society for Cell Biology","journal","C. S. Srinivasan","1","","0","Smart Agriculture and AI","Agricultural and Biological Sciences","Life Sciences","1","1"
"W7212055168","10.1016/j.cesys.2026.100509","2026","review","A digital circular food system: A systematic review and novel conceptual framework","Cleaner Environmental Systems","journal","Ruwaida AlNajdawi","3","GB","0","Food Waste Reduction and Sustainability","Agricultural and Biological Sciences","Life Sciences","1","1"
"W4412917362","10.52710/cfs.721","2024","article","AI and Blockchain in Critical Food Supply Infrastructure: Cybersecurity Threats and Solutions","Computer Fraud & Security","journal","Muhammad Shahbaz Khan","1","","0","Blockchain Technology Applications and Security","Computer Science","Physical Sciences","1","0"
"W7134494203","","2022","article","ЦИФРОВІ ТЕХНОЛОГІЇ В УПРАВЛІННІ СІЛЬСЬКОГОСПОДАРСЬКИМ ПІДПРИЄМСТВОМ","The Scientific Issues of Ternopil Volodymyr Hnatiuk National Pedagogical University Series pedagogy","journal","В. Войтенко","2","UA","0","Digital Transformation in Financial Services","Economics, Econometrics and Finance","Social Sciences","1","1"
"W4408038075","10.31031/mcda.2024.14.000847","2024","article","Agricultural Research Innovations, Challenges and Opportunities","Modern Concepts & Developments in Agronomy","journal","Tasneem Ahmad","1","","0","Agricultural Systems and Practices","Agricultural and Biological Sciences","Life Sciences","1","1"
"W7163758541","10.1016/j.foodcont.2026.112364","2026","article","Chemometrics- and AI-driven optical techniques for rapid detection of cereal grain toxins: an up-to-date comprehensive review (2020–present)","Food Control","journal","Mengchao Lv","5","CN","0","Spectroscopy and Chemometric Analyses","Chemistry","Physical Sciences","0","0"
"W4380849093","10.1093/af/vfad044","2023","article","The effects of breeding and selection on lactation in dairy cattle","Animal Frontiers","journal","John B. Cole","5","US;CA","32","Effects of Environmental Stressors on Livestock","Agricultural and Biological Sciences","Life Sciences","1","1"
"W4411495184","10.20900/jsr20250038","2025","article","The Effectiveness of AI: Feedback on the Project to Counteract Food Waste","Journal of Sustainability Research","journal","Pascal Vrignat","6","FR","0","Impact of AI and Big Data on Business and Society","Decision Sciences","Social Sciences","1","0"
"W7202189322","10.1016/j.foodcont.2026.112549","2026","article","Dynamic shelf-life prediction for foods in intelligent packaging: AI-driven multimodal sensing and closed-loop decision-making","Food Control","journal","Hanyu Wei","9","CN","0","Food Waste Reduction and Sustainability","Agricultural and Biological Sciences","Life Sciences","0","1"
"W4409242122","10.55248/gengpi.6.0325.12207","2025","article","The Smart Agriculture System","International Journal of Research Publication and Reviews","journal","Tushar Sharma","3","IN","0","Smart Agriculture and AI","Agricultural and Biological Sciences","Life Sciences","1","1"
"W7169840755","10.1002/smll.74710","2026","article","Triboelectric Nanogenerators for Food Quality Monitoring: Mechanisms and Applications","Small","journal","Jinghan Zhang","9","CN","0","Advanced Sensor and Energy Harvesting Materials","Engineering","Physical Sciences","1","0"
"W7171927236","10.1108/scm-12-2025-1269","2026","article","What works in digital transformation for agro-industry? Evidence from meso-institutional governance in the tomato value chain","Supply Chain Management An International Journal","journal","Maria Teresa Cappella","3","IT","0","Smart Agriculture and AI","Agricultural and Biological Sciences","Life Sciences","1","1"
"W4366780398","10.22214/ijraset.2023.50710","2023","article","Application for Solution to Identify and Solve Disease in Plants/Crops","International Journal for Research in Applied Science and Engineering Technology","journal","Prof. A. A. Bardekar","6","","0","Smart Agriculture and AI","Agricultural and Biological Sciences","Life Sciences","1","1"
"W4410161013","10.63332/joph.v5i5.1516","2025","article","Influence of Socioeconomic Variables and Skills on the Overall Productivity of a Farm: A Gradient Boosting Based Approach","Journal of Posthumanism","journal","Diana Vicky Aguilar Pita","4","EC","0","Sustainable Agricultural Systems Analysis","Environmental Science","Physical Sciences","1","1"
"W4415503198","10.1016/j.compag.2025.111137","2025","article","Pilot study on integrating multidisciplinary technologies to implement an autonomous and smart harvester for asparagus","Computers and Electronics in Agriculture","journal","Joe‐Air Jiang","10","TW","0","Smart Agriculture and AI","Agricultural and Biological Sciences","Life Sciences","0","0"
"W4281681128","10.1007/s43069-022-00142-y","2022","article","Cooperative Decision-Making to Minimize Biased Perceived Value Effect on Business Process Decisions Using Partially Observable Markov Decision Processes","Operations Research Forum","journal","Sérgio Luís Proença Duarte Guerreiro","1","PT","0","Business Process Modeling and Analysis","Business, Management and Accounting","Social Sciences","0","1"
"W4402111320","10.33545/2618060x.2024.v7.i8sk.1386","2024","article","A comparison of random forest based models for agricultural crop yield prediction","International Journal of Research in Agronomy","journal","Manoj Varma","6","IN","0","Hydrological Forecasting Using AI","Environmental Science","Physical Sciences","1","1"
"W4411275828","10.3390/computers14060234","2025","article","An Innovative Process Chain for Precision Agriculture Services","Computers","journal","Christos G. Karydas","3","GR","0","Smart Agriculture and AI","Agricultural and Biological Sciences","Life Sciences","1","1"
"W7147233043","10.3103/s0003701x25601188","2025","article","Comparative Analysis of Long Short-Term Memory and Transformer for Wind Speed Prediction: Performance, Challenges, and Optimization","Applied Solar Energy","journal","M. Nazari","2","IR","0","Energy Load and Power Forecasting","Engineering","Physical Sciences","1","1"
"W7104053856","10.5281/zenodo.17522621","2025","article","AGRO-BIOLOGICAL POWER AND GLOBAL GOVERNANCE: THE STRATEGIC ROLE OF AGRICULTURAL BIOTECHNOLOGY IN CONTEMPORARY FOREIGN POLICY","Zenodo (CERN European Organization for Nuclear Research)","repository","Dr. Sıddık Arslan*","1","","0","Genetically Modified Organisms Research","Agricultural and Biological Sciences","Life Sciences","1","1"
"W7104056452","10.5281/zenodo.17522620","2025","article","AGRO-BIOLOGICAL POWER AND GLOBAL GOVERNANCE: THE STRATEGIC ROLE OF AGRICULTURAL BIOTECHNOLOGY IN CONTEMPORARY FOREIGN POLICY","Zenodo (CERN European Organization for Nuclear Research)","repository","Dr. Sıddık Arslan*","1","","0","Genetically Modified Organisms Research","Agricultural and Biological Sciences","Life Sciences","1","1"
"W7167813551","10.9734/acri/2026/v26i72019","2026","article","The Veterinarian's Role in Food Safety: Ensuring Safe Food from Farm to Fork in the One Health Era","Archives of Current Research International","journal","Sandeep Kumar","4","IN","0","Zoonotic diseases and public health","Medicine","Health Sciences","1","1"
"W7213239181","10.1038/s41598-026-63273-w","2026","article","Digital-enabled life cycle thinking for sustainable food systems: aligning with sustainable development goals","Scientific Reports","journal","S. U. Parvathy","6","IN;GB","0","Agriculture Sustainability and Environmental Impact","Environmental Science","Physical Sciences","1","1"
"W4411377052","10.1504/ijids.2025.146711","2025","article","Predictive data using linear regression in agricultural production","International Journal of Information and Decision Sciences","journal","Clóvis Santos","2","BR","0","Agricultural Economics and Practices","Agricultural and Biological Sciences","Life Sciences","1","1"
"W2557229112","10.25777/n7kx-f612","2019","article","A Framework and System for a Multi-Model Decision Aid for Sustainable Farming Practices","ODU Digital Commons (Old Dominion University)","repository","Kasi Bharath Vegesana","1","US","0","Greenhouse Technology and Climate Control","Agricultural and Biological Sciences","Life Sciences","1","1"
"W7171374283","10.1016/j.talanta.2026.130340","2026","article","Nano-enabled fluorescent sensing platforms for on-site detection of pesticides in food","Talanta","journal","Nanjun Wang","5","CN","0","Carbon and Quantum Dots Applications","Materials Science","Physical Sciences","1","0"
"W4408869248","10.55041/ijsrem42915","2025","article","Smart Farming","INTERANTIONAL JOURNAL OF SCIENTIFIC RESEARCH IN ENGINEERING AND MANAGEMENT","journal","Prof. Priyadarshini Badgujar","1","","0","Smart Agriculture and AI","Agricultural and Biological Sciences","Life Sciences","1","1"
"W7154728957","10.3724/j.issn.1000-3045.20260308001","2026","article","Impact of climate change on agricultural production in the North China Plain and adaption strategies","Zhongguo Kexueyuan yuankan","journal","Yanjun SHEN","4","","0","Remote Sensing in Agriculture","Environmental Science","Physical Sciences","1","1"
"W4414848379","10.18805/ajdfr.dr-2333","2025","article","Modernisation and Technological Adoption in Dairy Sector for Achieving Sustainable Development Goals: A Case Study on Indian Dairy Sector","Asian Journal of Dairy and Food Research","journal","Chandra Kr. Tiwari","4","IN","0","Agricultural Economics and Practices","Agricultural and Biological Sciences","Life Sciences","1","1"
"W7167643394","10.63341/esbur/1.2026.160","2026","article","Harnessing digital technologies for food security in developing countries: A focus on conflict-affected regions (literature review)","Ecological Safety and Balanced Use of Resources","journal","Szilvia Veress Juhaszné","2","HU","0","Food Security and Health in Diverse Populations","Health Professions","Health Sciences","1","1"
"W7203881760","10.1007/s44443-026-01123-5","2026","article","AI-driven agricultural productivity: detecting potato leaf diseases with multi-scale feature extraction","Journal of King Saud University - Computer and Information Sciences","journal","Amr Elkholy","3","EG","0","Smart Agriculture and AI","Agricultural and Biological Sciences","Life Sciences","1","1"
"W7154537991","10.3389/fsufs.2026.1766844","2026","article","Green AI for climate-smart dairy and poultry: a tiered policy framework for computational sustainability","Frontiers in Sustainable Food Systems","journal","Suresh Raja Neethirajan","1","CA","0","Agriculture Sustainability and Environmental Impact","Environmental Science","Physical Sciences","1","1"
"W7167248193","10.5281/zenodo.21166732","2025","article","D3.7 - Finalized set of ELSA lab services & report on their performance","Zenodo (CERN European Organization for Nuclear Research)","repository","Can Atik","6","NL;ES;PL;FR","0","Smart Agriculture and AI","Agricultural and Biological Sciences","Life Sciences","1","1"
"W7162198731","10.1007/s11694-026-04484-7","2026","article","Current status of machine vision technology for food safety inspection: a review","Journal of Food Measurement & Characterization","journal","Honglei Wei","2","CN","0","Spectroscopy and Chemometric Analyses","Chemistry","Physical Sciences","0","0"
"W4390271570","10.24158/tipor.2023.12.37","2023","article","Thematic Analysis of Russian Research in the Field of Digitalization of the Economy","Теория и практика общественного развития","journal","Viktor A. Blaginin","2","","0","Economic and Technological Developments in Russia","Social Sciences","Social Sciences","1","1"
"W4400306463","10.1111/1750-3841.17219","2024","article","Using a Centroid‐based approach for a reliable identification of morels ( Morchella spp.): A case study for food authentication","Journal of Food Science","journal","Melissa Cravero","5","CH","0","Identification and Quantification in Food","Biochemistry, Genetics and Molecular Biology","Life Sciences","1","0"
"W7152706014","10.5281/zenodo.19486917","2025","article","A Systematic Review of Time-Series Forecasting Methodologies for Clinical Outcomes in Rwandan Pharmaceutical Manufacturing Systems (2021–2026)","Zenodo (CERN European Organization for Nuclear Research)","repository","Marie Chantal Uwase","3","RW","0","Pharmaceutical Economics and Policy","Economics, Econometrics and Finance","Social Sciences","1","1"
"W7152595958","10.5281/zenodo.19486916","2025","article","A Systematic Review of Time-Series Forecasting Methodologies for Clinical Outcomes in Rwandan Pharmaceutical Manufacturing Systems (2021–2026)","Zenodo (CERN European Organization for Nuclear Research)","repository","Marie Chantal Uwase","3","RW","0","Pharmaceutical Economics and Policy","Economics, Econometrics and Finance","Social Sciences","1","1"
"W4405908000","10.15688/re.volsu.2024.3.8","2024","article","Introducing Digital Technologies into the Regional Practice of the FoodNet Market","Regionalnaya ekonomika Yug Rossii","journal","Inna Mitrofanova","3","RU;IN","0","Food Industry and Aquatic Biology","Agricultural and Biological Sciences","Life Sciences","1","0"
"W7168456100","10.5281/zenodo.21387291","2026","article","AI in Indian Agriculture: Status & Prospects","Zenodo (CERN European Organization for Nuclear Research)","repository","Satish Ghadage","2","","0","Smart Agriculture and AI","Agricultural and Biological Sciences","Life Sciences","1","1"
"W7147419986","10.1111/jfpe.70447","2026","article","Smart Detection of Food Fraud Using Supervised Learning: A Comparative Analysis of Ensemble and Traditional Classification Models","Journal of Food Process Engineering","journal","Anshul Agrawal","4","IN","0","Identification and Quantification in Food","Biochemistry, Genetics and Molecular Biology","Life Sciences","1","1"
"W7168464912","10.5281/zenodo.21387290","2026","article","AI in Indian Agriculture: Status & Prospects","Zenodo (CERN European Organization for Nuclear Research)","repository","Satish Ghadage","2","","0","Smart Agriculture and AI","Agricultural and Biological Sciences","Life Sciences","1","1"
"W3192023972","10.52571/ptq.v18.n38.2021.16_peregudov_pgs_224_241.pdf","2021","article","STUDY OF THE SORPTION OF AMMONIUM CATIONS ON A FIBROUS CARBOXYLIC SORBENT","PERIÓDICO TCHÊ QUÍMICA","journal","Yuriy S. Peregudov","5","RU","0","Food Industry and Aquatic Biology","Agricultural and Biological Sciences","Life Sciences","1","0"
"W7166313690","10.1051/epjconf/202637402003/pdf","2026","article","Analysis of Warehouse Locations in the Cold Chain: A Hybrid Approach with Principal Component Analysis and Supervised Learning: Towards a More Efficient and Resilient Logistics","Springer Link (Chiba Institute of Technology)","repository","Ouamima Asri","4","MA","0","Food Supply Chain Traceability","Agricultural and Biological Sciences","Life Sciences","1","1"
"W7166570780","10.3390/fi18070338","2026","article","International Digital System for Collective Food Security Support","Future Internet","journal","Maxim Sergeevich Logachev","2","RU","0","Food Waste Reduction and Sustainability","Agricultural and Biological Sciences","Life Sciences","1","0"
"W7203669612","10.1007/s44274-026-00985-w","2026","article","Bibliometric and content analysis of research trends in climate change, climate-smart agriculture, and food security nexus from 2012 to 2026","Discover Environment","journal","Wendmagegn Belete Debele","2","ET","0","Agriculture Sustainability and Environmental Impact","Environmental Science","Physical Sciences","1","1"
"W4414784573","10.26502/fccm.92920462","2025","article","Lifestyle Medicine in Action: Bridging the Gap Between Evidence and Cardiology Guidelines","Cardiology and Cardiovascular Medicine","journal","Dasaad Mulijono","1","","0","Obesity and Health Practices","Health Professions","Health Sciences","1","0"
"W7117968148","10.54796/njb.v13i2.463","2025","article","Harnessing Biofertilizers for Sustainable Agriculture: Mechanistic Insights, Performance Variability, and Soil Health Outcomes","Nepal Journal of Biotechnology","journal","Muhammad Junaid","8","PK","0","Plant-Microbe Interactions and Immunity","Agricultural and Biological Sciences","Life Sciences","1","1"
"W7160981431","10.3390/su18104735","2026","article","Selecting Food Loss and Waste Mitigation Technologies Under Preference Uncertainty: An Explainable Multi-Criteria Decision Support Framework","Sustainability","journal","António Carvalho","5","PT","0","Food Waste Reduction and Sustainability","Agricultural and Biological Sciences","Life Sciences","1","1"
"W7113903925","10.1051/bioconf/202520103003/pdf","2025","article","Digital Marketing Strategies for Agriculture: Indonesia and Ukraine","Springer Link (Chiba Institute of Technology)","repository","Rahayu Relawati","3","","0","E-commerce and Technology Innovations","Business, Management and Accounting","Social Sciences","1","0"
"W7167501923","10.1016/j.foodcont.2026.112455","2026","article","Toward autonomous food preservation through essential oil-based nanoformulations coupled with AI and foodomics for real-time safety and shelf-life prediction","Food Control","journal","Mohammad Nazrul Islam Bhuiyan","3","BD","0","Nanocomposite Films for Food Packaging","Materials Science","Physical Sciences","0","0"
"W4413825963","10.1016/j.atech.2025.101390","2025","article","A computational approach for automated assessment of poultry barns with field validation","Smart Agricultural Technology","journal","Rana Das","7","US;VN","0","Identification and Quantification in Food","Biochemistry, Genetics and Molecular Biology","Life Sciences","1","1"
"W4385769762","10.17148/ijarcce.2023.12738","2023","article","PEST CONTROL & IOT BASED AGRICULTURE WITH SOLAR (Krshi Suraksha)","IJARCCE","journal","Idikuda maniraj","3","IN","0","Innovations in Aquaponics and Hydroponics Systems","Agricultural and Biological Sciences","Life Sciences","1","1"
"W4412744669","10.22434/ifamr.1256","2025","article","ESG for a small enterprise in an emerging market: AirSmat’s innovative approach to sustainable agriculture in Nigeria","The International Food and Agribusiness Management Review","journal","Edward Mabaya","4","US;ZA","0","Economic and Business Development Strategies","Economics, Econometrics and Finance","Social Sciences","1","1"
"W7207727489","10.5281/zenodo.22272199","2026","article","Digital Transformation of Agricultural Education in Nigeria: Challenges, Opportunities, and Policy Implications","Zenodo (CERN European Organization for Nuclear Research)","repository","Dr Chijiok-Eke Joy Ndidi","1","","0","Diverse Educational Innovations Studies","Agricultural and Biological Sciences","Life Sciences","1","1"
"W7207871679","10.5281/zenodo.22272198","2026","article","Digital Transformation of Agricultural Education in Nigeria: Challenges, Opportunities, and Policy Implications","Zenodo (CERN European Organization for Nuclear Research)","repository","Dr Chijiok-Eke Joy Ndidi","1","","0","Diverse Educational Innovations Studies","Agricultural and Biological Sciences","Life Sciences","1","1"
"W7204502750","","2026","article","Applications and Emergent Solutions for the Nanofood Industry and Nanoagriculture: Technology Landscape, Market Analysis, and Patent Trends","DOAJ (DOAJ: Directory of Open Access Journals)","repository","Kus-Liskiewicz M","3","","0","Nanoparticles: synthesis and applications","Materials Science","Physical Sciences","1","0"
"W4406077695","10.34151/prosidingsnast.v1i1.5031","2024","article","SISTEM PAKAR DIAGNOSA PENYAKIT PADA TANAMAN JAGUNG MENGGUNAKAN METODE FORWARD CHAINING","Prosiding SNAST","journal","Asep Afandi","3","","0","Edcuational Technology Systems","Computer Science","Physical Sciences","1","0"
"W7204035006","10.5281/zenodo.22070534","2026","article","Should You Buy That Agricultural AI? Eight Questions Before You Sign","Zenodo (CERN European Organization for Nuclear Research)","repository","Jackson Mambozoukuni","1","","0","Smart Agriculture and AI","Agricultural and Biological Sciences","Life Sciences","1","0"
"W4377205914","10.46336/ijbesd.v4i2.432","2023","article","The Impact of Capability on Cooperative Performance and Sustainability: A Case Study of West Java Coffee Farmers Cooperatives","International Journal of Business Economics and Social Development","journal","Wini Fetia Wardhiani","4","ID","0","SMEs Development and Digital Marketing","Social Sciences","Social Sciences","1","1"
"W4210628939","10.35679/2226-0226-2021-11-7-2138-2148","2021","article","DIRECTIONS FOR INCREASING EFFICIENCY AND REDUCING THE RISK OF ACTIVITIES OF AGRO ENTERPRISES IN THE DIGITAL ENVIRONMENT","Scientific Review Theory and Practice","journal","Евгения Витальевна Шаронова","1","","0","Digitalization and Economic Development in Agriculture","Business, Management and Accounting","Social Sciences","1","0"
"W7165907688","10.1016/j.fufo.2026.101106","2026","article","A bibliometric study on robotics in food processing: current status, progress and future perspective","Future Foods","journal","Pandeeshwaran Santhoshkumar","4","IT","0","Smart Agriculture and AI","Agricultural and Biological Sciences","Life Sciences","1","0"
"W4399026045","10.63040/25827510.2023.01.009","2023","article","Summaries of Group Discussion- Innovations, Access to Technology and Competitiveness of Markets","INDIAN JOURNAL OF AGRICULTURAL ECONOMICS","journal","Ranjit Kumar","1","IN","0","ICT Impact and Policies","Engineering","Physical Sciences","1","0"
"W4392624792","10.56726/irjmets50165","2024","article","Virtual Fencing Using YOLO Framework In Agricultural Field","International Research Journal of Modernization in Engineering Technology and Science","journal","","0","","0","Industrial Technology and Control Systems","Engineering","Physical Sciences","1","1"
"W3120954294","","2020","article","Territorial intelligence: planning, management and systems to support strategic decisions.","","","J. R. da Costa","15","","0","Soil and Land Suitability Analysis","Environmental Science","Physical Sciences","1","1"
"W7213952359","10.3390/agronomy16181842","2026","article","Turning Waste into Growth: A BBD-RSM and ANN-Driven Optimization of Spirulina–Eggshell–Tannic Acid Bio-Formulations for Durum Wheat Germination","Agronomy","journal","Safia Ben Amor","12","DZ;MX","0","Seed Germination and Physiology","Agricultural and Biological Sciences","Life Sciences","1","1"
"W7212107088","10.3390/land15091677","2026","article","Digital Economy Participation and Farm Expansion: Evidence from Farmland Rental Market Entry and Operated Farmland Area in China’s Major Grain-Producing Areas","Land","journal","Caihua Xu","3","CN","0","Land Rights and Reforms","Agricultural and Biological Sciences","Life Sciences","1","0"
"W7154630611","10.1016/j.jafr.2026.102922","2026","article","Multimodal learning for coffee bean classification using handcrafted features, image embeddings, and regional metadata","Journal of Agriculture and Food Research","journal","Ahmad Avatar Tulsi","5","US;ID","0","Smart Agriculture and AI","Agricultural and Biological Sciences","Life Sciences","1","0"
"W7213939911","10.1016/j.jenvman.2026.130958","2026","article","Linking agricultural land use efficiency and trade policy friendliness to embodied carbon transfers:Evidence from China-ASEAN agricultural trade","Journal of Environmental Management","journal","Xianlu Ao","4","CN;HK","0","Agricultural Economics and Policy","Agricultural and Biological Sciences","Life Sciences","1","1"
"W7213288511","10.3390/su18189481","2026","article","Relational Drivers and Technical Efficiency in Indonesian Banana Value Chains: A Multi-Actor Regression-DEA Analysis","Sustainability","journal","Dikky Indrawan","12","ID;SG","0","Agricultural Innovations and Practices","Agricultural and Biological Sciences","Life Sciences","1","1"
"W7166327087","10.56557/ajoair/2026/v9i1564","2026","article","Internet of Things Using Fog Computing Framework for Smart Refrigeration Maintenance: A Critical Review","Asian Journal of Advances in Research","journal","Aarti Rani","1","IN","0","IoT and Edge/Fog Computing","Computer Science","Physical Sciences","1","0"
"W4405188143","10.47392/irjash.2024.049","2024","article","Green Thumb Advisor Smart Farming Solutions for Higher Yields and Informed Decisions","International Research Journal on Advanced Science Hub","journal","M. Vinitha","5","IN","0","Smart Agriculture and AI","Agricultural and Biological Sciences","Life Sciences","1","1"
"W4414343588","10.3390/ani15182729","2025","article","Fuzzy Logic-Based Decision Support for Dairy Cattle Welfare Integrating Different Benchmarks","Animals","journal","Sándor Gáspár","4","HU","0","Animal Behavior and Welfare Studies","Veterinary","Health Sciences","1","1"
"W7160696793","10.9734/acri/2026/v26i51903","2026","article","Advances and Applications of Heat Pump Dryers in Food Processing: A Comprehensive Review","Archives of Current Research International","journal","Karishma Verma","6","IN","0","Food Drying and Modeling","Agricultural and Biological Sciences","Life Sciences","1","0"
"W4286893205","10.5281/zenodo.5601354","2021","article","Energy Efficiency Using IOTA Tangle for Greenhouse Agriculture","Zenodo (CERN European Organization for Nuclear Research)","repository","Flores Álvarez","4","","0","Greenhouse Technology and Climate Control","Agricultural and Biological Sciences","Life Sciences","1","1"
"W7204604684","10.1016/j.jrurstud.2026.104388","2026","article","Bridging intuition and digitalization: Decision-making in regenerative agriculture","Journal of Rural Studies","journal","Joni Kukkamäki","5","FI","0","Smart Agriculture and AI","Agricultural and Biological Sciences","Life Sciences","1","1"
"W4402851558","10.30852/sb.2024.2570","2024","article","Capacity development training workshop on crop simulation modelling and effects of climate risks on agricultural production systems in Southeast Asia","APN Science Bulletin","journal","Mohan Geetha","5","JP;US;TH","0","Climate change impacts on agriculture","Agricultural and Biological Sciences","Life Sciences","1","1"
"W4410461005","10.1016/j.sciaf.2025.e02759","2025","article","Business case analytics for avocado, chili and poultry value chains in Rwanda: Implications on Job Creation","Scientific African","journal","Wisdom Richard Mgomezulu","5","KE","0","Supply Chain Resilience and Risk Management","Business, Management and Accounting","Social Sciences","1","0"
"W4414220276","10.35585/inspir.v15i1.102","2025","article","Implementation of Digital Image to Determine the Quality of Bali Beef Using a Web-Based CNN Algorithm","Inspiration Jurnal Teknologi Informasi dan Komunikasi","journal","Ulil Amri","3","ID","0","Food Supply Chain Traceability","Agricultural and Biological Sciences","Life Sciences","1","0"
"W4409645013","10.63544/ijss.v2i4.68","2023","article","The Green Edge of Advanced Technology Drives Sustainable Environmental and Business Growth","Inverge Journal of Social Sciences","journal","Monir Ahmad Meahrayen","1","CN","0","Sustainable Industrial Ecology","Engineering","Physical Sciences","1","1"
"W4313163618","10.26416/farm.207.4.2022.7093","2022","article","The importance of interdisciplinarity and technological transfer","Farmacist ro","journal","Irina Mihaela Matran","4","","0","Biomedical Ethics and Regulation","Medicine","Health Sciences","1","0"
"W4411395299","10.64026/jssf/2025002","2025","article","Foundations and Challenges of Big Data Analytics for Agricultural Systems","Journal of Smart and Sustainable Farming","journal","Dong Samuel Taye Galu","1","","0","Smart Agriculture and AI","Agricultural and Biological Sciences","Life Sciences","1","0"
"W4410824889","10.32782/business-navigator.80-35","2025","article","AGRITECH-SYSTEM AS A PARADIGM FOR IMPLEMENTING SMART TECHNOLOGIES IN THE AGRICULTURAL SECTOR","Business Navigator","journal","Dmytro Saulko","1","","0","Digitalization and Economic Development in Agriculture","Business, Management and Accounting","Social Sciences","1","1"
"W7104249646","10.5281/zenodo.17532805","2023","article","An inclusive EU-level Living Lab (D1.2)","Zenodo (CERN European Organization for Nuclear Research)","repository","Fabio, Bucollini","9","","0","Marine Bivalve and Aquaculture Studies","Environmental Science","Physical Sciences","1","1"
"W7140616097","10.1007/s11694-026-04244-7","2026","article","TSNet with sigma-adaptive spectral sampling for tea moisture monitoring","Journal of Food Measurement & Characterization","journal","Yisen Kang","9","CN","0","Smart Agriculture and AI","Agricultural and Biological Sciences","Life Sciences","0","0"
"W4317769561","10.5281/zenodo.7559868","2023","article","COMPARITIVE STUDY OF ARIMA AND ANN FOR TIME SERIES PREDICTION OF BLACKGRAM PRICES OF ANDHRA PRADESH","Zenodo (CERN European Organization for Nuclear Research)","repository","COMPARITIVE STUDY OF ARIMA AND ANN FOR TIME SERIES PREDICTION OF BLACKGRAM PRICES OF ANDHRA PRADESH","1","","0","Hermeneutics and Narrative Identity","Arts and Humanities","Social Sciences","1","1"
"W7104247524","10.5281/zenodo.17532804","2023","article","An inclusive EU-level Living Lab (D1.2)","Zenodo (CERN European Organization for Nuclear Research)","repository","Fabio, Bucollini","9","","0","Marine Bivalve and Aquaculture Studies","Environmental Science","Physical Sciences","1","1"
"W4413334981","10.3389/fmed.2025.1668365","2025","article","Large language models and the future of gastroenterology: dissecting the biopolitics of data in a global health ecosystem","Frontiers in Medicine","journal","Bilal Irfan","2","US","3","Colorectal Cancer Screening and Detection","Medicine","Health Sciences","1","1"
"W7164306969","10.1016/j.catena.2026.110307","2026","article","Spatiotemporal scaling of gully erosion susceptibility: Integrating seasonal dynamics across regional and watershed contexts","CATENA","journal","Yanyan Xu","8","CN;BE;IR","0","Soil erosion and sediment transport","Agricultural and Biological Sciences","Life Sciences","0","0"
"W7155410997","10.1057/s41599-026-07193-0","2026","article","Mapping Lebanon’s industrial landscape: a data-driven assessment of sectoral strengths and regional disparities","Humanities and Social Sciences Communications","journal","Omar Alhajj","6","LB","0","Economic and Technological Innovation","Economics, Econometrics and Finance","Social Sciences","1","1"
"W4413186843","10.18406/2316-1817v17nunico20251956","2025","article","Management and edaphoclimatic factors that determine soybean top-performing farmers in Brazil","Revista Agrogeoambiental","journal","Victor Delino Barasuol Scarton","8","BR","0","Soybean genetics and cultivation","Agricultural and Biological Sciences","Life Sciences","1","1"
"W4408972240","10.55041/isjem02504","2025","article","IoT based Smart Poultry Farm Monitoring System","International Scientific Journal of Engineering and Management","journal","S Naveenkumar","4","","0","Animal Virus Infections Studies","Agricultural and Biological Sciences","Life Sciences","1","1"
"W7160405887","10.14288/1.0452233","2026","article","Developing an image processing system for apple trait analysis","Open Collections","repository","Om Mistry","1","","0","Smart Agriculture and AI","Agricultural and Biological Sciences","Life Sciences","1","0"
"W4416027100","10.38124/ijisrt/25oct1432","2025","article","Risk Assessment Models Identify Potential Supply Chain Disruptions Through Scenario Analysis Monte Carlo Simulation Predictive Analytics","","","Benjamin Yaw Kokroko","3","US","0","Supply Chain Resilience and Risk Management","Business, Management and Accounting","Social Sciences","1","1"
"W7166578777","10.3390/foods15132305","2026","article","A Trajectory-Regularized Physics-Informed Hybrid Framework for Specialty Fresh Food Commodity Price Forecasting and Market Stability Monitoring","Foods","journal","Feng Li","12","CN","0","Forecasting Techniques and Applications","Decision Sciences","Social Sciences","1","0"
"W7167070252","10.1002/jsfa.70849","2026","article","Spatiotemporal self‐attention network ST ‐ GranNet for granary temperature prediction","Journal of the Science of Food and Agriculture","journal","Changtian Li","7","CN","0","Smart Agriculture and AI","Agricultural and Biological Sciences","Life Sciences","1","1"
"W7160016142","10.1016/j.tifs.2026.105793","2026","article","Non-destructive diagnostics and early-warning systems for Penicillium rot in fresh produce: A review of emerging technologies","Trends in Food Science & Technology","journal","Wenpeng Ma","4","CN;JP","0","Listeria monocytogenes in Food Safety","Biochemistry, Genetics and Molecular Biology","Life Sciences","0","0"
"W4411884544","10.33545/26180723.2025.v8.i6h.2086","2025","article","Harnessing advanced NLP for multidimensional CEO leadership analysis: A qualitative lexical network and literal approach","International Journal of Agriculture Extension and Social Development","journal","Soumyadeep Thakur","2","IN","0","Cognitive Science and Mapping","Computer Science","Physical Sciences","1","1"
"W3186135820","10.22067/jam.2021.69805.1034","2022","article","A Data-driven Model for Predicting the Yield of Recoverable Sugar from Sugarcane","DOAJ (DOAJ: Directory of Open Access Journals)","repository","F. Nadernejad","3","IR","0","Sugarcane Cultivation and Processing","Agricultural and Biological Sciences","Life Sciences","1","1"
"W7113142570","","2025","article","Qanaah Enterprise: integrating faith, technology, and sustainability in smart organic farming","The International Islamic University Malaysia Repository (The International Islamic University Malaysia)","repository","Mhd. Sarif, Suhaimi","4","","0","Halal products and consumer behavior","Social Sciences","Social Sciences","1","1"
"W7203646208","10.1016/j.nxener.2026.100897","2026","article","Energy yield point prediction using federated learning models for a Wind Farm at Laos","Next Energy","journal","Sana Tameer","2","","0","Energy Load and Power Forecasting","Engineering","Physical Sciences","1","1"
"W7204486258","10.3389/fsufs.2026.1761050","2026","article","A cybernetic framework for transformative food system change: sustainable landscape management in West and Central Africa","Frontiers in Sustainable Food Systems","journal","N. Sobratee-Fajurally","4","ET;LK;ZA;CA;GB","0","Complex Systems and Decision Making","Decision Sciences","Social Sciences","1","1"
"W7153435833","10.1016/j.jfoodeng.2026.113119","2026","article","Electrochemical impedance spectroscopy and equivalent electric circuits for rapid detection of freeze damage in Fuji apples: a methods case study","Journal of Food Engineering","journal","Tomás Prieto Calabuig","3","ES","0","Postharvest Quality and Shelf Life Management","Agricultural and Biological Sciences","Life Sciences","1","0"
"W4414335275","10.53894/ijirss.v8i6.9908","2025","article","Smart IoT-based visual detection system for aquaculture monitoring using YOLO and edge computing","International Journal of Innovative Research and Scientific Studies","journal","Rungtiva Saosing","2","TH","0","Water Quality Monitoring Technologies","Environmental Science","Physical Sciences","1","1"
"W4388529101","10.1093/jas/skad281.054","2023","article","151 Depth Video Data-Enabled Predictions of Longitudinal Dairy Cow Body Weight Using Thresholding and Mask R-Cnn Algorithms","Journal of Animal Science","journal","Ye Bi","6","US","0","Effects of Environmental Stressors on Livestock","Agricultural and Biological Sciences","Life Sciences","1","1"
"W7124455274","10.3390/jrfm19010073","2026","article","Credit Risk Index as a Support Tool for the Financial Inclusion of Smallholder Coffee Producers","Journal of risk and financial management","journal","María-Cristina Ordoñez","4","","0","Financial Distress and Bankruptcy Prediction","Business, Management and Accounting","Social Sciences","1","1"
"W7204964909","10.66572/ajomait.2026.v5.i12.97241","2026","article","Role of Digital Agriculture in Enhancing Farm Productivity and Rural Livelihoods","American Journal of Multidisciplinary AI & Technology","journal","","0","","0","Smart Agriculture and AI","Agricultural and Biological Sciences","Life Sciences","1","1"
"W4414777531","10.17509/pdgia.v22i1.66766","2024","article","Optimizing Collaboration Skills in Vocational Students with Discovery Learning and Project-Based Learning","PEDAGOGIA Jurnal Ilmu Pendidikan","journal","Hanifah Kusumaningrum","5","ID","0","Engineering Education and Curriculum Development","Engineering","Physical Sciences","1","0"
"W7162436045","10.1108/jadee-06-2025-0251","2026","article","Optimizing agricultural portfolios under uncertainty: a deep reinforcement learning approach with risk and cost constraints in emerging markets","Journal of Agribusiness in Developing and Emerging Economies","journal","Yesser Drira","3","TN","0","Market Dynamics and Volatility","Economics, Econometrics and Finance","Social Sciences","1","1"
"W4415175165","10.47709/brilliance.v5i2.6811","2025","article","Optimizing Bit Depth for Longan Seedling Identification Using ANN and GLCM","Brilliance Research of Artificial Intelligence","journal","Rizki Andika","3","ID","0","Engineering Applied Research","Engineering","Physical Sciences","1","0"
"W4389131143","10.4103/ipj.ipj_248_23","2023","article","The COVID-19 pandemic: Lessons learned","Industrial Psychiatry Journal","journal","Jyoti Prakash","5","IN","3","COVID-19 epidemiological studies","Mathematics","Physical Sciences","1","1"
"W7166659064","10.3390/app16136534","2026","article","Thermal Imaging-Based Detection of Sow and Piglet Behaviors Under Imbalanced Conditions in Commercial Farrowing Pens","Applied Sciences","journal","Chia-Ying Chang","1","TW","0","Animal Behavior and Welfare Studies","Veterinary","Health Sciences","1","1"
"W7171387455","10.5713/ab.260424","2026","article","A decision support framework for reliable early prediction of long-term cumulative milk yield in dairy cows","Animal Bioscience","journal","Jae-Woo Song","5","KR","0","Reproductive Physiology in Livestock","Agricultural and Biological Sciences","Life Sciences","1","1"
"W4413448584","10.1016/j.smallrumres.2025.107590","2025","article","Surveillance and farmer perception of gastrointestinal nematode infections in sheep farms: A 10-year retrospective study","Small Ruminant Research","journal","Giuseppe Martone","8","IT","0","Helminth infection and control","Veterinary","Health Sciences","0","0"
"W7129013460","10.22077/jwhr.2025.10040.1187","2025","article","Predicting the Gray Water Footprint and Water Use Efficiency in Farms Using ML Models (Case Study: Lorestan Province)","DOAJ (DOAJ: Directory of Open Access Journals)","repository","Athare Khakshour","4","IR","0","Environmental Impact and Sustainability","Environmental Science","Physical Sciences","1","1"
"W2922493671","","2018","article","Development of a custom-made Network Infrastructure with End-User Services and an hyper-converged NLP Assistant","","","Marco Schiapparelli","1","","0","Service-Oriented Architecture and Web Services","Computer Science","Physical Sciences","1","1"
"W4410059218","10.52783/jisem.v10i41s.7754","2025","article","Enhancing Agricultural Forecasting with an Ensemble Learning Approach for Broccoli Yield Prediction","Journal of Information Systems Engineering & Management","journal","G.Alexandar Narkunam","1","","0","Spectroscopy and Chemometric Analyses","Chemistry","Physical Sciences","1","1"
"W4400612216","10.21275/sr24705015320","2024","article","An Ontology Based Approach for Plant Pests and Diseases Diagnosing and Control","International Journal of Science and Research (IJSR)","journal","Amani Falah Alharbi","5","SA;DE","0","Service-Oriented Architecture and Web Services","Computer Science","Physical Sciences","1","1"
"W4205154449","10.1561/2300000069","2021","article","Robotics in the AI era: A vision for a Hellenic Robotics Initiative","Foundations and Trends in Robotics","journal","Kostas Daniilidis","9","US;GR;CH","0","Computability, Logic, AI Algorithms","Computer Science","Physical Sciences","1","1"
"W4281854331","10.5281/zenodo.6625831","2022","article","Spatial Data Mining in Agriculture for Estimation of Crop Price","Zenodo (CERN European Organization for Nuclear Research)","repository","Deepa S.T","1","","0","Food Supply Chain Traceability","Agricultural and Biological Sciences","Life Sciences","1","0"
"W4281787096","10.5281/zenodo.6625783","2022","article","Spatial Data Mining in Agriculture for Estimation of Crop Price","Zenodo (CERN European Organization for Nuclear Research)","repository","Deepa S.T","1","","0","Food Supply Chain Traceability","Agricultural and Biological Sciences","Life Sciences","1","0"
"W7127132816","10.1051/shsconf/202521601055/pdf","2025","article","Enhancing Yield Estimation and Field Zoning Accuracy in Precision Agriculture Using Solar-Powered Drone-Based Remote Sensing","Springer Link (Chiba Institute of Technology)","repository","Haider Mohammed Abbas","3","","0","Remote Sensing in Agriculture","Environmental Science","Physical Sciences","1","1"
"W7116439365","10.5281/zenodo.18003752","2025","article","AI‑Driven Resilience in Ukraine's Post‑War Economy","Zenodo (CERN European Organization for Nuclear Research)","repository","Rybka Denys","2","","0","Environmental and Biological Research in Conflict Zones","Environmental Science","Physical Sciences","1","1"
"W7116291842","10.5281/zenodo.18003753","2025","article","AI‑Driven Resilience in Ukraine's Post‑War Economy","Zenodo (CERN European Organization for Nuclear Research)","repository","Rybka Denys","2","","0","Environmental and Biological Research in Conflict Zones","Environmental Science","Physical Sciences","1","1"
"W7160313421","10.1016/j.atech.2026.102187","2026","article","From digital production data to decision support: Insights from participant observations in fruit-growing farm enterprises","Smart Agricultural Technology","journal","Luis Müller","3","DE","0","Food Supply Chain Traceability","Agricultural and Biological Sciences","Life Sciences","1","1"
"W7163589925","10.5281/zenodo.20539624","2026","article","Price Dynamics and Forecasting of Green Gram prices in Telangana Using Agricultural Algorithms","Zenodo (CERN European Organization for Nuclear Research)","repository","Dr. A Meena","3","IN","0","Forecasting Techniques and Applications","Decision Sciences","Social Sciences","1","1"
"W7164357855","10.1007/s12161-026-03170-0","2026","article","Emerging Non-destructive Technologies for Indirect Assessment and Prediction of Physical and Physicochemical Quality of Corn Grains as an Alternative to Physical Classification","Food Analytical Methods","journal","Rosana Santos de Moraes","8","BR","0","Spectroscopy and Chemometric Analyses","Chemistry","Physical Sciences","1","0"
"W7163526489","10.5281/zenodo.20539625","2026","article","Price Dynamics and Forecasting of Green Gram prices in Telangana Using Agricultural Algorithms","Zenodo (CERN European Organization for Nuclear Research)","repository","Dr. A Meena","3","IN","0","Forecasting Techniques and Applications","Decision Sciences","Social Sciences","1","1"
"W4415144841","10.64388/irev9i4-1711189-8606","2025","article","Improved Real-Time Weed Detection and Assessment Framework Using an Enhanced Yolov8n Model","Iconic Research and Engineering Journals","journal","Chimezie Fredrick Ugwu","2","NG","0","Smart Agriculture and AI","Agricultural and Biological Sciences","Life Sciences","1","1"
"W4410186638","10.26562/ijirae.2025.v1204.07","2025","article","Enhancing Leaf Disease Detection in Short - Statured Crops Using a Smart Agribot With Sensor Fusion and Image Analysis","International Journal of Innovative Research in Advanced Engineering","journal","Basith Shaikh","4","IN","0","Smart Agriculture and AI","Agricultural and Biological Sciences","Life Sciences","1","1"
"W4416765887","10.1099/mgen.0.001693","2026","article","Genome-based source attribution using a One Health Escherichia coli isolate collection from 2013 to 2023 in Scotland","Microbial Genomics","journal","Antonia Chalka","38","GB","0","Fecal contamination and water quality","Environmental Science","Physical Sciences","1","1"
"W7162632639","10.5281/zenodo.20396815","2026","article","From Research to Impact: ATU Research-Informed, Industry-Linked Policy Brief Series - Academic Year 2025/2026","Zenodo (CERN European Organization for Nuclear Research)","repository","Shane Francis Conway","3","IE","0","Research, Science, and Academia","Decision Sciences","Social Sciences","1","1"
"W7162697082","10.5281/zenodo.20396814","2026","article","From Research to Impact: ATU Research-Informed, Industry-Linked Policy Brief Series - Academic Year 2025/2026","Zenodo (CERN European Organization for Nuclear Research)","repository","Shane Francis Conway","3","IE","0","Research, Science, and Academia","Decision Sciences","Social Sciences","1","1"
"W4410170474","10.53555/kuey.v29i4.9988","2023","article","Cloud-Based Analytics for Sustainable Agriculture: Leveraging AI to Bridge Farming and Rural Health Outcomes","","","Sathya Kannan","1","","0","COVID-19 Pandemic Impacts","Economics, Econometrics and Finance","Social Sciences","1","1"
"W3044345970","10.1093/af/vfaa017","2020","article","Training the next generation of animal scientists for South Africa","Animal Frontiers","journal","Rulien Grobler","10","ZA;US","5","Veterinary Practice and Education Studies","Health Professions","Health Sciences","1","1"
"W7126435698","10.1093/af/vfag003","2026","article","Unlocking the potential of computer vision in precision pig farming: a call for a collaborative data and AI models platform","Animal Frontiers","journal","Hassan Nasser","2","CH","1","Animal Behavior and Welfare Studies","Veterinary","Health Sciences","1","1"
"W7170079565","10.1108/meq-03-2025-0179","2026","article","Customer-based sustainable product design: a data-driven approach","Management of Environmental Quality An International Journal","journal","Najeeb Arghistani","2","IT","0","Sustainable Supply Chain Management","Business, Management and Accounting","Social Sciences","1","1"
"W3213701794","","2018","article","IMPLEMENTING BUSINESS INTELLIGENCE SOFTWARE AS A TOOL FOR ENHANCING QUALITY OF DECISION MAKING IN MARKETING DIVISION: A CASE IN STARTUP COMPANY (IWAK)","","","Riana Dhiah Prameswari Ananto","2","","0","Big Data and Business Intelligence","Business, Management and Accounting","Social Sciences","1","1"
"W4414402415","10.36887/2524-0455-2025-4-7","2025","article","Digitalization of marketing and digitization of logistics processes in agricultural enterprises as key factors for successful European integration","Actual problems of innovative economy and law","journal","Тетяна Устік","1","","0","Agriculture Market Analysis Ukraine","Agricultural and Biological Sciences","Life Sciences","1","1"
"W4281847926","10.1002/fsat.3602_3.x","2022","article","From the President and IFST News","Food Science and Technology","journal","Helen Munday","1","","1","Artificial Intelligence Applications","Computer Science","Physical Sciences","1","1"
"W4294043782","10.1002/fsat.3603_2.x","2022","article","International & Home News","Food Science and Technology","journal","Melanie Brown","1","","0","Agriculture Sustainability and Environmental Impact","Environmental Science","Physical Sciences","1","1"
"W3008482289","10.1002/fsat.3202_3.x","2018","article","From the President and News","Food Science and Technology","journal","David Gregory","1","","0","Fisheries and Aquaculture Studies","Agricultural and Biological Sciences","Life Sciences","1","1"
"W4407595053","10.52340/eab.2024.16.04.03","2025","article","Some Issues of Food Security in Georgia","Economics and Business","journal","zanda meskhidze","1","GE","0","Global Socioeconomic and Political Dynamics","Economics, Econometrics and Finance","Social Sciences","1","1"
"W7140595551","10.3389/fagro.2026.1724331","2026","article","Have we given up on IPM? Lessons from the Nordic cereal frontier - a critical review","Frontiers in Agronomy","journal","Salim Ahmed Bourras","3","SE","0","Wheat and Barley Genetics and Pathology","Agricultural and Biological Sciences","Life Sciences","1","1"
"W7124721202","10.3389/finmi.2025.1757656","2026","article","Are we misreading microbial value? Reframing industrial relevance through regenerative systems thinking","Frontiers in Industrial Microbiology","journal","Priscilla Zwiercheczewski de Oliveira","2","BE;BR","0","Microbial Metabolic Engineering and Bioproduction","Biochemistry, Genetics and Molecular Biology","Life Sciences","1","1"
"W4281906935","10.1002/fsat.3602_11.x","2022","article","Cybersecurity: threats and solutions","Food Science and Technology","journal","","0","","0","Food Supply Chain Traceability","Agricultural and Biological Sciences","Life Sciences","1","1"
"W2902433624","10.1215/08879982-6817889","2018","article","The King Midas Monoculture","Tikkun","journal","Edgar S. Cahn","1","","0","Regional Development and Management Studies","Economics, Econometrics and Finance","Social Sciences","1","1"
"W7132825296","10.1093/af/vfag009","2026","article","Developing a new digital vision for rangeland grazing systems","Animal Frontiers","journal","Claire Morgan‐Davies","5","GB","0","Pasture and Agricultural Systems","Agricultural and Biological Sciences","Life Sciences","1","1"
